<?xml version="1.0" encoding="UTF-8"?>
<beans xmlns="http://www.springframework.org/schema/beans"
	xmlns:xsi="http://www.w3.org/2001/XMLSchema-instance" xmlns:p="http://www.springframework.org/schema/p"
	xmlns:context="http://www.springframework.org/schema/context"
	xsi:schemaLocation="
	http://www.springframework.org/schema/beans http://www.springframework.org/schema/beans/spring-beans-3.0.xsd
	http://www.springframework.org/schema/context http://www.springframework.org/schema/context/spring-context-3.0.xsd">


	<bean id="redisConfig" class="redis.clients.jedis.JedisPoolConfig">
		<property name="testWhileIdle" value="true" />
	</bean>

	<bean id="redisPool" class="redis.clients.jedis.JedisPool"
		destroy-method="destroy">
		<constructor-arg ref="redisConfig" />
		<constructor-arg value="127.0.0.1" />
		<constructor-arg type="int" value="6379" />
	</bean>

	<bean id="cache" class="com.glaf.core.cache.redis.RedisCacheImpl">
		<property name="redisPool" ref="redisPool" />
	</bean>

</beans>
