﻿<?xml version="1.0" encoding="UTF-8"?>
<process-definition xmlns="urn:jbpm.org:jpdl-3.2"
	name="ApplicationProcess">
	<description>采购申请审批流程</description>
	<swimlane name="starter">
		<assignment class="com.glaf.jbpm.assignment.GeneralAssignment">
		</assignment>
	</swimlane>
	<swimlane name="submiter">
		<assignment class="com.glaf.jbpm.assignment.ProcessStarterAssignment">
		</assignment>
	</swimlane>
	<!--财务会计 -->
	<action name="create_task02" class="com.glaf.jbpm.action.SqlMapTaskInstanceAction">
		<leaveNodeIfActorNotAvailable>
			true
		</leaveNodeIfActorNotAvailable>
		<taskName>task02</taskName>
		<queryId>getXYDeptRoleUsers</queryId>
		<roleId>KJ</roleId>
		<deptId>#P{deptId01}</deptId>
	</action>
	<!--规划发展科担当 -->
	<action name="create_task03" class="com.glaf.jbpm.action.SqlMapTaskInstanceAction">
		<leaveNodeIfActorNotAvailable>
			true
		</leaveNodeIfActorNotAvailable>
		<taskName>task03</taskName>
		<queryId>getXYDeptRoleUsers</queryId>
		<roleId>GHDD</roleId>
		<deptId>#P{deptId02}</deptId>
	</action>
	<!--预算员 -->
	<action name="create_task04" class="com.glaf.jbpm.action.SqlMapTaskInstanceAction">
		<leaveNodeIfActorNotAvailable>
			true
		</leaveNodeIfActorNotAvailable>
		<taskName>task04</taskName>
		<queryId>getXYDeptRoleUsers</queryId>
		<roleId> YSGLY</roleId>
		<deptId>#P{deptId03}</deptId>
	</action>
	<!--申请科长 -->
	<action name="create_task05" class="com.glaf.jbpm.action.SqlMapTaskInstanceAction">
		<leaveNodeIfActorNotAvailable>
			true
		</leaveNodeIfActorNotAvailable>
		<taskName>task05</taskName>
		<queryId>getXYDeptRoleUsers</queryId>
		<roleIds>
			<roleId>SGKZ</roleId>
			<roleId>SGKZJP</roleId>
		</roleIds>
		<deptId>#P{deptId04}</deptId>
	</action>
	<!--规划科长 -->
	<action name="create_task05_1" class="com.glaf.jbpm.action.SqlMapTaskInstanceAction">
		<leaveNodeIfActorNotAvailable>
			true
		</leaveNodeIfActorNotAvailable>
		<taskName>task05_1</taskName>
		<queryId>getXYDeptRoleUsers</queryId>
		<roleId>GHKZ</roleId>
		<deptId>#P{deptId04_1}</deptId>
	</action>
	<!--申请部长 -->
	<action name="create_task06" class="com.glaf.jbpm.action.SqlMapTaskInstanceAction">
		<leaveNodeIfActorNotAvailable>
			true
		</leaveNodeIfActorNotAvailable>
		<taskName>task06</taskName>
		<queryId>getXYDeptRoleUsers</queryId>
		<roleIds>
			<roleId>SGBZ</roleId>
			<roleId>SGBZJP</roleId>
		</roleIds>
		<deptId>#P{deptId05}</deptId>
	</action>
	<!--事业企划部长 -->
	<action name="create_task06_1" class="com.glaf.jbpm.action.SqlMapTaskInstanceAction">
		<leaveNodeIfActorNotAvailable>
			true
		</leaveNodeIfActorNotAvailable>
		<taskName>task06_1</taskName>
		<queryId>getXYDeptRoleUsers</queryId>
		<roleId>GHBZ</roleId>
		<deptId>#P{deptId05_1}</deptId>
	</action>
	<!--项目组PL -->
	<action name="create_task07" class="com.glaf.jbpm.action.DynamicTaskInstances">
		<leaveNodeIfActorNotAvailable>
			true
		</leaveNodeIfActorNotAvailable>
		<taskName>task07</taskName>
		<dynamicActors>projectPL</dynamicActors>
	</action>
	<!--项目组LPL -->
	<action name="create_task08" class="com.glaf.jbpm.action.DynamicTaskInstances">
		<leaveNodeIfActorNotAvailable>
			true
		</leaveNodeIfActorNotAvailable>
		<taskName>task08</taskName>
		<dynamicActors>projectLPL</dynamicActors>
	</action>
	<!--归口PL -->
	<action name="create_task09" class="com.glaf.jbpm.action.SqlMapTaskInstanceAction">
		<leaveNodeIfActorNotAvailable>
			true
		</leaveNodeIfActorNotAvailable>
		<taskName>task09</taskName>
		<queryId>getXYDeptRoleUsers</queryId>
		<roleId> GKPL</roleId>
		<deptId>#P{deptId06}</deptId>
	</action>
	<!--归口LPL -->
	<action name="create_task10" class="com.glaf.jbpm.action.SqlMapTaskInstanceAction">
		<leaveNodeIfActorNotAvailable>
			true
		</leaveNodeIfActorNotAvailable>
		<taskName>task10</taskName>
		<queryId>getXYDeptRoleUsers</queryId>
		<roleId>GKLPL</roleId>
		<deptId>#P{deptId07}</deptId>
	</action>
	<!--采购收单 -->
	<action name="create_task11" class="com.glaf.jbpm.action.SqlMapTaskInstanceAction">
		<leaveNodeIfActorNotAvailable>
			true
		</leaveNodeIfActorNotAvailable>
		<taskName>task11</taskName>
		<queryId>getXYDeptRoleUsers</queryId>
		<roleId>CGKZ</roleId>
		<deptId>#P{deptId08}</deptId>
	</action>
	<!--补充资料 -->
	<action name="create_task12" class="com.glaf.jbpm.action.SqlMapTaskInstanceAction">
		<leaveNodeIfActorNotAvailable>
			true
		</leaveNodeIfActorNotAvailable>
		<taskName>task12</taskName>
		<queryId>getXYDeptRoleUsers</queryId>
		<roleId> SQDD</roleId>
		<deptId>#P{deptId09}</deptId>
	</action>
	<action name="create_task88" class="com.glaf.jbpm.action.SqlMapTaskInstanceAction">
		<leaveNodeIfActorNotAvailable>
			true
		</leaveNodeIfActorNotAvailable>
		<taskName>task88</taskName>
		<queryId>getXYDeptRoleUsers</queryId>
		<roleId>CGXN</roleId>
	</action>
	<!--提交 -->
	<action name="xyz_1000" class="com.glaf.jbpm.action.SQLAction">
		<sql>
			UPDATE ${tableName}
			SET sProcessInstId = ?, iAppStatus
			= 10,
			IBMPSTATUS = 1000 WHERE IID =
			?
		</sql>
		<elements element-type="org.dom4j.Element">
			<element value-type="java.lang.String">
				<key>processInstanceId</key>
				<value>#{processInstanceId}</value>
			</element>
			<element value-type="java.lang.String">
				<key>rowId</key>
				<value>#{rowId}</value>
			</element>
		</elements>
	</action>
	<!--修改重新提交 -->
	<action name="xyz_1050" class="com.glaf.jbpm.action.SQLAction">
		<sql>
			UPDATE ${tableName}
			SET iAppStatus= 10, IBMPSTATUS
			= 1000 WHERE
			IID = ?
		</sql>
		<elements element-type="org.dom4j.Element">
			<element value-type="java.lang.String">
				<key>rowId</key>
				<value>#{rowId}</value>
			</element>
		</elements>
	</action>
	<!--财务会计审批通过 -->
	<action name="xyz_1002" class="com.glaf.jbpm.action.SQLAction">
		<sql>
			UPDATE ${tableName} SET
			iAppStatus = 20, IBMPSTATUS
			= 1004
			WHERE IID = ?
		</sql>
		<elements element-type="org.dom4j.Element">
			<element value-type="java.lang.String">
				<key>rowId</key>
				<value>#{rowId}</value>
			</element>
		</elements>
	</action>
	<!--规划担当审批通过 -->
	<action name="xyz_1010" class="com.glaf.jbpm.action.SQLAction">
		<sql>
			UPDATE ${tableName} SET
			iAppStatus = 30, IBMPSTATUS
			= 1008
			WHERE IID = ?
		</sql>
		<elements element-type="org.dom4j.Element">
			<element value-type="java.lang.String">
				<key>rowId</key>
				<value>#{rowId}</value>
			</element>
		</elements>
	</action>
	<!--预算员审批通过 -->
	<action name="xyz_1015" class="com.glaf.jbpm.action.SQLAction">
		<sql>
			UPDATE ${tableName} SET
			iAppStatus = 35, IBMPSTATUS
			= 1010
			WHERE IID = ?
		</sql>
		<elements element-type="org.dom4j.Element">
			<element value-type="java.lang.String">
				<key>rowId</key>
				<value>#{rowId}</value>
			</element>
		</elements>
	</action>
	<!--申请科长审批通过 -->
	<action name="xyz_1020" class="com.glaf.jbpm.action.SQLAction">
		<sql>
			UPDATE ${tableName} SET
			iAppStatus = 40, IBMPSTATUS
			= 1012
			WHERE IID = ?
		</sql>
		<elements element-type="org.dom4j.Element">
			<element value-type="java.lang.String">
				<key>rowId</key>
				<value>#{rowId}</value>
			</element>
		</elements>
	</action>
	<!--规划科长审批通过 -->
	<action name="xyz_1023" class="com.glaf.jbpm.action.SQLAction">
		<sql>
			UPDATE ${tableName} SET
			iAppStatus = 63, IBMPSTATUS
			= 1024
			WHERE IID = ?
		</sql>
		<elements element-type="org.dom4j.Element">
			<element value-type="java.lang.String">
				<key>rowId</key>
				<value>#{rowId}</value>
			</element>
		</elements>
	</action>
	<!--申请部长审批通过 -->
	<action name="xyz_1026" class="com.glaf.jbpm.action.SQLAction">
		<sql>
			UPDATE ${tableName} SET
			iAppStatus = 46, IBMPSTATUS
			= 1016
			WHERE IID = ?
		</sql>
		<elements element-type="org.dom4j.Element">
			<element value-type="java.lang.String">
				<key>rowId</key>
				<value>#{rowId}</value>
			</element>
		</elements>
	</action>
	<!--事业企划部长审批 -->
	<action name="xyz_1029" class="com.glaf.jbpm.action.SQLAction">
		<sql>
			UPDATE ${tableName} SET
			iAppStatus = 64, IBMPSTATUS
			= 1028
			WHERE IID = ?
		</sql>
		<elements element-type="org.dom4j.Element">
			<element value-type="java.lang.String">
				<key>rowId</key>
				<value>#{rowId}</value>
			</element>
		</elements>
	</action>
	<!--项目组审批通过 -->
	<action name="xyz_1030" class="com.glaf.jbpm.action.SQLAction">
		<sql>
			UPDATE ${tableName} SET
			iAppStatus = 50, IBMPSTATUS
			= 1020
			WHERE IID = ?
		</sql>
		<elements element-type="org.dom4j.Element">
			<element value-type="java.lang.String">
				<key>rowId</key>
				<value>#{rowId}</value>
			</element>
		</elements>
	</action>
	<!--归口PL、LPL审批通过 -->
	<action name="xyz_1040" class="com.glaf.jbpm.action.SQLAction">
		<sql>
			UPDATE ${tableName} SET
			iAppStatus = 60, IBMPSTATUS
			= 1022
			WHERE IID = ?
		</sql>
		<elements element-type="org.dom4j.Element">
			<element value-type="java.lang.String">
				<key>rowId</key>
				<value>#{rowId}</value>
			</element>
		</elements>
	</action>
	<!--采购内部处理 -->
	<action name="xyz_8888" class="com.glaf.jbpm.action.SQLAction">
		<sql>
			UPDATE ${tableName} SET
			iAppStatus = 70, IBMPSTATUS
			= 8888
			WHERE
			IID = ?
		</sql>
		<elements element-type="org.dom4j.Element">
			<element value-type="java.lang.String">
				<key>rowId</key>
				<value>#{rowId}</value>
			</element>
		</elements>
	</action>
	<!--采购收单 -->
	<action name="xyz_9999" class="com.glaf.jbpm.action.SQLAction">
		<sql>
			UPDATE ${tableName} SET
			IBMPSTATUS
			= 9999
			WHERE
			IID = ?
		</sql>
		<elements element-type="org.dom4j.Element">
			<element value-type="java.lang.String">
				<key>rowId</key>
				<value>#{rowId}</value>
			</element>
		</elements>
	</action>
	<!--补充资料 -->
	<action name="xyz_1055" class="com.glaf.jbpm.action.SQLAction">
		<sql>
			UPDATE ${tableName} SET
			iAppStatus = 65, IBMPSTATUS
			= 1024
			WHERE
			IID = ?
		</sql>
		<elements element-type="org.dom4j.Element">
			<element value-type="java.lang.String">
				<key>rowId</key>
				<value>#{rowId}</value>
			</element>
		</elements>
	</action>
	<action name="xyz_5555" class="com.glaf.jbpm.action.SQLAction">
		<sql>
			UPDATE ${tableName} SET
			iAppStatus = 0, IBMPSTATUS
			= -5555
			WHERE IID = ?
		</sql>
		<elements element-type="org.dom4j.Element">
			<element value-type="java.lang.String">
				<key>rowId</key>
				<value>#{rowId}</value>
			</element>
		</elements>
	</action>

	<action name="EndCounterSigningAction" class="com.glaf.jbpm.action.EndCounterSigningAction">
		<expression>#{isAgree eq 'false'}</expression>
	</action>

	<action name="ApproveAction" class="com.glaf.jbpm.action.ApproveAction">
	</action>
	<start-state name="启动流程">
		<task name="task0" description="启动流程" swimlane="starter">
			<event type="task-create">
				<action ref-name="xyz_1000" />
			</event>
		</task>
		<transition to="财务会计" name="提交"></transition>
	</start-state>


	<task-node name="重新修改">
		<event type="node-enter">
			<action ref-name="xyz_5555" />
		</event>
		<transition to="财务会计" name="重新提交"></transition>
		<task name="task555" description="重新修改" swimlane="submiter">
		</task>
	</task-node>

	<task-node name="规划担当" create-tasks="false" end-tasks="true"
		signal="first">
		<event type="node-enter">
			<action ref-name="create_task03" />
			<action ref-name="xyz_1002" />
		</event>
		<event type="node-leave">
			<action ref-name="ApproveAction" />
		</event>
		<transition to="规划担当通过"></transition>
		<task name="task03" description="规划预算管理员审核">
		</task>
	</task-node>

	<decision name="财务通过">
		<transition to="重新修改" name="退回">
		  <condition expression="#{isAgree eq 'false'}" />
		</transition>
		<transition to="规划担当">
			<condition expression="#{isAgree eq 'true'}" />
		</transition>
	</decision>

	<task-node name="财务会计" create-tasks="false" end-tasks="true"
		signal="first">
		<event type="node-enter">
			<action ref-name="create_task02" />
			<action ref-name="xyz_1050" />
		</event>
		<event type="node-leave">
			<action ref-name="ApproveAction" />
		</event>
		<transition to="财务通过"></transition>
		<task name="task02" description="财务会计审核">
		</task>
	</task-node>

	<task-node name="业务预算员" create-tasks="false" end-tasks="true"
		signal="first">
		<event type="node-enter">
			<action ref-name="create_task04" />
			<action ref-name="xyz_1010" />
		</event>
		<event type="node-leave">
			<action ref-name="ApproveAction" />
		</event>
		<transition to="预算员通过"></transition>
		<task name="task04" description="预算员审核">
		</task>
	</task-node>

	<task-node name="业务科长" create-tasks="false" end-tasks="true"
		signal="last">
		<event type="node-enter">
			<action ref-name="create_task05" />
			<action ref-name="xyz_1015" />
		</event>
		<event type="node-leave">
			<action ref-name="ApproveAction" />
		</event>
		<transition to="科长通过"></transition>
		<task name="task05" description="科长审核">
			<event type="task-end">
				<action ref-name="EndCounterSigningAction" />
			</event>
		</task>
	</task-node>

	<task-node name="业务部长" create-tasks="false" end-tasks="true"
		signal="last">
		<event type="node-enter">
			<action ref-name="create_task06" />
			<action ref-name="xyz_1020" />
		</event>
		<event type="node-leave">
			<action ref-name="ApproveAction" />
		</event>
		<transition to="部长通过"></transition>
		<task name="task06" description="部长审核">
			<event type="task-end">
				<action ref-name="EndCounterSigningAction" />
			</event>
		</task>
	</task-node>

	<decision name="项目投资?">
		<transition to="项目PL" name="是">
			<condition expression="#{isProject eq 'true'}" />
		</transition>
		<transition to="归口管理？" name="否">
		  <condition expression="#{isProject eq 'false'}"/>
		</transition>
	</decision>

	<task-node name="项目PL" create-tasks="false" end-tasks="true"
		signal="last">
		<event type="node-enter">
			<action ref-name="create_task07" />
			<action ref-name="xyz_1026" />
		</event>
		<event type="node-leave">
			<action ref-name="ApproveAction" />
		</event>
		<transition to="项目PL通过"></transition>
		<task name="task07" description="项目PL审核">
			<event type="task-end">
				<action ref-name="EndCounterSigningAction" />
			</event>
		</task>
	</task-node>

	<task-node name="项目LPL" create-tasks="false" end-tasks="true"
		signal="last">
		<event type="node-enter">
			<action ref-name="create_task08" />
		</event>
		<event type="node-leave">
			<action ref-name="ApproveAction" />
		</event>
		<transition to="项目LPL通过"></transition>
		<task name="task08" description="项目LPL审核">
			<event type="task-end">
				<action ref-name="EndCounterSigningAction" />
			</event>
		</task>
	</task-node>

	<decision name="归口管理？">
		<transition to="规划科长" name="否">
		  <condition expression="#{isCentral eq 'false'}" />	
		</transition>
		<transition to="归口PL" name="是">
			<condition expression="#{isCentral eq 'true'}" />
		</transition>
	</decision>

	<task-node name="归口PL" create-tasks="false" end-tasks="true"
		signal="last">
		<event type="node-enter">
			<action ref-name="create_task09" />
			<action ref-name="xyz_1030" />
		</event>
		<event type="node-leave">
			<action ref-name="ApproveAction" />
		</event>
		<transition to="归口PL通过"></transition>
		<task name="task09" description="归口PL审核">
			<event type="task-end">
				<action ref-name="EndCounterSigningAction" />
			</event>
		</task>
	</task-node>

	<task-node name="归口LPL" create-tasks="false" end-tasks="true"
		signal="last">
		<event type="node-enter">
			<action ref-name="create_task10" />
		</event>
		<event type="node-leave">
			<action ref-name="ApproveAction" />
		</event>
		<transition to="归口LPL通过"></transition>
		<task name="task10" description="归口LPL审核">
			<event type="task-end">
				<action ref-name="EndCounterSigningAction" />
			</event>
		</task>
	</task-node>

	<decision name="规划担当通过">
		<transition to="重新修改" name="退回">
		   <condition expression="#{isAgree eq 'false'}"/>
		</transition>
		<transition to="业务预算员">
			<condition expression="#{isAgree eq 'true'}" />
		</transition>
	</decision>

	<decision name="预算员通过">
		<transition to="业务科长">
			<condition expression="#{isAgree eq 'true'}" />
		</transition>
		<transition to="重新修改" name="退回">
		    <condition expression="#{isAgree eq 'false'}" />
		</transition>
	</decision>

	<decision name="科长通过">
		<transition to="重新修改" name="退回">
		    <condition expression="#{isAgree eq 'false'}" />
		</transition>
		<transition to="业务部长">
		    <condition expression="#{isAgree eq 'true'}"/>
		</transition>
	</decision>

	<decision name="部长通过">
		<transition to="重新修改" name="退回">
			  <condition expression="#{isAgree eq 'false'}" />
		</transition>
		<transition to="项目投资?">
		    <condition expression="#{isAgree eq 'true'}"/>
		</transition>
	</decision>

	<decision name="项目LPL通过">
		<transition to="归口管理？" name="to 归口管理?">
			<condition expression="#{isAgree eq 'true'}" />
		</transition>
		<transition to="重新提交" name="退回">
		    <condition expression="#{isAgree eq 'false'}" />
		</transition>
	</decision>

	<task-node name="重新提交">
		<event type="node-enter">
			<action ref-name="xyz_5555" />
		</event>
		<transition to="财务会计" name="to 重新提交"></transition>
		<task name="task555" description="重新修改" swimlane="submiter">
		</task>
	</task-node>

	<task-node name="采购收单" create-tasks="false" end-tasks="true"
		signal="first">
		<event type="node-enter">
			<action ref-name="create_task11" />
			<action ref-name="xyz_1029" />
		</event>
		<event type="node-leave">
			<action ref-name="ApproveAction" />
		</event>
		<transition to="退回重新提交？"></transition>
		<task name="task11" description=" 采购收单审核 ">
		</task>
	</task-node>

	<decision name="退回重新提交？">
		<transition to="重新修改" name="退回修改">
			<condition expression="#{isResubmit eq '0'}" />
		</transition>
		<transition to="补充资料" name="补充资料">
			<condition expression="#{isResubmit eq '-1'}" />
		</transition>
		<transition to="采购处理中" name="分配任务"></transition>
	</decision>

	<task-node name="补充资料"  >
		<event type="node-enter">
			<action ref-name="xyz_1055" />
		</event>
		<event type="node-leave">
			<action ref-name="ApproveAction" />
		</event>
		<transition to="采购收单"></transition>
		<task name="task12" description="补充资料" swimlane="submiter">
		</task>
	</task-node>

	<decision name="项目PL通过">
		<transition to="项目LPL">
			<condition expression="#{isAgree eq 'true'}" />
		</transition>
		<transition to="重新提交" name="退回">
		    <condition expression="#{isAgree eq 'false'}" />
		</transition>
	</decision>

	<decision name="归口PL通过">
		<transition to="归口LPL">
			<condition expression="#{isAgree eq 'true'}" />
		</transition>
		<transition to="重新提交" name="to 重新提交">
		  <condition expression="#{isAgree eq 'false'}" />
		</transition>
	</decision>

	<decision name="归口LPL通过">
		<transition to="规划科长">
		  <condition expression="#{isAgree eq 'true'}" />
		</transition>
		<transition to="重新提交" name="to 重新提交">
		  <condition expression="#{isAgree eq 'false'}" />
		</transition>
	</decision>
	<task-node name="事业企划部长" create-tasks="false" end-tasks="true"
		signal="last">
		<event type="node-enter">
			<action ref-name="create_task06_1" />
			<action ref-name="xyz_1023" />
		</event>
		<event type="node-leave">
			<action ref-name="ApproveAction" />
		</event>
		<transition to="企划部长通过"></transition>
		<task name="task06_1" description="事业企划部长审核">
			<event type="task-end">
				<action ref-name="EndCounterSigningAction" />
			</event>
		</task>
	</task-node>
	<decision name="企划部长通过">
		<transition to="采购收单" name="通过">
		  <condition expression="#{isAgree eq 'true'}" />
		</transition>
		<transition to="重新修改" name="退回">
		  <condition expression="#{isAgree eq 'false'}" />
		</transition>
	</decision>
	<task-node name="规划科长" create-tasks="false" end-tasks="true"
		signal="last">
		<event type="node-enter">
			<action ref-name="create_task05_1" />
			<action ref-name="xyz_1040" />
		</event>
		<event type="node-leave">
			<action ref-name="ApproveAction" />
		</event>
		<transition to="规划科长通过"></transition>
	  <task name="task05_1" description="规划科长审核">
			<event type="task-end">
				<action ref-name="EndCounterSigningAction" />
			</event>
		</task>
	</task-node>
	<decision name="规划科长通过">
		<transition to="事业企划部长">
		  <condition expression="#{isAgree eq 'true'}" />
		</transition>
		<transition to="重新修改" name="退回">
		  <condition expression="#{isAgree eq 'false'}" />
		</transition>
	</decision>

	<task-node name="采购处理中"  create-tasks="false" end-tasks="true"
		signal="first">
		<event type="node-enter">
			<action ref-name="create_task88" />
			<action ref-name="xyz_8888" />
		</event>
		<task name="task88" description="采购内部处理">
		</task>
		<transition to="是否转派"></transition>

	</task-node>

	<decision name="是否转派">
		<transition to="采购收单">
		    <condition expression="#{isAgree eq 'false'}" />
		</transition>
		<transition to="完成" name="to 完成">
		    <condition expression="#{isAgree eq 'true'}" />
		</transition>
	</decision>

	<end-state name="完成">
		<event type="node-enter">
			<action ref-name="xyz_9999" />
		</event>
	</end-state>
</process-definition>