<?xml version="1.0" encoding="UTF-8"?>

<process-definition xmlns="urn:jbpm.org:jpdl-3.2" name="ConsumingProcess">  
  <description>紧急领用审批流程</description>  
  <swimlane name="starter"> 
    <assignment class="com.glaf.jbpm.assignment.GeneralAssignment"></assignment> 
  </swimlane>  
  <swimlane name="submiter"> 
    <assignment class="com.glaf.jbpm.assignment.ProcessStarterAssignment"></assignment> 
  </swimlane>  
  <action name="create_task01" class="com.glaf.jbpm.action.SqlMapTaskInstanceAction"> 
    <leaveNodeIfActorNotAvailable>true</leaveNodeIfActorNotAvailable>  
    <taskName>task01</taskName>  
    <queryId>getXYDeptRoleUsers</queryId>  
    <deptId>#P{deptId01}</deptId>  
    <roleIds> 
      <roleId>R_SGKZ</roleId>  
      <roleId>R_SGKZJ</roleId> 
    </roleIds> 
  </action>  
  <action name="create_task02" class="com.glaf.jbpm.action.SqlMapTaskInstanceAction"> 
    <leaveNodeIfActorNotAvailable>true</leaveNodeIfActorNotAvailable>  
    <taskName>task02</taskName>  
    <queryId>getXYDeptRoleUsers</queryId>  
    <roleIds> 
      <roleId>R_SGKZ</roleId>  
      <roleId>R_SGKZJ</roleId> 
    </roleIds>  
    <deptId>#P{deptId02}</deptId> 
  </action>  
  <action name="create_task03" class="com.glaf.jbpm.action.SqlMapTaskInstanceAction"> 
    <leaveNodeIfActorNotAvailable>true</leaveNodeIfActorNotAvailable>  
    <taskName>task03</taskName>  
    <queryId>getXYDeptRoleUsers</queryId>  
    <roleId>R_CKGLY</roleId>  
    <deptId>#P{deptId03}</deptId> 
  </action>  
  <action name="xyz_1000" class="com.glaf.jbpm.action.SQLAction"> 
    <sql>UPDATE ${tableName} SET SPROCESSNAME = 'ConsumingProcess', SPROCESSINSTANCEID = ?, IWFSTATUS = 1000 WHERE ICONSUMINGID = ?</sql>  
    <elements element-type="org.dom4j.Element"> 
      <element value-type="java.lang.String"> 
        <key>processInstanceId</key>  
        <value>#{processInstanceId}</value> 
      </element>  
      <element value-type="java.lang.String"> 
        <key>rowId</key>  
        <value>#{rowId}</value> 
      </element> 
    </elements> 
  </action>  
  <action name="xyz_1001" class="com.glaf.jbpm.action.SQLAction"> 
    <sql>UPDATE ${tableName} SET IWFSTATUS= 1001 WHERE ICONSUMINGID = ?</sql>  
    <elements element-type="org.dom4j.Element"> 
      <element value-type="java.lang.String"> 
        <key>rowId</key>  
        <value>#{rowId}</value> 
      </element> 
    </elements> 
  </action>  
  <action name="xyz_1002" class="com.glaf.jbpm.action.SQLAction"> 
    <sql>UPDATE ${tableName} SET IWFSTATUS= 1002 WHERE ICONSUMINGID = ?</sql>  
    <elements element-type="org.dom4j.Element"> 
      <element value-type="java.lang.String"> 
        <key>rowId</key>  
        <value>#{rowId}</value> 
      </element> 
    </elements> 
  </action>  
  <action name="xyz_1003" class="com.glaf.jbpm.action.SQLAction"> 
    <sql>UPDATE ${tableName} SET IWFSTATUS= 1003 WHERE ICONSUMINGID = ?</sql>  
    <elements element-type="org.dom4j.Element"> 
      <element value-type="java.lang.String"> 
        <key>rowId</key>  
        <value>#{rowId}</value> 
      </element> 
    </elements> 
  </action>  
  <action name="xyz_5555" class="com.glaf.jbpm.action.SQLAction"> 
    <sql>UPDATE ${tableName} SET IWFSTATUS = -5555, SSTATUS = 4 WHERE ICONSUMINGID = ?</sql>  
    <elements element-type="org.dom4j.Element"> 
      <element value-type="java.lang.String"> 
        <key>rowId</key>  
        <value>#{rowId}</value> 
      </element> 
    </elements> 
  </action>  
  <action name="xyz_9999" class="com.glaf.jbpm.action.SQLAction"> 
    <sql>UPDATE ${tableName} SET SSTATUS = 2, IWFSTATUS = 9999 WHERE ICONSUMINGID = ?</sql>  
    <elements element-type="org.dom4j.Element"> 
      <element value-type="java.lang.String"> 
        <key>rowId</key>  
        <value>#{rowId}</value> 
      </element> 
    </elements> 
  </action>  
  <action name="ApproveAction" class="com.glaf.jbpm.action.ApproveAction"></action>  
  <action name="EndCounterSigningAction" class="com.glaf.jbpm.action.EndCounterSigningAction"> 
    <expression>#{isAgree eq 'false'}</expression> 
  </action>  
  <start-state name="启动流程"> 
    <task name="task0" description="启动流程" swimlane="starter"> 
      <controller> 
        <variable name="isAgree" access="read,write,required" mapped-name="isAgree"/> 
      </controller>  
      <event type="task-create"> 
        <action ref-name="xyz_1000"/> 
      </event> 
    </task>  
    <transition to="领用科长审批" name="提交"/> 
  </start-state>  
  <task-node name="领用科长审批" create-tasks="false" end-tasks="true" signal="first"> 
    <event type="node-enter"> 
      <action ref-name="xyz_1001"/>  
      <action ref-name="create_task01"/> 
    </event>  
    <event type="node-leave"> 
      <action ref-name="ApproveAction"/> 
    </event>  
    <transition to="科长是否通过？" name="to 申请科长是否通过？"/>  
    <task name="task01" description="领用科长审批"> 
      <event type="task-end"> 
        <action ref-name="EndCounterSigningAction"/> 
      </event> 
    </task> 
  </task-node>  
  <decision name="科长是否通过？"> 
    <transition to="重新修改" name="不通过"/>  
    <transition to="归口科长审批" name="to 归口科长审批"> 
      <condition expression="#{isAgree eq 'true'}"/> 
    </transition> 
  </decision>  
  <task-node name="归口科长审批" create-tasks="false" end-tasks="true" signal="first"> 
    <event type="node-enter"> 
      <action ref-name="xyz_1002"/>  
      <action ref-name="create_task02"/> 
    </event>  
    <event type="node-leave"> 
      <action ref-name="ApproveAction"/> 
    </event>  
    <transition to="归口科长是否通过？" name="to 归口科长是否通过？"/>  
    <task name="task02" description="归口科长审批"> 
      <event type="task-end"> 
        <action ref-name="EndCounterSigningAction"/> 
      </event> 
    </task> 
  </task-node>  
  <decision name="归口科长是否通过？"> 
    <transition to="重新修改" name="不通过"/>  
    <transition to="出库确认" name="to归口科长通过"> 
      <condition expression="#{isAgree eq 'true'}"/> 
    </transition> 
  </decision>  
  <task-node name="重新修改"> 
    <event type="node-enter"> 
      <action ref-name="xyz_5555"/> 
    </event>  
    <transition to="领用科长审批" name="重新提交"/>  
    <task name="task555" description="重新修改" swimlane="submiter"></task> 
  </task-node>  
  <task-node name="出库确认" create-tasks="false" end-tasks="true" signal="first"> 
    <event type="node-enter"> 
      <action ref-name="xyz_1003"/>  
      <action ref-name="create_task03"/> 
    </event>  
    <event type="node-leave"> 
      <action ref-name="ApproveAction"/> 
    </event>  
    <task name="task03" description="出库确认"></task>  
    <transition to="是否出库？" name="to 是否出库？"/> 
  </task-node>  
  <decision name="是否出库？"> 
    <transition to="重新修改" name="不接收"/>  
    <transition to="完成" name="to 完成"> 
      <condition expression="#{isAgree eq 'true'}"/> 
    </transition> 
  </decision>  
  <end-state name="完成"> 
    <event type="node-enter"> 
      <action ref-name="xyz_9999"/> 
    </event> 
  </end-state> 
</process-definition>
