<?xml version="1.0" encoding="UTF-8"?>
<definitions xmlns="http://www.omg.org/spec/BPMN/20100524/MODEL" xmlns:xsi="http://www.w3.org/2001/XMLSchema-instance" xmlns:activiti="http://activiti.org/bpmn" xmlns:bpmndi="http://www.omg.org/spec/BPMN/20100524/DI" xmlns:omgdc="http://www.omg.org/spec/DD/20100524/DC" xmlns:omgdi="http://www.omg.org/spec/DD/20100524/DI" typeLanguage="http://www.w3.org/2001/XMLSchema" expressionLanguage="http://www.w3.org/1999/XPath" targetNamespace="http://www.activiti.org/test">
  <process id="SimpleProcess" name="SimpleProcess" isExecutable="true">
    <extensionElements>
      <activiti:executionListener event="start" class="com.glaf.activiti.executionlistener.RoleUsersMultiInstanceListener">
        <activiti:field name="roleId">
          <activiti:string>R_ST</activiti:string>
        </activiti:field>
        <activiti:field name="outputVar">
          <activiti:string>assigneeList</activiti:string>
        </activiti:field>
        <activiti:field name="userIds">
          <activiti:string>joe,dane</activiti:string>
        </activiti:field>
      </activiti:executionListener>
      <activiti:executionListener event="start" class="com.glaf.activiti.executionlistener.RoleUsersMultiInstanceListener">
        <activiti:field name="roleId">
          <activiti:string>R_ST2</activiti:string>
        </activiti:field>
        <activiti:field name="outputVar">
          <activiti:string>assigneeList2</activiti:string>
        </activiti:field>
        <activiti:field name="userIds">
          <activiti:string>jack,rick</activiti:string>
        </activiti:field>
      </activiti:executionListener>
    </extensionElements>
    <startEvent id="startevent1" name="开始"></startEvent>
    <userTask id="usertask7" name="初审" activiti:assignee="${assignee}">
      <multiInstanceLoopCharacteristics isSequential="false" activiti:collection="assigneeList" activiti:elementVariable="assignee"></multiInstanceLoopCharacteristics>
    </userTask>
    <exclusiveGateway id="exclusivegateway1" name="判断"></exclusiveGateway>
    <userTask id="usertask2" name="重新修改" activiti:assignee="joy">
      <extensionElements>
        <activiti:taskListener event="create" class="com.glaf.activiti.tasklistener.ProcessStarterListener"></activiti:taskListener>
      </extensionElements>
    </userTask>
    <userTask id="usertask3" name="复审" activiti:assignee="${assignee2}">
      <extensionElements>
        <activiti:taskListener event="complete" class="com.glaf.activiti.tasklistener.VariableMappingListener">
          <activiti:field name="fromVar">
            <activiti:string>approve</activiti:string>
          </activiti:field>
          <activiti:field name="toVar">
            <activiti:string>approveA</activiti:string>
          </activiti:field>
        </activiti:taskListener>
        <activiti:taskListener event="complete" class="com.glaf.activiti.tasklistener.CancelLoopTaskListener">
          <activiti:field name="conditionExpression">
            <activiti:expression>${!approve}</activiti:expression>
          </activiti:field>
        </activiti:taskListener>
      </extensionElements>
      <multiInstanceLoopCharacteristics isSequential="false" activiti:collection="assigneeList2" activiti:elementVariable="assignee2"></multiInstanceLoopCharacteristics>
    </userTask>
    <endEvent id="endevent1" name="结束"></endEvent>
    <exclusiveGateway id="exclusivegateway2" name="判断"></exclusiveGateway>
    <sequenceFlow id="flow3" name="不通过" sourceRef="exclusivegateway1" targetRef="usertask2">
      <conditionExpression xsi:type="tFormalExpression"><![CDATA[${!approve}]]></conditionExpression>
    </sequenceFlow>
    <sequenceFlow id="flow38" name="通过" sourceRef="exclusivegateway2" targetRef="endevent1">
      <conditionExpression xsi:type="tFormalExpression"><![CDATA[${approve}]]></conditionExpression>
    </sequenceFlow>
    <sequenceFlow id="flow39" name="退回" sourceRef="exclusivegateway2" targetRef="usertask2">
      <conditionExpression xsi:type="tFormalExpression"><![CDATA[${!approve}]]></conditionExpression>
    </sequenceFlow>
    <sequenceFlow id="flow43" name="提交" sourceRef="startevent1" targetRef="usertask7"></sequenceFlow>
    <sequenceFlow id="flow44" name="判断" sourceRef="usertask7" targetRef="exclusivegateway1"></sequenceFlow>
    <sequenceFlow id="flow45" name="重新提交" sourceRef="usertask2" targetRef="usertask7"></sequenceFlow>
    <sequenceFlow id="flow46" name="to 复审" sourceRef="exclusivegateway1" targetRef="usertask3"></sequenceFlow>
    <sequenceFlow id="flow47" name="to 判断" sourceRef="usertask3" targetRef="exclusivegateway2"></sequenceFlow>
  </process>
  <bpmndi:BPMNDiagram id="BPMNDiagram_SimpleProcess">
    <bpmndi:BPMNPlane bpmnElement="SimpleProcess" id="BPMNPlane_SimpleProcess">
      <bpmndi:BPMNShape bpmnElement="startevent1" id="BPMNShape_startevent1">
        <omgdc:Bounds height="35.0" width="35.0" x="72.0" y="207.0"></omgdc:Bounds>
      </bpmndi:BPMNShape>
      <bpmndi:BPMNShape bpmnElement="exclusivegateway1" id="BPMNShape_exclusivegateway1">
        <omgdc:Bounds height="42.0" width="42.0" x="332.0" y="204.0"></omgdc:Bounds>
      </bpmndi:BPMNShape>
      <bpmndi:BPMNShape bpmnElement="usertask2" id="BPMNShape_usertask2">
        <omgdc:Bounds height="55.0" width="105.0" x="300.0" y="50.0"></omgdc:Bounds>
      </bpmndi:BPMNShape>
      <bpmndi:BPMNShape bpmnElement="usertask3" id="BPMNShape_usertask3">
        <omgdc:Bounds height="55.0" width="105.0" x="550.0" y="277.0"></omgdc:Bounds>
      </bpmndi:BPMNShape>
      <bpmndi:BPMNShape bpmnElement="endevent1" id="BPMNShape_endevent1">
        <omgdc:Bounds height="35.0" width="35.0" x="762.0" y="160.0"></omgdc:Bounds>
      </bpmndi:BPMNShape>
      <bpmndi:BPMNShape bpmnElement="exclusivegateway2" id="BPMNShape_exclusivegateway2">
        <omgdc:Bounds height="42.0" width="42.0" x="582.0" y="157.0"></omgdc:Bounds>
      </bpmndi:BPMNShape>
      <bpmndi:BPMNShape bpmnElement="usertask7" id="BPMNShape_usertask7">
        <omgdc:Bounds height="55.0" width="105.0" x="182.0" y="197.0"></omgdc:Bounds>
      </bpmndi:BPMNShape>
      <bpmndi:BPMNEdge bpmnElement="flow3" id="BPMNEdge_flow3">
        <omgdi:waypoint x="353.0" y="204.0"></omgdi:waypoint>
        <omgdi:waypoint x="352.0" y="105.0"></omgdi:waypoint>
        <bpmndi:BPMNLabel>
          <omgdc:Bounds height="15.0" width="100.0" x="10.0" y="-11.0"></omgdc:Bounds>
        </bpmndi:BPMNLabel>
      </bpmndi:BPMNEdge>
      <bpmndi:BPMNEdge bpmnElement="flow38" id="BPMNEdge_flow38">
        <omgdi:waypoint x="624.0" y="178.0"></omgdi:waypoint>
        <omgdi:waypoint x="762.0" y="177.0"></omgdi:waypoint>
        <bpmndi:BPMNLabel>
          <omgdc:Bounds height="15.0" width="100.0" x="-51.0" y="-31.0"></omgdc:Bounds>
        </bpmndi:BPMNLabel>
      </bpmndi:BPMNEdge>
      <bpmndi:BPMNEdge bpmnElement="flow39" id="BPMNEdge_flow39">
        <omgdi:waypoint x="603.0" y="157.0"></omgdi:waypoint>
        <omgdi:waypoint x="602.0" y="77.0"></omgdi:waypoint>
        <omgdi:waypoint x="405.0" y="77.0"></omgdi:waypoint>
        <bpmndi:BPMNLabel>
          <omgdc:Bounds height="15.0" width="100.0" x="-118.0" y="-20.0"></omgdc:Bounds>
        </bpmndi:BPMNLabel>
      </bpmndi:BPMNEdge>
      <bpmndi:BPMNEdge bpmnElement="flow43" id="BPMNEdge_flow43">
        <omgdi:waypoint x="107.0" y="224.0"></omgdi:waypoint>
        <omgdi:waypoint x="182.0" y="224.0"></omgdi:waypoint>
        <bpmndi:BPMNLabel>
          <omgdc:Bounds height="15.0" width="100.0" x="-22.0" y="-20.0"></omgdc:Bounds>
        </bpmndi:BPMNLabel>
      </bpmndi:BPMNEdge>
      <bpmndi:BPMNEdge bpmnElement="flow44" id="BPMNEdge_flow44">
        <omgdi:waypoint x="287.0" y="224.0"></omgdi:waypoint>
        <omgdi:waypoint x="332.0" y="225.0"></omgdi:waypoint>
        <bpmndi:BPMNLabel>
          <omgdc:Bounds height="15.0" width="100.0" x="-9.0" y="-27.0"></omgdc:Bounds>
        </bpmndi:BPMNLabel>
      </bpmndi:BPMNEdge>
      <bpmndi:BPMNEdge bpmnElement="flow45" id="BPMNEdge_flow45">
        <omgdi:waypoint x="300.0" y="77.0"></omgdi:waypoint>
        <omgdi:waypoint x="234.0" y="77.0"></omgdi:waypoint>
        <omgdi:waypoint x="234.0" y="197.0"></omgdi:waypoint>
        <bpmndi:BPMNLabel>
          <omgdc:Bounds height="15.0" width="100.0" x="-62.0" y="-47.0"></omgdc:Bounds>
        </bpmndi:BPMNLabel>
      </bpmndi:BPMNEdge>
      <bpmndi:BPMNEdge bpmnElement="flow46" id="BPMNEdge_flow46">
        <omgdi:waypoint x="353.0" y="246.0"></omgdi:waypoint>
        <omgdi:waypoint x="352.0" y="304.0"></omgdi:waypoint>
        <omgdi:waypoint x="550.0" y="304.0"></omgdi:waypoint>
        <bpmndi:BPMNLabel>
          <omgdc:Bounds height="15.0" width="100.0" x="0.0" y="-26.0"></omgdc:Bounds>
        </bpmndi:BPMNLabel>
      </bpmndi:BPMNEdge>
      <bpmndi:BPMNEdge bpmnElement="flow47" id="BPMNEdge_flow47">
        <omgdi:waypoint x="602.0" y="277.0"></omgdi:waypoint>
        <omgdi:waypoint x="603.0" y="199.0"></omgdi:waypoint>
        <bpmndi:BPMNLabel>
          <omgdc:Bounds height="15.0" width="100.0" x="10.0" y="-20.0"></omgdc:Bounds>
        </bpmndi:BPMNLabel>
      </bpmndi:BPMNEdge>
    </bpmndi:BPMNPlane>
  </bpmndi:BPMNDiagram>
</definitions>