<?xml version="1.0" encoding="GBK"?>
<beans xmlns="http://www.springframework.org/schema/beans"
	xmlns:xsi="http://www.w3.org/2001/XMLSchema-instance"
	xmlns:context="http://www.springframework.org/schema/context"
	xsi:schemaLocation="
	http://www.springframework.org/schema/beans http://www.springframework.org/schema/beans/spring-beans-3.0.xsd
	http://www.springframework.org/schema/context http://www.springframework.org/schema/context/spring-context-3.0.xsd">

	<bean id="ehCacheManager"
		class="org.springframework.cache.ehcache.EhCacheManagerFactoryBean">
		<property name="configLocation">
			<value>classpath:/ehcache.xml</value>
		</property>
	</bean>

	<bean id="ehCache" class="org.springframework.cache.ehcache.EhCacheFactoryBean">
		<property name="cacheManager">
			<ref local="ehCacheManager" />
		</property>
		<property name="cacheName">
			<value>DEFAULT_CACHE</value>
		</property>
	</bean>

	<bean id="cache" class="com.glaf.core.cache.ehcache.EHCacheImpl">
		<property name="cache" ref="ehCache" />
	</bean>

</beans>