<?xml version="1.0" encoding="GBK"?>
<beans xmlns="http://www.springframework.org/schema/beans"
	xmlns:xsi="http://www.w3.org/2001/XMLSchema-instance" xmlns:context="http://www.springframework.org/schema/context"
	xsi:schemaLocation="
	http://www.springframework.org/schema/beans http://www.springframework.org/schema/beans/spring-beans-3.0.xsd
	http://www.springframework.org/schema/context http://www.springframework.org/schema/context/spring-context-3.0.xsd">


	<bean id="cache" class="com.glaf.core.cache.guava.GuavaCache">
		<property name="cacheSize">
			<value>1000</value>
		</property>
		<property name="expireMinutes">
			<value>30</value>
		</property>
	</bean>

</beans>