<?xml version="1.0" encoding="UTF-8"?>
<!DOCTYPE sqlMap PUBLIC "-//ibatis.apache.org//DTD SQL Map 2.0//EN" "http://ibatis.apache.org/dtd/sql-map-2.dtd">
<sqlMap namespace="jbpm_task">

	<typeAlias alias="taskItem" type="com.glaf.jbpm.model.TaskItem" />

	<select id="findLatestProcessDefinitions" parameterClass="com.glaf.jbpm.query.ProcessQuery"
		resultClass="org.jbpm.graph.def.ProcessDefinition">
		SELECT ID_ as id, NAME_ as name, DESCRIPTION_ as description, VERSION_ as version
		FROM JBPM_PROCESSDEFINITION
		ORDER BY ID_ DESC
	</select>

	<select id="findTasksByProcessDefinition" parameterClass="com.glaf.jbpm.query.ProcessQuery"
		resultClass="org.jbpm.taskmgmt.def.Task">
		SELECT ID_ as id, NAME_ as name, DESCRIPTION_ as description
		FROM JBPM_TASK
		WHERE PROCESSDEFINITION_ = #processDefinitionId#
		ORDER BY ID_ DESC
	</select>

	<select id="getTaskItems" resultClass="taskItem" parameterClass="com.glaf.jbpm.query.ProcessQuery">

		SELECT a.ID_ AS taskInstanceId, y.ID_ AS processInstanceId,
		z.NAME_ AS processName, z.DESCRIPTION_ AS processDescription,
		a.NAME_ AS taskName, a.DESCRIPTION_ AS taskDescription, a.CREATE_ AS createDate,
		a.START_ AS startDate, a.END_ AS endDate, a.ACTORID_ AS actorId, y.KEY_ AS rowKey
		FROM JBPM_TASKINSTANCE a 
		INNER JOIN JBPM_PROCESSINSTANCE y ON y.ID_ = a.PROCINST_ 
		INNER JOIN JBPM_PROCESSDEFINITION z ON y.PROCESSDEFINITION_ = z.ID_
		WHERE (a.ACTORID_ IS NOT NULL)
		AND (a.END_ IS NULL)
		AND (y.END_ IS NULL)
		
		<dynamic prepend="">
			<isPropertyAvailable prepend="" property="booleanDataFlag">
				<isEqual prepend="" property="booleanDataFlag" compareValue="true">
				  AND (a.ISOPEN_ = true)
				  AND (a.ISSUSPENDED_ != true)
				</isEqual>
				<isNotEqual prepend="" property="booleanDataFlag" compareValue="false">
				  AND (a.ISOPEN_ = 1)
				  AND (a.ISSUSPENDED_ != 1)
				</isNotEqual>
			</isPropertyAvailable>

			<isNotPropertyAvailable prepend="" property="booleanDataFlag">
                  AND (a.ISOPEN_ = 1)
				  AND (a.ISSUSPENDED_ != 1)
			</isNotPropertyAvailable>

			<isPropertyAvailable prepend="AND" property="actorId">
				<isNotNull prepend="" property="actorId">
					( a.ACTORID_ = #actorId# ) 
				</isNotNull>
			</isPropertyAvailable>
			
			<isPropertyAvailable prepend="AND" property="actorIds">
				<isNotNull prepend="" property="actorIds">
					<iterate prepend="" property="actorIds" open="(" close=")"
						conjunction="OR">
						( a.ACTORID_ = #actorIds[]# ) 
					</iterate>
				</isNotNull>
			</isPropertyAvailable>
			
			<isPropertyAvailable prepend="AND" property="processInstanceId">
				<isNotNull prepend="" property="processInstanceId"> 
				  ( y.ID_ = #processInstanceId# )
				</isNotNull>
			</isPropertyAvailable>
			
			<isPropertyAvailable prepend="AND" property="processInstanceIds">
				<isNotNull prepend="" property="processInstanceIds">
					<iterate prepend="" property="processInstanceIds" open="("
						close=")" conjunction="OR"> 
						( y.ID_ = #processInstanceIds[]# ) 
					</iterate>
				</isNotNull>
			</isPropertyAvailable>
			
			<isPropertyAvailable prepend="AND" property="taskName">
				<isNotNull prepend="" property="taskName">
				( a.NAME_ = #taskName# ) 
				</isNotNull>
			</isPropertyAvailable>
			
			<isPropertyAvailable prepend="AND" property="taskNames">
				<isNotNull prepend="" property="taskNames">
					<iterate prepend="" property="taskNames" open="(" close=")"
						conjunction="OR"> 
						( a.NAME_ = #taskNames[]# ) 
					</iterate>
				</isNotNull>
			</isPropertyAvailable>
			
			<isPropertyAvailable prepend="AND"
				property="processDefinitionId">
				<isNotNull prepend="" property="processDefinitionId"> 
					( z.ID_ = #processDefinitionId# ) 
				</isNotNull>
			</isPropertyAvailable>
			
			<isPropertyAvailable prepend="AND" property="processName">
				<isNotNull prepend="" property="processName"> 
					( z.NAME_ = #processName# ) 
				</isNotNull>
			</isPropertyAvailable>
			
			<isPropertyAvailable prepend="AND" property="processNames">
				<isNotNull prepend="" property="processNames">
					<iterate prepend="" property="processNames" open="("
						close=")" conjunction="OR">
						( z.NAME_ = #processNames[]# ) 
					</iterate>
				</isNotNull>
			</isPropertyAvailable>
			
			<isPropertyAvailable prepend="AND" property="afterTaskCreateDate">
				<isNotNull prepend="" property="afterTaskCreateDate">
					(a.CREATE_ &gt;= #afterTaskCreateDate# ) 
				</isNotNull>
			</isPropertyAvailable>
			
			<isPropertyAvailable prepend="AND" property="beforeTaskCreateDate">
				<isNotNull prepend="" property="beforeTaskCreateDate">
					(a.CREATE_  &lt;= #beforeTaskCreateDate# ) 
				</isNotNull>
			</isPropertyAvailable>
			
			<isPropertyAvailable prepend="AND" property="afterTaskStartDate">
				<isNotNull prepend="" property="afterTaskStartDate">
					(a.START_ &gt;= #afterTaskStartDate# ) 
				</isNotNull>
			</isPropertyAvailable>
			
			<isPropertyAvailable prepend="AND" property="beforeTaskEndDate">
				<isNotNull prepend="" property="beforeTaskEndDate">
					(a.END_  &lt;= #beforeTaskEndDate# )
				</isNotNull>
			</isPropertyAvailable>
 
			
			<isPropertyAvailable prepend="AND"
				property="afterProcessStartDate">
				<isNotNull prepend="" property="afterProcessStartDate">
					(y.START_ &gt;= #afterProcessStartDate# ) 
				</isNotNull>
			</isPropertyAvailable>
			
			<isPropertyAvailable prepend="AND"
				property="beforeProcessStartDate">
				<isNotNull prepend="" property="beforeProcessStartDate">
					(y.START_  &lt;= #beforeProcessStartDate# ) 
				</isNotNull>
			</isPropertyAvailable>
			
		</dynamic>

		ORDER BY y.ID_ ASC

	</select>

	<select id="getPooledTaskItems" resultClass="taskItem"
		parameterClass="com.glaf.jbpm.query.ProcessQuery">

		SELECT a.ID_ AS taskInstanceId, y.ID_ AS processInstanceId,
		z.NAME_ AS processName, z.DESCRIPTION_ AS processDescription,
		a.NAME_ AS taskName, a.DESCRIPTION_ AS taskDescription, a.CREATE_ AS createDate,
		a.START_ AS startDate, a.END_ AS endDate, p.ACTORID_ AS actorId, y.KEY_ AS rowKey
		FROM JBPM_POOLEDACTOR p INNER JOIN
		JBPM_TASKACTORPOOL t ON p.ID_ = t.POOLEDACTOR_ INNER JOIN
		JBPM_TASKINSTANCE a ON t.TASKINSTANCE_ = a.ID_ INNER JOIN
		JBPM_PROCESSINSTANCE y ON y.ID_ = a.PROCINST_ INNER JOIN
		JBPM_PROCESSDEFINITION z ON y.PROCESSDEFINITION_ = z.ID_
		WHERE (a.ACTORID_ IS NULL)
		AND (a.END_ IS NULL)
		AND (y.END_ IS NULL)

		<dynamic prepend="">
		    
			<isPropertyAvailable prepend="" property="booleanDataFlag">
				<isEqual prepend="" property="booleanDataFlag" compareValue="true">
				  AND (a.ISOPEN_ = true)
				  AND (a.ISSUSPENDED_ != true)
				</isEqual>
				<isNotEqual prepend="" property="booleanDataFlag" compareValue="false">
				  AND (a.ISOPEN_ = 1)
				  AND (a.ISSUSPENDED_ != 1)
				</isNotEqual>
			</isPropertyAvailable>

			<isNotPropertyAvailable prepend="" property="booleanDataFlag">
                  AND (a.ISOPEN_ = 1)
				  AND (a.ISSUSPENDED_ != 1)
			</isNotPropertyAvailable>

			<isPropertyAvailable prepend="AND" property="actorId">
				<isNotNull prepend="" property="actorId">
					 ( p.ACTORID_ = #actorId# )
				</isNotNull>
			</isPropertyAvailable>
			
			<isPropertyAvailable prepend="AND" property="actorIds">
				<isNotNull prepend="" property="actorIds">
					<iterate prepend="" property="actorIds" open="(" close=")"
						conjunction="OR"> 
						( p.ACTORID_ = #actorIds[]# )
					</iterate>
				</isNotNull>
			</isPropertyAvailable>
			
			<isPropertyAvailable prepend="AND" property="processInstanceId">
				<isNotNull prepend="" property="processInstanceId">
					 ( y.ID_ = #processInstanceId# )
				</isNotNull>
			</isPropertyAvailable>
			
			<isPropertyAvailable prepend="AND" property="processInstanceIds">
				<isNotNull prepend="" property="processInstanceIds">
					<iterate prepend="" property="processInstanceIds" open="("
						close=")" conjunction="OR"> 
						( y.ID_ = #processInstanceIds[]# )
					</iterate>
				</isNotNull>
			</isPropertyAvailable>
			
			<isPropertyAvailable prepend="AND" property="taskName">
				<isNotNull prepend="" property="taskName">
					 ( a.NAME_ = #taskName# ) 
				</isNotNull>
			</isPropertyAvailable>
			
			<isPropertyAvailable prepend="AND" property="taskNames">
				<isNotNull prepend="" property="taskNames">
					<iterate prepend="" property="taskNames" open="(" close=")"
						conjunction="OR"> 
						( a.NAME_ = #taskNames[]# ) 
					</iterate>
				</isNotNull>
			</isPropertyAvailable>
			
			<isPropertyAvailable prepend="AND"
				property="processDefinitionId">
				<isNotNull prepend="" property="processDefinitionId">
					 ( z.ID_ = #processDefinitionId# ) 
				</isNotNull>
			</isPropertyAvailable>
			
			<isPropertyAvailable prepend="AND" property="processName">
				<isNotNull prepend="" property="processName"> 
					( z.NAME_ = #processName# ) 
				</isNotNull>
			</isPropertyAvailable>
			
			<isPropertyAvailable prepend="AND" property="processNames">
				<isNotNull prepend="" property="processNames">
					<iterate prepend="" property="processNames" open="("
						close=")" conjunction="OR"> 
						( z.NAME_ = #processNames[]# ) 
					</iterate>
				</isNotNull>
			</isPropertyAvailable>
			
			<isPropertyAvailable prepend="AND" property="afterTaskCreateDate">
				<isNotNull prepend="" property="afterTaskCreateDate">
					(a.CREATE_ &gt;= #afterTaskCreateDate# ) 
				</isNotNull>
			</isPropertyAvailable>
			
			<isPropertyAvailable prepend="AND" property="beforeTaskCreateDate">
				<isNotNull prepend="" property="beforeTaskCreateDate">
					(a.CREATE_  &lt;= #beforeTaskCreateDate# ) 
				</isNotNull>
			</isPropertyAvailable>
			
			<isPropertyAvailable prepend="AND" property="afterTaskStartDate">
				<isNotNull prepend="" property="afterTaskStartDate">
					(a.START_ &gt;= #afterTaskStartDate# ) 
				</isNotNull>
			</isPropertyAvailable>
			
			<isPropertyAvailable prepend="AND" property="beforeTaskEndDate">
				<isNotNull prepend="" property="beforeTaskEndDate">
					(a.END_  &lt;= #beforeTaskEndDate# )
				</isNotNull>
			</isPropertyAvailable>
			
			<isPropertyAvailable prepend="AND"
				property="afterProcessStartDate">
				<isNotNull prepend="" property="afterProcessStartDate">
					(y.START_ &gt;= #afterProcessStartDate# ) 
				</isNotNull>
			</isPropertyAvailable>
			
			<isPropertyAvailable prepend="AND"
				property="beforeProcessStartDate">
				<isNotNull prepend="" property="beforeProcessStartDate">
					(y.START_  &lt;= #beforeProcessStartDate# ) 
				</isNotNull>
			</isPropertyAvailable>
			
		</dynamic>

		ORDER BY y.ID_ ASC

	</select>

	<select id="getWorkedTaskItems" resultClass="taskItem"
		parameterClass="com.glaf.jbpm.query.ProcessQuery">

		SELECT a.ID_ taskInstanceId, y.ID_ processInstanceId, z.NAME_
		processName, z.DESCRIPTION_ processDescription, a.NAME_ taskName,
		a.DESCRIPTION_ taskDescription, a.CREATE_ createDate, a.START_
		startDate, a.END_ endDate, a.ACTORID_ actorId, y.KEY_ rowKey
		FROM JBPM_TASKINSTANCE a
		INNER JOIN JBPM_PROCESSINSTANCE y ON y.ID_ = a.PROCINST_
		INNER JOIN JBPM_PROCESSDEFINITION z ON y.PROCESSDEFINITION_ = z.ID_
		WHERE ( a.ACTORID_ IS NOT NULL )
		AND ( a.CREATE_ IS NOT NULL )
		AND ( a.START_ IS NOT NULL )
		AND ( a.END_ IS NOT NULL )

		<dynamic prepend="">
		    
			<isPropertyAvailable prepend="" property="booleanDataFlag">
				<isEqual prepend="" property="booleanDataFlag" compareValue="true">
				  AND (a.ISOPEN_ = false)
				  AND (a.ISSUSPENDED_ != true)
				</isEqual>
				<isNotEqual prepend="" property="booleanDataFlag" compareValue="false">
				  AND (a.ISOPEN_ = 0)
				  AND (a.ISSUSPENDED_ != 1)
				</isNotEqual>
			</isPropertyAvailable>

			<isNotPropertyAvailable prepend="" property="booleanDataFlag">
                  AND (a.ISOPEN_ = 0)
				  AND (a.ISSUSPENDED_ != 1)
			</isNotPropertyAvailable>

			<isPropertyAvailable prepend="AND" property="actorId">
				<isNotNull prepend="" property="actorId">
				( a.ACTORID_ = #actorId#)
				</isNotNull>
			</isPropertyAvailable>
			
			<isPropertyAvailable prepend="AND" property="actorIds">
				<isNotNull prepend="" property="actorIds">
					<iterate prepend="" property="actorIds" open="(" close=")"
						conjunction="OR"> 
						( a.ACTORID_ = #actorIds[]# ) 
					</iterate>
				</isNotNull>
			</isPropertyAvailable>
			
			<isPropertyAvailable prepend="AND" property="processInstanceId">
				<isNotNull prepend="" property="processInstanceId">
					 ( y.ID_ = #processInstanceId# ) 
				</isNotNull>
			</isPropertyAvailable>
			
			<isPropertyAvailable prepend="AND" property="processInstanceIds">
				<isNotNull prepend="" property="processInstanceIds">
					<iterate prepend="" property="processInstanceIds" open="("
						close=")" conjunction="OR">
						 ( y.ID_ = #processInstanceIds[]# ) 
					</iterate>
				</isNotNull>
			</isPropertyAvailable>
			
			<isPropertyAvailable prepend="AND" property="taskName">
				<isNotNull prepend="" property="taskName"> 
					( a.NAME_ = #taskName# ) 
				</isNotNull>
			</isPropertyAvailable>
			
			<isPropertyAvailable prepend="AND" property="taskNames">
				<isNotNull prepend="" property="taskNames">
					<iterate prepend="" property="taskNames" open="(" close=")"
						conjunction="OR"> 
						( a.NAME_ = #taskNames[]# ) 
					</iterate>
				</isNotNull>
			</isPropertyAvailable>
			
			<isPropertyAvailable prepend="AND"
				property="processDefinitionId">
				<isNotNull prepend="" property="processDefinitionId">
					 ( z.ID_ = #processDefinitionId# ) 
				</isNotNull>
			</isPropertyAvailable>
			
			<isPropertyAvailable prepend="AND" property="processName">
				<isNotNull prepend="" property="processName"> 
					( z.NAME_ = #processName# ) 
				</isNotNull>
			</isPropertyAvailable>
			
			<isPropertyAvailable prepend="AND" property="processNames">
				<isNotNull prepend="" property="processNames">
					<iterate prepend="" property="processNames" open="("
						close=")" conjunction="OR">
						( z.NAME_ = #processNames[]# ) 
					</iterate>
				</isNotNull>
			</isPropertyAvailable>
			
			<isPropertyAvailable prepend="AND" property="afterTaskCreateDate">
				<isNotNull prepend="" property="afterTaskCreateDate">
					(a.CREATE_ &gt;= #afterTaskCreateDate# ) 
				</isNotNull>
			</isPropertyAvailable>
			
			<isPropertyAvailable prepend="AND" property="beforeTaskCreateDate">
				<isNotNull prepend="" property="beforeTaskCreateDate">
					(a.CREATE_  &lt;= #beforeTaskCreateDate# ) 
				</isNotNull>
			</isPropertyAvailable>
			
			<isPropertyAvailable prepend="AND" property="afterTaskStartDate">
				<isNotNull prepend="" property="afterTaskStartDate">
					(a.START_ &gt;= #afterTaskStartDate# ) 
				</isNotNull>
			</isPropertyAvailable>
			
			<isPropertyAvailable prepend="AND" property="beforeTaskEndDate">
				<isNotNull prepend="" property="beforeTaskEndDate">
					(a.END_  &lt;= #beforeTaskEndDate# )
				</isNotNull>
			</isPropertyAvailable>
			
			<isPropertyAvailable prepend="AND"
				property="afterProcessStartDate">
				<isNotNull prepend="" property="afterProcessStartDate">
					(y.START_ &gt;= #afterProcessStartDate# ) 
				</isNotNull>
			</isPropertyAvailable>
			
			<isPropertyAvailable prepend="AND"
				property="beforeProcessStartDate">
				<isNotNull prepend="" property="beforeProcessStartDate">
					(y.START_  &lt;= #beforeProcessStartDate# ) 
				</isNotNull>
			</isPropertyAvailable>
			
			<isPropertyAvailable prepend="AND"
				property="afterProcessEndDate">
				<isNotNull prepend="" property="afterProcessEndDate">
					(y.END_ &gt;= #afterProcessEndDate# ) 
				</isNotNull>
			</isPropertyAvailable>
			
			<isPropertyAvailable prepend="AND"
				property="beforeProcessEndDate">
				<isNotNull prepend="" property="beforeProcessEndDate">
					(y.END_  &lt;= #beforeProcessEndDate# ) 
				</isNotNull>
			</isPropertyAvailable>
		</dynamic>

		ORDER BY y.ID_ DESC

	</select>

	<select id="getFinishedProcessInstanceIds" resultClass="string"
		parameterClass="com.glaf.jbpm.query.ProcessQuery">

		SELECT DISTINCT y.ID_ AS processInstanceId
		FROM JBPM_TASKINSTANCE a 
		INNER JOIN JBPM_PROCESSINSTANCE y ON y.ID_ = a.PROCINST_ 
		INNER JOIN JBPM_PROCESSDEFINITION z ON y.PROCESSDEFINITION_ = z.ID_
		WHERE (a.ACTORID_ IS NOT NULL)
		AND (a.END_ IS NOT NULL)

		<dynamic prepend="">
		    
			<isPropertyAvailable prepend="" property="booleanDataFlag">
				<isEqual prepend="" property="booleanDataFlag" compareValue="true">
				  AND (a.ISOPEN_ = false)
				  AND (a.ISSUSPENDED_ != true)
				</isEqual>
				<isNotEqual prepend="" property="booleanDataFlag" compareValue="false">
				  AND (a.ISOPEN_ = 0)
				  AND (a.ISSUSPENDED_ != 1)
				</isNotEqual>
			</isPropertyAvailable>

			<isNotPropertyAvailable prepend="" property="booleanDataFlag">
                  AND (a.ISOPEN_ = 0)
				  AND (a.ISSUSPENDED_ != 1)
			</isNotPropertyAvailable>

			<isPropertyAvailable prepend="AND" property="actorId">
				<isNotNull prepend="" property="actorId">
					 ( a.ACTORID_ = #actorId#)
				</isNotNull>
			</isPropertyAvailable>
			
			<isPropertyAvailable prepend="AND" property="actorIds">
				<isNotNull prepend="" property="actorIds">
					<iterate prepend="" property="actorIds" open="(" close=")"
						conjunction="OR"> 
						( a.ACTORID_ = #actorIds[]# )
					</iterate>
				</isNotNull>
			</isPropertyAvailable>
			
			<isPropertyAvailable prepend="AND" property="processInstanceId">
				<isNotNull prepend="" property="processInstanceId"> 
					( y.ID_ = #processInstanceId# )
				</isNotNull>
			</isPropertyAvailable>
			
			<isPropertyAvailable prepend="AND" property="processInstanceIds">
				<isNotNull prepend="" property="processInstanceIds">
					<iterate prepend="" property="processInstanceIds" open="("
						close=")" conjunction="OR"> 
						( y.ID_ = #processInstanceIds[]# )
					</iterate>
				</isNotNull>
			</isPropertyAvailable>
			
			<isPropertyAvailable prepend="AND"
				property="processDefinitionId">
				<isNotNull prepend="" property="processDefinitionId"> 
					( z.ID_ = #processDefinitionId# )
				</isNotNull>
			</isPropertyAvailable>
			
			<isPropertyAvailable prepend="AND" property="processName">
				<isNotNull prepend="" property="processName"> 
					( z.NAME_ = #processName# ) 
				</isNotNull>
			</isPropertyAvailable>
			
			<isPropertyAvailable prepend="AND" property="processNames">
				<isNotNull prepend="" property="processNames">
					<iterate prepend="" property="processNames" open="("
						close=")" conjunction="OR"> 
						( z.NAME_ = #processNames[]# ) 
					</iterate>
				</isNotNull>
			</isPropertyAvailable>
			
			<isPropertyAvailable prepend="AND" property="afterTaskCreateDate">
				<isNotNull prepend="" property="afterTaskCreateDate">
					(a.CREATE_ &gt;= #afterTaskCreateDate# ) 
				</isNotNull>
			</isPropertyAvailable>
			
			<isPropertyAvailable prepend="AND" property="beforeTaskCreateDate">
				<isNotNull prepend="" property="beforeTaskCreateDate">
					(a.CREATE_  &lt;= #beforeTaskCreateDate# ) 
				</isNotNull>
			</isPropertyAvailable>
			
			<isPropertyAvailable prepend="AND" property="afterTaskStartDate">
				<isNotNull prepend="" property="afterTaskStartDate">
					(a.START_ &gt;= #afterTaskStartDate# ) 
				</isNotNull>
			</isPropertyAvailable>
			
			<isPropertyAvailable prepend="AND" property="beforeTaskEndDate">
				<isNotNull prepend="" property="beforeTaskEndDate">
					(a.END_  &lt;= #beforeTaskEndDate# )
				</isNotNull>
			</isPropertyAvailable>
			
			<isPropertyAvailable prepend="AND"
				property="afterProcessStartDate">
				<isNotNull prepend="" property="afterProcessStartDate">
					(y.START_ &gt;= #afterProcessStartDate# ) 
				</isNotNull>
			</isPropertyAvailable>
			
			<isPropertyAvailable prepend="AND"
				property="beforeProcessStartDate">
				<isNotNull prepend="" property="beforeProcessStartDate">
					(y.START_  &lt;= #beforeProcessStartDate# ) 
				</isNotNull>
			</isPropertyAvailable>
			
			<isPropertyAvailable prepend="AND"
				property="afterProcessEndDate">
				<isNotNull prepend="" property="afterProcessEndDate">
					(y.END_ &gt;= #afterProcessEndDate# ) 
				</isNotNull>
			</isPropertyAvailable>
			
			<isPropertyAvailable prepend="AND"
				property="beforeProcessEndDate">
				<isNotNull prepend="" property="beforeProcessEndDate">
					(y.END_  &lt;= #beforeProcessEndDate# ) 
				</isNotNull>
			</isPropertyAvailable>
		</dynamic>

		ORDER BY y.ID_ DESC

	</select>

	<select id="getWorkedProcessInstanceIds" resultClass="string"
		parameterClass="com.glaf.jbpm.query.ProcessQuery">

		SELECT DISTINCT y.ID_ AS processInstanceId
		FROM JBPM_TASKINSTANCE a 
		INNER JOIN JBPM_PROCESSINSTANCE y ON y.ID_ = a.PROCINST_ 
		INNER JOIN JBPM_PROCESSDEFINITION z ON y.PROCESSDEFINITION_ = z.ID_
		WHERE (a.ACTORID_ IS NOT NULL)
		AND (a.ISSUSPENDED_ != 1)
		AND (a.END_ IS NOT NULL)
		<dynamic prepend="">
		   
			<isPropertyAvailable prepend="" property="booleanDataFlag">
				<isEqual prepend="" property="booleanDataFlag" compareValue="true">
				  AND (a.ISSUSPENDED_ != true)
				</isEqual>
				<isNotEqual prepend="" property="booleanDataFlag" compareValue="false">
				  AND (a.ISSUSPENDED_ != 1)
				</isNotEqual>
			</isPropertyAvailable>

			<isNotPropertyAvailable prepend="" property="booleanDataFlag">
				  AND (a.ISSUSPENDED_ != 1)
			</isNotPropertyAvailable>

			<isPropertyAvailable prepend="AND" property="actorId">
				<isNotNull prepend="" property="actorId">
					 ( a.ACTORID_ = #actorId#) 
				</isNotNull>
			</isPropertyAvailable>
			
			<isPropertyAvailable prepend="AND" property="actorIds">
				<isNotNull prepend="" property="actorIds">
					<iterate prepend="" property="actorIds" open="(" close=")"
						conjunction="OR"> 
						( a.ACTORID_ = #actorIds[]# ) 
					</iterate>
				</isNotNull>
			</isPropertyAvailable>
			
			<isPropertyAvailable prepend="AND" property="processInstanceId">
				<isNotNull prepend="" property="processInstanceId">
					 ( y.ID_ = #processInstanceId# ) 
				</isNotNull>
			</isPropertyAvailable>
			
			<isPropertyAvailable prepend="AND" property="processInstanceIds">
				<isNotNull prepend="" property="processInstanceIds">
					<iterate prepend="" property="processInstanceIds" open="("
						close=")" conjunction="OR">
						 ( y.ID_ = #processInstanceIds[]# ) 
					</iterate>
				</isNotNull>
			</isPropertyAvailable>
			
			<isPropertyAvailable prepend="AND"
				property="processDefinitionId">
				<isNotNull prepend="" property="processDefinitionId"> 
					( z.ID_ = #processDefinitionId# ) 
				</isNotNull>
			</isPropertyAvailable>
			
			<isPropertyAvailable prepend="AND" property="processName">
				<isNotNull prepend="" property="processName">
					 ( z.NAME_ = #processName# ) 
				</isNotNull>
			</isPropertyAvailable>
			
			<isPropertyAvailable prepend="AND" property="processNames">
				<isNotNull prepend="" property="processNames">
					<iterate prepend="" property="processNames" open="("
						close=")" conjunction="OR"> 
						( z.NAME_ = #processNames[]# ) 
					</iterate>
				</isNotNull>
			</isPropertyAvailable>
			
			<isPropertyAvailable prepend="AND" property="afterTaskCreateDate">
				<isNotNull prepend="" property="afterTaskCreateDate">
					(a.CREATE_ &gt;= #afterTaskCreateDate# ) 
				</isNotNull>
			</isPropertyAvailable>
			
			<isPropertyAvailable prepend="AND" property="beforeTaskCreateDate">
				<isNotNull prepend="" property="beforeTaskCreateDate">
					(a.CREATE_  &lt;= #beforeTaskCreateDate# ) 
				</isNotNull>
			</isPropertyAvailable>
			
			<isPropertyAvailable prepend="AND" property="afterTaskStartDate">
				<isNotNull prepend="" property="afterTaskStartDate">
					(a.START_ &gt;= #afterTaskStartDate# ) 
				</isNotNull>
			</isPropertyAvailable>
			
			<isPropertyAvailable prepend="AND" property="beforeTaskEndDate">
				<isNotNull prepend="" property="beforeTaskEndDate">
					(a.END_  &lt;= #beforeTaskEndDate# )
				</isNotNull>
			</isPropertyAvailable>
			
			<isPropertyAvailable prepend="AND"
				property="afterProcessStartDate">
				<isNotNull prepend="" property="afterProcessStartDate">
					(y.START_ &gt;= #afterProcessStartDate# ) 
				</isNotNull>
			</isPropertyAvailable>
			
			<isPropertyAvailable prepend="AND"
				property="beforeProcessStartDate">
				<isNotNull prepend="" property="beforeProcessStartDate">
					(y.START_  &lt;= #beforeProcessStartDate# ) 
				</isNotNull>
			</isPropertyAvailable>
			
			<isPropertyAvailable prepend="AND"
				property="afterProcessEndDate">
				<isNotNull prepend="" property="afterProcessEndDate">
					(y.END_ &gt;= #afterProcessEndDate# ) 
				</isNotNull>
			</isPropertyAvailable>
			
			<isPropertyAvailable prepend="AND"
				property="beforeProcessEndDate">
				<isNotNull prepend="" property="beforeProcessEndDate">
					(y.END_  &lt;= #beforeProcessEndDate# ) 
				</isNotNull>
			</isPropertyAvailable>
		</dynamic>

		ORDER BY y.ID_ DESC

	</select>
</sqlMap>