<?xml version="1.0" encoding="UTF-8"?>
<!DOCTYPE sqlMap PUBLIC "-//ibatis.apache.org//DTD SQL Map 2.0//EN"
    "http://ibatis.apache.org/dtd/sql-map-2.dtd">
<sqlMap namespace="jbpm_user">

	<typeAlias alias="agent" type="com.glaf.core.identity.Agent"/>

	<typeAlias alias="user" type="com.glaf.core.identity.impl.UserImpl"/>

	<resultMap id="agentResultMap" class="com.glaf.core.identity.AgentImpl">
		<id property="id" column="id" jdbcType="VARCHAR" />
		<result property="assignFrom" column="actorId" jdbcType="VARCHAR" />
		<result property="assignTo" column="agentId" jdbcType="VARCHAR" />
		<result property="agentType" column="objectValue" jdbcType="VARCHAR" />
		<result property="processName" column="attribute01" jdbcType="VARCHAR" />
		<result property="taskName" column="attribute02" jdbcType="VARCHAR" />
		<result property="objectId" column="objectId" jdbcType="VARCHAR" />
		<result property="objectValue" column="objectValue" jdbcType="VARCHAR" />
		<result property="startDate" column="startDate" jdbcType="TIMESTAMP" />
		<result property="endDate" column="endDate" jdbcType="TIMESTAMP" />
	</resultMap>

	<resultMap id="userResultMap" type="com.glaf.core.identity.impl.UserImpl">
		<id property="actorId" column="account" jdbcType="VARCHAR" />
		<result property="activationCode" column="account" jdbcType="VARCHAR" />
		<result property="name" column="name" jdbcType="VARCHAR" />
		<result property="deptId" column="deptId" jdbcType="INTEGER" />
		<result property="mail" column="email" jdbcType="VARCHAR" />
		<result property="mobile" column="mobile" jdbcType="VARCHAR" />
	</resultMap>

    <select id="getAgents" resultMap="agentResultMap" parameterClass="java.util.HashMap">
	   SELECT a.*
		FROM JPAGE_JBPM_AGENT_INSTANCE a
		WHERE a.actorId = #assignTo#
	</select>


	<select id="getUsers" resultMap="userResultMap" parameterClass="java.util.HashMap">

	    SELECT * FROM sys_user  

	</select>


 	<select id="getXYDeptRoleUsers" resultMap="userResultMap" parameterClass="java.util.HashMap">
		 
		  SELECT u.account as actorId
		   FROM sys_user u
		   WHERE u.blocked = 0 AND u.id IN
				 ( SELECT r.userId  FROM sys_user_role r
			       WHERE r.authorized = 0 AND r.roleId IN
						 ( SELECT a.id
					       FROM sys_dept_role a, sys_role b
					       WHERE 1=1
						   AND  a.sysRoleId = b.id

						<dynamic prepend="">

                            <isPropertyAvailable prepend="AND" property="deptId">
								   ( a.deptId =  #deptId# )
							</isPropertyAvailable>

							<isPropertyAvailable prepend="AND" property="roleId">
								<isNotEmpty prepend="" property="roleId"> 
									  ( b.code = #roleId# )
								</isNotEmpty>
							</isPropertyAvailable>

							<isPropertyAvailable prepend="AND" property="deptIds">
								<isNotNull prepend="" property="deptIds">
									<iterate prepend="" property="deptIds" open="(" close=")" conjunction="OR">
										( a.deptId =  #deptIds[]# )
									</iterate>
								</isNotNull>
							</isPropertyAvailable>

							<isPropertyAvailable prepend="AND" property="roleIds">
								<isNotNull prepend="" property="roleIds">
									<iterate prepend="" property="roleIds" open="(" close=")" conjunction="OR">
										( b.code = #roleIds[]# )
									</iterate>
								</isNotNull>
							</isPropertyAvailable>

						</dynamic>			  

						 )
				)

	</select>

</sqlMap>