<?xml version="1.0" encoding="UTF-8"?>

<process-definition  xmlns="urn:jbpm.org:jpdl-3.2"  name="MQProcess">
<description>市场品质管理</description>
<swimlane name="starter">
		<assignment class="com.glaf.jbpm.assignment.GeneralAssignment"></assignment>
	</swimlane>
	<swimlane name="submiter">
		<assignment
			class="com.glaf.jbpm.assignment.ProcessStarterAssignment"></assignment>
	</swimlane>

	<action name="create_task01"
		class="com.glaf.jbpm.action.SqlMapTaskInstanceAction">
		<leaveNodeIfActorNotAvailable>true</leaveNodeIfActorNotAvailable>
		<taskName>task01</taskName>
		<queryId>getXYDeptRoleUsers</queryId>
		<roleId>R004</roleId>
		<deptId>#P{managerdepid}</deptId>
	</action>

    <action name="create_task02"
		class="com.glaf.jbpm.action.SqlMapTaskInstanceAction">
		<leaveNodeIfActorNotAvailable>true</leaveNodeIfActorNotAvailable>
		<taskName>task02</taskName>
		<queryId>getXYDeptRoleUsers</queryId>
		<roleId>R002</roleId>
		<deptId>#P{managerdepid}</deptId>
	</action>

    <action name="create_task03"
		class="com.glaf.jbpm.action.SqlMapTaskInstanceAction">
		<leaveNodeIfActorNotAvailable>true</leaveNodeIfActorNotAvailable>
		<taskName>task03</taskName>
		<queryId>getXYDeptRoleUsers</queryId>
		<roleId>R011</roleId>
		<deptId>#P{dutydDepartID}</deptId>
	</action>

    <action name="create_task04"
		class="com.glaf.jbpm.action.SqlMapTaskInstanceAction">
		<leaveNodeIfActorNotAvailable>true</leaveNodeIfActorNotAvailable>
		<taskName>task04</taskName>
		<queryId>getXYDeptRoleUsers</queryId>
		<roleId>R004</roleId>
		<deptId>#P{dutydDepartID}</deptId>
	</action>

    <action name="create_task05"
		class="com.glaf.jbpm.action.SqlMapTaskInstanceAction">
		<leaveNodeIfActorNotAvailable>true</leaveNodeIfActorNotAvailable>
		<taskName>task05</taskName>
		<queryId>getXYDeptRoleUsers</queryId>
		<roleId>R002</roleId>
		<deptId>#P{dutydDepartID}</deptId>
	</action>

	<action name="xyz_5555" class="com.glaf.jbpm.action.SQLAction">
		<sql>
			UPDATE sms_entrustsurvey SET
			WFSTATUS = 5555 
			WHERE sentrustno = ?
		</sql>
		<elements element-type="org.dom4j.Element">
			<element value-type="java.lang.String">
				<key>rowId</key>
				<value>#{rowId}</value>
			</element>
		</elements>
	</action>
	
	<action name="mq_1000" class="com.glaf.jbpm.action.SQLAction">
		<sql>
			UPDATE sms_entrustsurvey 
			SET PROCESSNAME='MQProcess',
			PROCESSINSTANCEID = ?,WFSTATUS = 1000,STATUS='1' WHERE sentrustno = ?
		</sql>
		<elements element-type="org.dom4j.Element">
			<element value-type="java.lang.String">
				<key>processInstanceId</key>
				<value>#{processInstanceId}</value>
			</element>
			<element value-type="java.lang.String">
				<key>rowId</key>
				<value>#{rowId}</value>
			</element>
		</elements>
	</action>
	
	<action name="mq_1001" class="com.glaf.jbpm.action.SQLAction">
		<sql>
			UPDATE sms_entrustsurvey SET
			WFSTATUS = 1001 
			WHERE sentrustno = ?
		</sql>
		<elements element-type="org.dom4j.Element">
			<element value-type="java.lang.String">
				<key>rowId</key>
				<value>#{rowId}</value>
			</element>
		</elements>
	</action>
	
	<action name="mq_5555" class="com.glaf.jbpm.action.SQLAction">
		<sql>
			UPDATE sms_entrustsurvey SET
			WFSTATUS = 5555 
			WHERE sentrustno = ?
		</sql>
		<elements element-type="org.dom4j.Element">
			<element value-type="java.lang.String">
				<key>rowId</key>
				<value>#{rowId}</value>
			</element>
		</elements>
	</action>
	
	<action name="mq_1002" class="com.glaf.jbpm.action.SQLAction">
		<sql>
			UPDATE sms_entrustsurvey SET
			WFSTATUS = 1002 
			WHERE sentrustno = ?
		</sql>
		<elements element-type="org.dom4j.Element">
			<element value-type="java.lang.String">
				<key>rowId</key>
				<value>#{rowId}</value>
			</element>
		</elements>
	</action>
	
	<start-state name="启动流程">
	<task name="task00" description="启动流程" swimlane="starter">
			<event type="task-create">
				<action ref-name="mq_1000" />
			</event>
		</task>
		<transition to="系长审批"></transition>
	</start-state>

	<task-node name="系长审批" create-tasks="false" end-tasks="true" signal="first">
	    <event type="node-enter">
			<action ref-name="create_task01" />
			<action ref-name="mq_1001" />
		</event>
		<task name="task01" description="系长审批" >
			<event type="task-end">
				<action ref-name="EndCounterSigningAction" />
			</event>
		</task>
		<transition to="系长审批通过？"></transition>
	</task-node>
	
	<decision name="系长审批通过？">
	   <transition to="审批不通过" name="不通过"></transition>
		<transition to="科长审批" name="通过">
		   <condition expression="#{isAgree eq 'true'}" />
		</transition>
	</decision>
	
	<task-node name="科长审批"  create-tasks="false" end-tasks="true" signal="first">
	    <event type="node-enter">
			<action ref-name="create_task02" />
			<action ref-name="mq_1002" />
		</event>
		<task name="task02" description="科长审批" >
			<event type="task-end">
				<action ref-name="EndCounterSigningAction" />
			</event>
		</task>
		<transition to="科长审批通过？"></transition>
	</task-node>

	<decision name="科长审批通过？">
		<transition to="审批不通过" name="不通过"></transition>
		<transition to="责任部门担当" name="责任部门担当">
		    <condition expression="#{isAgree eq 'true'}" />
		</transition>
	</decision>


	<node name="审批不通过">
		<transition to="重新修改"></transition>
	</node>

	<task-node name="重新修改">
	    <event type="node-enter">
			<action ref-name="mq_5555" />
		</event>
	    <task name="task555" description="重新修改" swimlane="submiter">
		</task>
		<transition to="系长审批"></transition>
	</task-node>

	<task-node name="责任部门担当">
		<transition to="是否承认"></transition>
	</task-node>

	<decision name="是否承认">
		<transition to="担当报告录入"></transition>
		<transition to="不承认" name="to 不承认"></transition>
	</decision>

	<task-node name="担当报告录入">
		<transition to="系长审核"></transition>
	</task-node>

	<node name="不承认">
		<transition to="责任部门系长审核"></transition>
	</node>

	<task-node name="责任部门系长审核">
		<transition to="责任部门系长审核通过？"></transition>
	</task-node>

	<decision name="责任部门系长审核通过？">
		<transition to="责任部门科长审核"></transition>
		<transition to="担当报告录入" name="to 报告录入"></transition>
	</decision>

	<task-node name="责任部门科长审核">
		<transition to="责任部门科长审核通过？"></transition>
	</task-node>

	<decision name="责任部门科长审核通过？">
		<transition to="担当报告录入"></transition>
		<transition to="申诉" name="to 申诉"></transition>
	</decision>

	<node name="申诉">
		<transition to="重新修改提交"></transition>
	</node>

	<task-node name="重新修改提交">
		<transition to="责任部门科长审核"></transition>
	</task-node>

	<task-node name="系长审核">
		<transition to="系长审核通过？"></transition>
	</task-node>

	<decision name="系长审核通过？">
		<transition to="科长审核"></transition>
		<transition to="报告审核不通过" name="to 报告审核不通过"></transition>
	</decision>

	<task-node name="科长审核">
		<transition to="科长审核通过？"></transition>
	</task-node>

	<decision name="科长审核通过？">
		<transition to="报告审核不通过"></transition>
		<transition to="担当确认" name="to 担当确认"></transition>
	</decision>

	<node name="报告审核不通过">
		<transition to="修改报告提交"></transition>
	</node>

	<task-node name="修改报告提交">
		<transition to="担当报告录入"></transition>
	</task-node>

	<task-node name="担当确认">
		<transition to="担当确认通过？"></transition>
	</task-node>

	<decision name="担当确认通过？">
		<transition to="系长确认"></transition>
		<transition to="确认不通过" name="to 确认不通过"></transition>
	</decision>

	<task-node name="系长确认">
		<transition to="系长确认通过？"></transition>
	</task-node>

	<decision name="系长确认通过？">
		<transition to="科长确认"></transition>
		<transition to="确认不通过" name="to 确认不通过"></transition>
	</decision>

	<task-node name="科长确认">
		<transition to="科长确认通过？"></transition>
	</task-node>

	<decision name="科长确认通过？">
		<transition to="确认不通过"></transition>
		<transition to="是否为最终报告？" name="to 是否为最终报告？"></transition>
	</decision>

	<node name="确认不通过">
		<transition to="修改报告提交"></transition>
	</node>

	<decision name="是否为最终报告？">
		<transition to="结束"></transition>
		<transition to="担当报告录入" name="to 报告录入"></transition>
	</decision>


	<end-state name="结束"></end-state>


</process-definition>