<?xml version="1.0" encoding="UTF-8" ?> 

<!DOCTYPE mapper PUBLIC "-//mybatis.org//DTD Mapper 3.0//EN" "http://mybatis.org/dtd/mybatis-3-mapper.dtd">

<mapper namespace="com.glaf.core.mapper.IdentityMgmtMapper">

	<resultMap id="roleResultMap" type="com.glaf.core.identity.impl.RoleImpl">
		<id property="roleId" column="id" jdbcType="INTEGER" />
		<result property="name" column="rolename" jdbcType="VARCHAR" />
	</resultMap>


	<resultMap id="userResultMap" type="com.glaf.core.identity.impl.UserImpl">
		<id property="actorId" column="account" jdbcType="VARCHAR" />
		<result property="activationCode" column="account" jdbcType="VARCHAR" />
		<result property="name" column="name" jdbcType="VARCHAR" />
		<result property="deptId" column="deptId" jdbcType="INTEGER" />
		<result property="mail" column="email" jdbcType="VARCHAR" />
		<result property="mobile" column="mobile" jdbcType="VARCHAR" />
	</resultMap>


	<resultMap id="baseTreeResultMap"	type="com.glaf.core.base.BaseTree">
        <id property="id" column="id" jdbcType="BIGINT" />
        <result property="parent" column="parent" jdbcType="BIGINT"/>
        <result property="name" column="name" jdbcType="VARCHAR"/>
        <result property="desc" column="nodedesc" jdbcType="VARCHAR"/>
        <result property="sort" column="sort" jdbcType="INTEGER"/>
        <result property="code" column="code" jdbcType="VARCHAR"/>
        <result property="icon" column="icon" jdbcType="VARCHAR"/>
        <result property="iconCls" column="iconCls" jdbcType="VARCHAR"/>
        <result property="url" column="url" jdbcType="VARCHAR"/>
        <result property="locked" column="locked" jdbcType="INTEGER"/>
	</resultMap>


	<select id="getTreeModelById" parameterType="long" resultMap="baseTreeResultMap">
		select * from sys_tree where id = #{id}
	</select>


	<select id="getTreeModelByCode" parameterType="string" resultMap="baseTreeResultMap">
		select * from sys_tree where code = #{code}
	</select>


	<select id="getChildrenTreeModels" parameterType="long" resultMap="baseTreeResultMap">
		select * from sys_tree where parent = #{parent}
	</select>


	<select id="getAgents" resultType="com.glaf.core.identity.impl.AgentImpl" parameterType="string">

		select  ASSIGNFROM_ as assignFrom, ASSIGNTO_ as assignTo,
		        OBJECTID_ as objectId, OBJECTVALUE_ as objectValue,
                PROCESSNAME_ as processName, TASKNAME_ as taskName,
				AGENTTYPE_ as agentType
		from sys_agent
		where ASSIGNTO_ = #{assignTo}

	</select>


	<select id="getMembershipActorIds" resultType="string" parameterType="com.glaf.core.query.MembershipQuery">

		 SELECT u.account as actorId
		   FROM sys_user u
		   WHERE u.blocked = 0 AND u.id IN
				 ( SELECT r.userId  FROM sys_user_role r
			       WHERE r.authorized = 0 AND r.roleId IN
						 ( SELECT a.id
					       FROM sys_dept_role a, sys_role b
					       WHERE a.sysRoleId = b.id

						   <if test="nodeId != null">
			                 AND a.deptId = #{nodeId} 
		                   </if>

						   <if test="roleId != null">
			                 AND b.code = #{roleId} 
		                   </if>

						   <if test="roleIds != null and roleIds.size !=0">
							AND b.code IN
							<foreach item="x_roleId" index="index" collection="roleIds"
								open="(" separator="," close=")">
								#{x_roleId}
							</foreach>
						  </if>

						 )
				)

	</select>


	<select id="getMembershipUsers" resultMap="userResultMap"
		    parameterType="com.glaf.core.query.MembershipQuery">

		   SELECT u.*
		   FROM sys_user u
		   WHERE u.blocked = 0 AND u.id IN
				 ( SELECT r.userId  FROM sys_user_role r
			       WHERE r.authorized = 0 AND r.roleId IN
						 ( SELECT a.id
					       FROM sys_dept_role a, sys_role b
					       WHERE 1=1
						   AND  a.sysRoleId = b.id
 
						<if test="roleId != null">
							AND b.code= #{roleId} 
						</if>

						<if test="roleIds != null and roleIds.size !=0">
							AND b.code IN
							<foreach item="x_roleId" index="index" collection="roleIds"
									open="(" separator="," close=")">
								#{x_roleId}
							</foreach>
						</if>
				 
						<if test="nodeId != null">
							AND ( a.deptId = #{nodeId} ) 
						</if>

						<if test="nodeIds != null and nodeIds.size !=0">
							AND a.deptId IN
							<foreach item="x_deptId" index="index" collection="nodeIds"
								open="(" separator="," close=")">
								#{x_deptId}
							</foreach>
						</if>
                       )
				)
	</select>


	<select id="getXYDeptRoleUsers" resultMap="userResultMap"
		    parameterType="com.glaf.core.query.MembershipQuery">

           SELECT u.*
		   FROM sys_user u
		   WHERE u.blocked = 0 AND u.id IN
				 ( SELECT r.userId  FROM sys_user_role r
			       WHERE r.authorized = 0 AND r.roleId IN
						 ( SELECT a.id
					       FROM sys_dept_role a, sys_role b
					       WHERE 1=1
						   AND  a.sysRoleId = b.id
 
						<if test="roleId != null">
							AND b.code= #{roleId} 
						</if>

						<if test="roleIds != null and roleIds.size !=0">
							AND b.code IN
							<foreach item="x_roleId" index="index" collection="roleIds"
									open="(" separator="," close=")">
								#{x_roleId}
							</foreach>
						</if>
				 
						<if test="nodeId != null">
							AND ( a.deptId = #{nodeId} ) 
						</if>

						<if test="nodeIds != null and nodeIds.size !=0">
							AND a.deptId IN
							<foreach item="x_deptId" index="index" collection="nodeIds"
								open="(" separator="," close=")">
								#{x_deptId}
							</foreach>
						</if>
                       )
				)
	</select>


	<select id="getRoleById" resultMap="roleResultMap" parameterType="int">

		SELECT r.*
		FROM sys_role r
		WHERE r.id = #{roleId} 

	</select>

	<select id="getRoleByCode" resultMap="roleResultMap" parameterType="string">

		SELECT r.*
		FROM sys_role r
		WHERE r.code = #{code} 

	</select>


	<select id="searchUsers" resultMap="userResultMap" parameterType="string">

		SELECT u.* 
		FROM sys_user u
		WHERE 1=1 
		AND (
		   u.account LIKE #{searchWord}
		   OR 
		   u.name LIKE #{searchWord}
		   OR
		   u.email LIKE #{searchWord}
		   OR
		   u.mobile LIKE #{searchWord}
		)
		 
		ORDER BY u.name ASC

	</select>



	<select id="getUsers" resultMap="userResultMap"
		parameterType="com.glaf.core.query.UserQuery">

		SELECT u.*
		FROM sys_user u
		WHERE 1=1 

		<choose>
			<when test="activationCode != null">
				and u.account = #{activationCode} 
			</when>
			<when test="actorId != null">
				and u.account = #{actorId} 
			</when>
			<when test="actorIds != null and actorIds.size !=0">
				and u.account IN
				<foreach item="x_actorId" index="index" collection="actorIds"
					open="(" separator="," close=")">
					#{x_actorId}
                </foreach>
			</when>
			<when test="deptId != null">
				AND ( u.deptid = #{deptId} ) 
			</when>
			<when test="deptIds != null and deptIds.size !=0">
				AND u.deptid IN
				<foreach item="x_deptId" index="index" collection="deptIds"
					open="(" separator="," close=")">
					#{x_deptId}
				</foreach>
			</when>
			<otherwise>
			</otherwise>
		</choose>

		ORDER BY u.name ASC

	</select>


	<select id="getUserById" resultMap="userResultMap" parameterType="string">

		SELECT u.*
		FROM sys_user u 
		WHERE u.account = #{actorId}

	</select>


	<select id="getRoles" resultMap="roleResultMap"
		parameterType="com.glaf.core.query.RoleQuery">

		SELECT *
		FROM sys_role r 
		WHERE 1=1

		<if test="roleId != null">
			and ( r.id = #{roleId} )
		</if>

		<if test="code != null">
			and ( r.code = #{code} )
		</if>

		<if test="roleIds != null and roleIds.size !=0">
			and r.id IN
			<foreach item="x_roleId" index="index" collection="roleIds"
				open="(" separator="," close=")">
				#{x_roleId}
            </foreach>
		</if>

	</select>


</mapper>