<?xml version="1.0"?>
<!DOCTYPE hibernate-mapping PUBLIC 
	"-//Hibernate/Hibernate Mapping DTD 3.0//EN"
	"http://www.hibernate.org/dtd/hibernate-mapping-3.0.dtd">

<hibernate-mapping package="com.glaf.base.modules.others.model">
    <class name="Audit"
           table="Audit"
           dynamic-update="true"
           dynamic-insert="true">
        <id name="id" type="long" unsaved-value="0">
            <column name="id" not-null="true"/>
            <generator class="native"/>
        </id>
        
        <property name="referId" type="long" column="referId"/>
        <property name="referType" type="integer" column="referType"/>
        <property name="deptId" type="long" column="deptId"/>
        <property name="deptName" type="string" column="deptName"/>
        <property name="headship" type="string" column="headship"/>
        <property name="leaderName" type="string" column="leaderName"/>
        <property name="leaderId" type="long" column="leaderId"/>
        <property name="memo" type="string" column="memo"/>
        <property name="createDate" type="timestamp" column="createDate"/>
        <property name="flag" type="integer" column="flag"/>
    </class>
</hibernate-mapping>
