<?xml version="1.0"?>
<!DOCTYPE hibernate-mapping PUBLIC 
	"-//Hibernate/Hibernate Mapping DTD 3.0//EN"
	"http://www.hibernate.org/dtd/hibernate-mapping-3.0.dtd">

<hibernate-mapping package="com.glaf.base.modules.sys.model">
	<class name="SysTree" table="sys_tree" dynamic-update="true"
		dynamic-insert="true">

		<id name="id" type="long" unsaved-value="0">
			<column name="id" not-null="true" />
			<generator class="native" />
		</id>

		<property name="parentId" type="long" column="parent" />
		<property name="name" type="string" column="name" />
		<property name="desc" type="string" column="nodeDesc" />
		<property name="discriminator" type="string" column="discriminator" />
		<property name="cacheFlag" type="string" column="cacheFlag" />
		<property name="moveable" type="string" column="moveable" />
		<property name="treeId" type="string" column="treeId" />
		<property name="sort" type="integer" column="sort" />
		<property name="code" type="string" column="code" />
		<property name="icon" type="string" column="icon" />
		<property name="iconCls" type="string" column="iconCls" />
		<property name="url" type="string" column="url" />
		<property name="locked" type="integer" column="locked" />

		<one-to-one name="app" cascade="all" class="SysApplication"
			property-ref="node" outer-join="auto" />

		<one-to-one name="department" cascade="all" class="SysDepartment"
			property-ref="node" outer-join="auto" />
	</class>
</hibernate-mapping>
