<?xml version="1.0" encoding="UTF-8" ?> 

<!DOCTYPE mapper PUBLIC "-//mybatis.org//DTD Mapper 3.0//EN" "http://mybatis.org/dtd/mybatis-3-mapper.dtd">

<mapper namespace="com.glaf.base.modules.sys.mapper.SysApplicationMapper">

	<resultMap id="sysApplicationResultMap"
		type="com.glaf.base.modules.sys.model.SysApplication">
		<id property="id" column="ID" jdbcType="BIGINT" />
		<result property="name" column="NAME" jdbcType="VARCHAR" />
		<result property="desc" column="APPDESC" jdbcType="VARCHAR" />
		<result property="url" column="URL" jdbcType="VARCHAR" />
		<result property="code" column="CODE" jdbcType="VARCHAR" />
		<result property="sort" column="SORT" jdbcType="INTEGER" />
		<result property="showMenu" column="SHOWMENU" jdbcType="INTEGER" />
		<result property="nodeId" column="NODEID" jdbcType="BIGINT" />
		<result property="locked" column="LOCKED" jdbcType="INTEGER" />
		<result property="createDate" column="CREATEDATE" jdbcType="TIMESTAMP" />
		<result property="createBy" column="CREATEBY" jdbcType="VARCHAR" />
		<result property="updateBy" column="UPDATEBY" jdbcType="VARCHAR" />
		<result property="updateDate" column="UPDATEDATE" jdbcType="TIMESTAMP" />
	</resultMap>


	<resultMap id="realmInfoResultMap" type="com.glaf.base.modules.sys.model.RealmInfo">
		<result property="item" column="CODE" jdbcType="VARCHAR" />
		<result property="url" column="URL" jdbcType="VARCHAR" />
	</resultMap>


	<insert id="insertSysApplication" parameterType="com.glaf.base.modules.sys.model.SysApplication">
		insert into sys_application
		<trim prefix="(" suffix=")" suffixOverrides=",">
			ID
			<if test="name != null">
				,NAME
			</if>
			<if test="code != null">
				,CODE
			</if>
			<if test="desc != null">
				,APPDESC
			</if>
			<if test="url != null">
				,URL
			</if>
			<if test="sort != null">
				,SORT
			</if>
			<if test="showMenu != null">
				,SHOWMENU
			</if>
			<if test="nodeId != null">
				,NODEID
			</if>
			<if test="locked != null">
				,LOCKED
			</if>
			<if test="createDate != null">
				,CREATEDATE
			</if>
			<if test="createBy != null">
				,CREATEBY
			</if>
			<if test="updateBy != null">
				,UPDATEBY
			</if>
			<if test="updateDate != null">
				,UPDATEDATE
			</if>
		</trim>

		<trim prefix=" values (" suffix=")" suffixOverrides=",">
			#{id, jdbcType=BIGINT}

			<if test="name != null">
				,#{name, jdbcType=VARCHAR}
			</if>
			<if test="code != null">
				,#{code, jdbcType=VARCHAR}
			</if>
			<if test="desc != null">
				,#{desc, jdbcType=VARCHAR}
			</if>
			<if test="url != null">
				,#{url, jdbcType=VARCHAR}
			</if>
			<if test="sort != null">
				,#{sort, jdbcType=INTEGER}
			</if>
			<if test="showMenu != null">
				,#{showMenu, jdbcType=INTEGER}
			</if>
			<if test="nodeId != null">
				,#{nodeId, jdbcType=BIGINT}
			</if>
			<if test="locked != null">
				,#{locked, jdbcType=INTEGER}
			</if>
			<if test="createDate != null">
				,#{createDate, jdbcType=TIMESTAMP}
			</if>
			<if test="createBy != null">
				,#{createBy, jdbcType=VARCHAR}
			</if>
			<if test="updateBy != null">
				,#{updateBy, jdbcType=VARCHAR}
			</if>
			<if test="updateDate != null">
				,#{updateDate, jdbcType=TIMESTAMP}
			</if>
		</trim>
	</insert>


	<update id="updateSysApplication" parameterType="com.glaf.base.modules.sys.model.SysApplication">
		update sys_application
		set
		<trim prefix="" suffix="" suffixOverrides=",">
			<if test="name != null">
				NAME = #{name, jdbcType=VARCHAR},
			</if>
			<if test="code != null">
				CODE = #{code, jdbcType=VARCHAR},
			</if>
			<if test="desc != null">
				APPDESC = #{desc, jdbcType=VARCHAR},
			</if>
			<if test="url != null">
				URL = #{url, jdbcType=VARCHAR},
			</if>
			<if test="sort != null">
				SORT = #{sort, jdbcType=INTEGER},
			</if>
			<if test="showMenu != null">
				SHOWMENU = #{showMenu, jdbcType=INTEGER},
			</if>
			<if test="nodeId != null">
				NODEID = #{nodeId, jdbcType=BIGINT},
			</if>
			<if test="locked != null">
				LOCKED = #{locked, jdbcType=INTEGER},
			</if>
			<if test="updateBy != null">
				UPDATEBY = #{updateBy, jdbcType=VARCHAR},
			</if>
			<if test="updateDate != null">
				UPDATEDATE = #{updateDate, jdbcType=TIMESTAMP},
			</if>
		</trim>
		where
		ID = #{id, jdbcType=BIGINT}

	</update>


	<delete id="deleteSysApplicationById" parameterType="long">
		delete from
		sys_application
		where ID = #{id}
	</delete>


	<delete id="deleteSysApplications" parameterType="com.glaf.base.modules.sys.query.SysApplicationQuery">
		delete from sys_application
		where (
		ID IN
		<foreach item="x_rowId" index="index" collection="rowIds"
			open="(" separator="," close=")">
			#{x_rowId}
		</foreach>
		)
	</delete>


	<select id="getSysApplicationById" parameterType="long"
		resultMap="sysApplicationResultMap">
		select * from sys_application where ID = #{id}
	</select>


	<select id="getSysApplicationByRoleId" parameterType="long"
		resultMap="sysApplicationResultMap">

		select E.* from sys_application E
		inner join sys_access A
		on
		E.ID = A.APPID
		where A.ROLEID = #{roleId}

	</select>


	<select id="getSysApplicationByUserId" parameterType="long"
		resultMap="sysApplicationResultMap">

		select E.* from sys_application E
		inner join sys_access A
		on
		E.id = A.appId
		where A.roleId in (
		select dr.id from sys_dept_role dr
		inner join sys_user_role ur
		on dr.id = ur.roleid
		where ur.userid =
		#{userId}
		and ur.authorized = 0
		)

	</select>


	<select id="getRealmInfos" parameterType="map" resultMap="realmInfoResultMap">

		select
		E.url, r.code from sys_application E
		inner join sys_access A
		on E.id =
		A.appId
		inner join sys_dept_role dr
		on A.roleid = dr.id
		inner join
		sys_role r
		on dr.sysroleid = r.id
		where E.url is not null
		and E.url != ''
		order by E.url asc

	</select>


	<select id="getSysApplications" parameterType="com.glaf.base.modules.sys.query.SysApplicationQuery"
		resultMap="sysApplicationResultMap">
		select E.*
		<include refid="selectSysApplicationsSql" />
		<choose>
			<when test="orderBy != null">
				order by ${orderBy}
			</when>
			<otherwise>
				order by E.SORT asc
			</otherwise>
		</choose>
	</select>

	<select id="getSysApplicationCount" parameterType="com.glaf.base.modules.sys.query.SysApplicationQuery"
		resultType="int">
		select count(*)
		<include refid="selectSysApplicationsSql" />
	</select>

	<sql id="selectSysApplicationsSql">

		from sys_application E

		<if test=" parentId != null  ">
			inner join sys_tree T
			on E.NODEID = T.ID
		</if>

		<where>
			1 = 1

			<if test=" parentId != null  ">
				and T.PARENT = #{parentId}
			</if>

			<if test="name != null and name != '' ">
				and E.NAME = #{name}
			</if>

			<if test="nameLike != null and nameLike != '' ">
				and E.NAME like #{nameLike}
			</if>

			<if test="names != null and names.size() &gt; 0">
				and E.NAME IN
				<foreach item="x_name" index="index" collection="names"
					open="(" separator="," close=")">
					#{x_name}
				</foreach>
			</if>

			<if test="codeLike != null and codeLike != '' ">
				and E.CODE like #{codeLike}
			</if>

			<if test="descLike != null and descLike != '' ">
				and E.APPDESC like #{descLike}
			</if>

			<if test="urlLike != null and urlLike != '' ">
				and E.URL like #{urlLike}
			</if>

			<if test="sortGreaterThanOrEqual != null">
				and E.SORT &gt;= #{sortGreaterThanOrEqual}
			</if>

			<if test="sortGreaterThan != null">
				and E.SORT &gt; #{sortGreaterThan}
			</if>

			<if test="sortLessThanOrEqual != null">
				and E.SORT &lt;= #{sortLessThanOrEqual}
			</if>

			<if test="sortLessThan != null">
				and E.SORT &lt; #{sortLessThan}
			</if>

			<if test="showMenu != null">
				and E.SHOWMENU = #{showMenu}
			</if>

			<if test="nodeId != null">
				and E.NODEID = #{nodeId}
			</if>

			<if test="nodeIdGreaterThanOrEqual != null">
				and E.NODEID &gt;= #{nodeIdGreaterThanOrEqual}
			</if>

			<if test="nodeIdLessThanOrEqual != null">
				and E.NODEID &lt;= #{nodeIdLessThanOrEqual}
			</if>

			<if test="nodeIds != null and nodeIds.size() &gt; 0">
				and E.NODEID IN
				<foreach item="x_nodeId" index="index" collection="nodeIds"
					open="(" separator="," close=")">
					#{x_nodeId}
				</foreach>
			</if>
			
			<if test="locked != null">
				and E.LOCKED is not null 
				and E.LOCKED = #{locked}
			</if>

		</where>
	</sql>

</mapper>