<?xml version="1.0" encoding="UTF-8"?>
<process-definition xmlns="urn:jbpm.org:jpdl-3.2"
	name="ApplicationExProcess">
	<description>采购申请单审批简化流程</description>
	<swimlane name="starter">
		<assignment class="com.glaf.jbpm.assignment.GeneralAssignment">
		</assignment>
	</swimlane>
	<swimlane name="submiter">
		<assignment
			class="com.glaf.jbpm.assignment.ProcessStarterAssignment">
		</assignment>
	</swimlane>

	<action name="create_task02"
		class="com.glaf.jbpm.action.SqlMapTaskInstanceAction">
		<leaveNodeIfActorNotAvailable>
			true
		</leaveNodeIfActorNotAvailable>
		<taskName>task02</taskName>
		<queryId>getXYDeptRoleUsers</queryId>
		<roleId> R_CGSQSD</roleId>
		<deptId>#P{deptId03}</deptId>
	</action>

	<action name="xyz_1000" class="com.glaf.jbpm.action.SQLAction">
		<sql>
			UPDATE ${tableName}
			SET SPROCESSNAME = 'ApplicationProcess',
			SPROCESSINSTANCEID = ?, ISTATUS
			= 20, IWFSTATUS = 1000 WHERE SappNo =
			?
		</sql>
		<elements element-type="org.dom4j.Element">
			<element value-type="java.lang.String">
				<key>processInstanceId</key>
				<value>#{processInstanceId}</value>
			</element>
			<element value-type="java.lang.String">
				<key>rowId</key>
				<value>#{rowId}</value>
			</element>
		</elements>
	</action>

	<action name="xyz_1050" class="com.glaf.jbpm.action.SQLAction">
		<sql>
			UPDATE ${tableName}
			SET ISTATUS= 20,IRETURNFLAG = 0, IWFSTATUS
			= 1000 WHERE SappNo = ?
		</sql>
		<elements element-type="org.dom4j.Element">
			<element value-type="java.lang.String">
				<key>rowId</key>
				<value>#{rowId}</value>
			</element>
		</elements>
	</action>

	<action name="xyz_1002" class="com.glaf.jbpm.action.SQLAction">
		<sql>
			UPDATE ${tableName} SET
			ISTATUS = 20,IRETURNFLAG = 0, IWFSTATUS
			= 1004
			WHERE SappNo = ?
		</sql>
		<elements element-type="org.dom4j.Element">
			<element value-type="java.lang.String">
				<key>rowId</key>
				<value>#{rowId}</value>
			</element>
		</elements>
	</action>

	<action name="xyz_5555" class="com.glaf.jbpm.action.SQLAction">
		<sql>
			UPDATE ${tableName} SET
			ISTATUS = 0, IRETURNFLAG = 1, IWFSTATUS
			= -5555
			WHERE SappNo = ?
		</sql>
		<elements element-type="org.dom4j.Element">
			<element value-type="java.lang.String">
				<key>rowId</key>
				<value>#{rowId}</value>
			</element>
		</elements>
	</action>


	<action name="xyz_9999" class="com.glaf.jbpm.action.SQLAction">
		<sql>
			UPDATE ${tableName} SET
			ISTATUS = 30,IRETURNFLAG = 0, IWFSTATUS
			= 9999
			WHERE SappNo = ?
		</sql>
		<elements element-type="org.dom4j.Element">
			<element value-type="java.lang.String">
				<key>rowId</key>
				<value>#{rowId}</value>
			</element>
		</elements>
	</action>


    <action name="ApproveAction"
		class="com.glaf.jbpm.action.ApproveAction">
	</action>


	<start-state name="启动流程">
		<task name="task0" description="启动流程" swimlane="starter">
			<controller>
				<variable name="isAgree" access="read,write,required"
					mapped-name="isAgree" />
			</controller>
			<event type="task-create">
				<action ref-name="xyz_1000" />
			</event>
		</task>
		<transition to="采购申请单收单确认" name="提交"></transition>
	</start-state>


	<task-node name="重新修改">
		<event type="node-enter">
			<action ref-name="xyz_5555" />
		</event>
		<transition to="采购申请单收单确认" name="重新提交"></transition>
		<task name="task555" description="重新修改" swimlane="submiter">
		</task>
	</task-node>
	<task-node name="采购申请单收单确认" create-tasks="false" end-tasks="true"
		signal="first">
		<event type="node-enter">
			<action ref-name="create_task02" />
			<action ref-name="xyz_1002" />
		</event>
		<event type="node-leave">
			<action ref-name="ApproveAction" />
		</event>
		<transition to="是否收单？" name="to 是否收单？"></transition>
		<task name="task02" description="采购申请单收单确认">
			<controller>
				<variable name="isAgree" access="read,write,required"
					mapped-name="isAgree" />
			</controller>
		</task>
	</task-node>
	<decision name="是否收单？">
		<transition to="重新修改" name="不接收"></transition>
		<transition to="完成" name="接收">
			<condition expression="#{isAgree eq 'true'}" />
		</transition>
	</decision>
	<end-state name="完成">
		<event type="node-enter">
			<action ref-name="xyz_9999" />
		</event>
	</end-state>
</process-definition>