<?xml version="1.0" encoding="UTF-8"?>
<process-definition xmlns="urn:jbpm.org:jpdl-3.2"
	name="ApplicationProcess">
	<description>采购申请单审批流程</description>
	<swimlane name="starter">
		<assignment class="com.glaf.jbpm.assignment.GeneralAssignment">
		</assignment>
	</swimlane>
	<swimlane name="submiter">
		<assignment
			class="com.glaf.jbpm.assignment.ProcessStarterAssignment">
		</assignment>
	</swimlane>

	<action name="create_task01"
		class="com.glaf.jbpm.action.SqlMapMultiTaskInstanceAction">
		<leaveNodeIfActorNotAvailable>
			true
		</leaveNodeIfActorNotAvailable>
		<isPooled>true</isPooled>
		<taskName>task01</taskName>
		<queryId>getXYDeptRoleUsers</queryId>
		<deptId>#P{deptId01}</deptId>
		<roleIds>
			<roleId>R_SGKZ</roleId>
			<roleId>R_SGKZJ</roleId>
		</roleIds>
	</action>


	<action name="create_task02"
		class="com.glaf.jbpm.action.SqlMapMultiTaskInstanceAction">
		<leaveNodeIfActorNotAvailable>
			true
		</leaveNodeIfActorNotAvailable>
		<isPooled>true</isPooled>
		<taskName>task02</taskName>
		<queryId>getXYDeptRoleUsers</queryId>
		<roleIds>
			<roleId>R_SGBZ</roleId>
			<roleId>R_SGBZJ</roleId>
		</roleIds>
		<deptId>#P{deptId02}</deptId>
	</action>
	<action name="create_task03"
		class="com.glaf.jbpm.action.SqlMapTaskInstanceAction">
		<leaveNodeIfActorNotAvailable>
			true
		</leaveNodeIfActorNotAvailable>
		<taskName>task03</taskName>
		<queryId>getXYDeptRoleUsers</queryId>
		<roleId>R_CGSQSD</roleId>
		<deptId>#P{deptId03}</deptId>
	</action>
	<action name="xyz_1000" class="com.glaf.jbpm.action.SQLAction">
		<sql>
			UPDATE ${tableName}
			SET SPROCESSNAME = 'ApplicationProcess',
			SPROCESSINSTANCEID = ?, ISTATUS
			= 10, IWFSTATUS = 1000 WHERE SappNo =
			?
		</sql>
		<elements element-type="org.dom4j.Element">
			<element value-type="java.lang.String">
				<key>processInstanceId</key>
				<value>#{processInstanceId}</value>
			</element>
			<element value-type="java.lang.String">
				<key>rowId</key>
				<value>#{rowId}</value>
			</element>
		</elements>
	</action>
	<action name="xyz_1050" class="com.glaf.jbpm.action.SQLAction">
		<sql>
			UPDATE ${tableName}
			SET ISTATUS= 10,IRETURNFLAG = 0, IWFSTATUS
			= 1000 WHERE SappNo = ?
		</sql>
		<elements element-type="org.dom4j.Element">
			<element value-type="java.lang.String">
				<key>rowId</key>
				<value>#{rowId}</value>
			</element>
		</elements>
	</action>
	<action name="xyz_1001" class="com.glaf.jbpm.action.SQLAction">
		<sql>
			UPDATE ${tableName} SET ISTATUS= 10,
			IRETURNFLAG = 0, IWFSTATUS
			= 1002
			WHERE SappNo = ?
		</sql>
		<elements element-type="org.dom4j.Element">
			<element value-type="java.lang.String">
				<key>rowId</key>
				<value>#{rowId}</value>
			</element>
		</elements>
	</action>
	<action name="xyz_1002" class="com.glaf.jbpm.action.SQLAction">
		<sql>
			UPDATE ${tableName} SET
			ISTATUS = 20,IRETURNFLAG = 0, IWFSTATUS
			= 1004
			WHERE SappNo = ?
		</sql>
		<elements element-type="org.dom4j.Element">
			<element value-type="java.lang.String">
				<key>rowId</key>
				<value>#{rowId}</value>
			</element>
		</elements>
	</action>
	<action name="xyz_5555" class="com.glaf.jbpm.action.SQLAction">
		<sql>
			UPDATE ${tableName} SET
			ISTATUS = 0, IRETURNFLAG = 1, IWFSTATUS
			= -5555
			WHERE SappNo = ?
		</sql>
		<elements element-type="org.dom4j.Element">
			<element value-type="java.lang.String">
				<key>rowId</key>
				<value>#{rowId}</value>
			</element>
		</elements>
	</action>
     

	<action name="xyz_9999" class="com.glaf.jbpm.action.SQLAction">
		<sql>
			UPDATE ${tableName} SET
			ISTATUS = 30,IRETURNFLAG = 0, IWFSTATUS
			= 9999
			WHERE SappNo = ?
		</sql>
		<elements element-type="org.dom4j.Element">
			<element value-type="java.lang.String">
				<key>rowId</key>
				<value>#{rowId}</value>
			</element>
		</elements>
	</action>

	<action name="ApproveAction"
		class="com.glaf.jbpm.action.ApproveAction">
	</action>

	<action name="EndCounterSigningAction"
	        class="com.glaf.jbpm.action.EndCounterSigningAction">
	    <expression>#{isAgree eq 'false'}</expression>
	</action>

	<start-state name="启动流程">
		<task name="task0" description="启动流程" swimlane="starter">
			<controller>
				<variable name="isAgree" access="read,write,required"
					mapped-name="isAgree" />
			</controller>
			<event type="task-create">
				<action ref-name="xyz_1000" />
			</event>
		</task>
		<transition to="科长审批" name="提交"></transition>
	</start-state>


	<task-node name="科长审批" create-tasks="false" end-tasks="true"
		signal="last">
		<event type="node-enter">
		    <action ref-name="xyz_1050" />
			<action ref-name="create_task01" />
		</event>
		<event type="node-leave">
			<action ref-name="ApproveAction" />
		</event>
		<transition to="科长是否通过？" name="to 科长是否通过？"></transition>
		<task name="task01" description="科长审批">
			<controller>
				<variable name="isAgree" access="read,write,required"
					mapped-name="isAgree" />
			</controller>
			<event type="task-end">
			<action ref-name="EndCounterSigningAction" />
			</event>
		</task>
	</task-node>
	<decision name="科长是否通过？">
		<transition to="重新修改" name="不通过"></transition>
		<transition to="部长审批" name="to 部长审批">
		<condition expression="#{isAgree eq 'true'}" />
		</transition>
	</decision>
	<task-node name="部长审批" create-tasks="false" end-tasks="true"
		signal="last">
	    <event type="node-enter">
		    <action ref-name="xyz_1001" />
			<action ref-name="create_task02" />
		</event>
	    <event type="node-leave">
			<action ref-name="ApproveAction" />
		</event>
		<transition to="部长是否通过？" name="to 部长是否通过？"></transition>
		<task name="task02" description="部长审批">
			<controller>
				<variable name="isAgree" access="read,write,required"
					mapped-name="isAgree" />
			</controller>
			<event type="task-end">
			<action ref-name="EndCounterSigningAction" />
			</event>
		</task>
	</task-node>
	<decision name="部长是否通过？">
		<transition to="重新修改" name="不通过"></transition>
		<transition to="业务处理" name="to 收单确认">
		<condition expression="#{isAgree eq 'true'}" />
		</transition>
	</decision>
	<task-node name="重新修改">
		<event type="node-enter">
			<action ref-name="xyz_5555" />
		</event>
		<transition to="科长审批" name="重新提交"></transition>
		<task name="task555" description="重新修改" swimlane="submiter">
		</task>
	</task-node>
	<task-node name="收单确认" create-tasks="false" end-tasks="true"
		signal="first">
		<event type="node-enter">
			<action ref-name="xyz_1002" />
			<action ref-name="create_task03" />
		</event>
		<event type="node-leave">
			<action ref-name="ApproveAction" />
		</event>
		<task name="task03" description="收单确认">
			<controller>
				<variable name="isAgree" access="read,write,required"
					mapped-name="isAgree" />
			</controller>
		</task>
		<transition to="是否收单？" name="to 是否收单？"></transition>
	</task-node>
	<decision name="是否收单？">
		<transition to="重新修改" name="不接收"></transition>
		<transition to="完成" name="to 完成">
			<condition expression="#{isAgree eq 'true'}" />
		</transition>
	</decision>
	<node name="业务处理">
		<transition to="收单确认"></transition>
		<event type="node-enter">
		  <!-- <action ref-name="xyz_6666" /> -->
		</event>
	</node>
	<end-state name="完成">
		<event type="node-enter">
			<action ref-name="xyz_9999" />
		</event>
	</end-state>
</process-definition>