<?xml version="1.0" encoding="UTF-8"?>
<beans xmlns="http://www.springframework.org/schema/beans"
	xmlns:p="http://www.springframework.org/schema/p" xmlns:xsi="http://www.w3.org/2001/XMLSchema-instance"
	xmlns:context="http://www.springframework.org/schema/context"
	xsi:schemaLocation="http://www.springframework.org/schema/beans http://www.springframework.org/schema/beans/spring-beans-3.0.xsd
	http://www.springframework.org/schema/context http://www.springframework.org/schema/context/spring-context-3.0.xsd">

	<bean id="processEngineConfiguration"
		class="com.glaf.activiti.spring.SpringProcessEngineConfigurationBean">
		<property name="databaseSchemaUpdate" value="true" />
		<property name="dataSource" ref="dataSource" />
		<!-- property name="sqlSessionFactory" ref="sqlSessionFactory" / -->
		<property name="transactionManager" ref="transactionManager" />
		<property name="jobExecutorActivate" value="false" />
		<property name="mapperLocations">
			<list>
				<value>classpath:com/glaf/**/mapper/*Mapper.xml</value>
				<value>classpath:resources/mybatis/mapper/*Mapper.xml</value>
			</list>
		</property>
	</bean>

	<bean id="processEngine" class="org.activiti.spring.ProcessEngineFactoryBean">
		<property name="processEngineConfiguration" ref="processEngineConfiguration" />
	</bean>

	<bean id="identityService" factory-bean="processEngine"
		factory-method="getIdentityService" />

	<bean id="formService" factory-bean="processEngine"
		factory-method="getFormService" />

	<bean id="repositoryService" factory-bean="processEngine"
		factory-method="getRepositoryService" />

	<bean id="runtimeService" factory-bean="processEngine"
		factory-method="getRuntimeService" />

	<bean id="taskService" factory-bean="processEngine"
		factory-method="getTaskService" />

	<bean id="historyService" factory-bean="processEngine"
		factory-method="getHistoryService" />

	<bean id="managementService" factory-bean="processEngine"
		factory-method="getManagementService" />

</beans>