<?xml version="1.0" encoding="UTF-8"?>

<process-definition  xmlns="urn:jbpm.org:jpdl-3.2"  name="WarehouseProcess">
    <description>入库单审核流程</description>
	<swimlane name="starter">
		<assignment class="com.glaf.jbpm.assignment.GeneralAssignment">
		</assignment>
	</swimlane>

	<swimlane name="submiter">
		<assignment
			class="com.glaf.jbpm.assignment.ProcessStarterAssignment">
		</assignment>
	</swimlane>

    <action name="create_task01"
		class="com.glaf.jbpm.action.SqlMapTaskInstanceAction">
		<leaveNodeIfActorNotAvailable>
			true
		</leaveNodeIfActorNotAvailable>
		<taskName>task01</taskName>
		<queryId>getXYDeptRoleUsers</queryId>
		<roleId>R_RKDSP</roleId>
		<deptId>#P{deptId01}</deptId>
	</action>

	<action name="xyz_1000" class="com.glaf.jbpm.action.SQLAction">
		<sql>
			UPDATE ${tableName} 
			SET SPROCESSNAME = 'WarehouseProcess',
			SPROCESSINSTANCEID = ?, ISTATUS= 10, IWFSTATUS = 1000  
			WHERE IacceptanceId = ?
		</sql>
		<elements element-type="org.dom4j.Element">
			<element value-type="java.lang.String">
				<key>processInstanceId</key>
				<value>#{processInstanceId}</value>
			</element>
			<element value-type="java.lang.String">
				<key>rowId</key>
				<value>#{rowId}</value>
			</element>
		</elements>
	</action>

	<action name="xyz_1002" class="com.glaf.jbpm.action.SQLAction">
		<sql>
			UPDATE ${tableName}  SET
			ISTATUS = 10, IRETURNFLAG = 0, IWFSTATUS = 1002 
			WHERE IacceptanceId = ?
		</sql>
		<elements element-type="org.dom4j.Element">
			<element value-type="java.lang.String">
				<key>rowId</key>
				<value>#{rowId}</value>
			</element>
		</elements>
	</action>

	<action name="xyz_5555" class="com.glaf.jbpm.action.SQLAction">
		<sql>
			UPDATE ${tableName}  SET
			ISTATUS = 0, IRETURNFLAG = 1, IWFSTATUS = -5555 
			WHERE IacceptanceId = ?
		</sql>
		<elements element-type="org.dom4j.Element">
			<element value-type="java.lang.String">
				<key>rowId</key>
				<value>#{rowId}</value>
			</element>
		</elements>
	</action>

	<action name="xyz_9999" class="com.glaf.jbpm.action.SQLAction">
		<sql>
			UPDATE ${tableName}  SET
			ISTATUS = 20,IRETURNFLAG = 0, IWFSTATUS = 9999 
			WHERE IacceptanceId = ?
		</sql>
		<elements element-type="org.dom4j.Element">
			<element value-type="java.lang.String">
				<key>rowId</key>
				<value>#{rowId}</value>
			</element>
		</elements>
	</action>

	<action name="xyz_9" class="com.glaf.jbpm.action.SQLAction">
		<sql>
			UPDATE GGS_Acceptance  SET
			ISTATUS = -1, IRETURNFLAG = 0, IWFSTATUS = 9999 
			WHERE IacceptanceId = ?
		</sql>
		<elements element-type="org.dom4j.Element">
			<element value-type="java.lang.String">
				<key>rowId</key>
				<value>#{rowId}</value>
			</element>
		</elements>
	</action>

	<start-state name="启动流程">	
	 <task name="task0" description="启动流程" swimlane="starter">
			<controller>
				<variable name="isAgree" access="read,write,required"
				mapped-name="isAgree" />
			</controller>
			<event type="task-create">
				<action ref-name="xyz_1000" />
			</event>
		</task>
		<transition to="入库单审批" name="提交"></transition>
	</start-state>	

	<task-node name="入库单审批"  create-tasks="false" end-tasks="true"
		signal="first">	
		<event type="node-enter">
			<action ref-name="create_task01" />
			<action ref-name="xyz_1002" />
		</event>
		<event type="node-leave">
			<action ref-name="ApproveAction" />
		</event>
		<task name="task01" description="入库单审批" >
			<controller>
				<variable name="isAgree" access="read,write,required"
				mapped-name="isAgree" />
			</controller>
		</task>
		<transition to="是否通过？" name="判断"></transition>
	  </task-node>

	  <task-node name="重新修改">
	  <event type="node-enter">
			<action ref-name="xyz_5555" />
		</event>
	   <task name="task555" description="重新修改" swimlane="submiter">
		</task>
		<transition to="入库单审批" name="重新提交"></transition>
	</task-node>

	<decision name="是否通过？">
	    <transition to="重新修改" name="不通过"></transition>
	    <transition to="完成" name="to 完成">
		  <condition expression="#{isAgree eq 'true'}" />
		</transition>	
	</decision>

	<end-state name="完成">
	    <event type="node-enter">
			<action ref-name="xyz_9999" />
		</event>
	</end-state>
</process-definition>