<?xml version="1.0" encoding="UTF-8" ?> 

<!DOCTYPE mapper PUBLIC "-//mybatis.org//DTD Mapper 3.0//EN" "http://mybatis.org/dtd/mybatis-3-mapper.dtd">

<mapper namespace="com.glaf.core.batch.mapper.StepExecutionContextMapper">

	<resultMap id="stepExecutionContextResultMap"	type="com.glaf.core.batch.domain.StepExecutionContext">
		<id property="stepExecutionId" column="step_execution_id" jdbcType="INTEGER" />
		<result property="shortContext" column="short_context" jdbcType="VARCHAR"/>
		<result property="serializedContext" column="serialized_context" jdbcType="VARCHAR"/>
	</resultMap>

 
	<insert id="insertStepExecutionContext" parameterType="com.glaf.core.batch.domain.StepExecutionContext">
		insert into SYS_STEP_EXECUTION_CONTEXT 
		<trim prefix="(" suffix=")" suffixOverrides=",">
		    step_execution_id
			<if test="shortContext != null">
				,short_context 
			</if>
			<if test="serializedContext != null">
				,serialized_context
			</if>
		</trim>

		<trim prefix=" values (" suffix=")" suffixOverrides=",">
			  #{stepExecutionId, jdbcType=INTEGER}
	     
			<if test="shortContext != null">
				,#{shortContext, jdbcType=VARCHAR}
			</if>
			<if test="serializedContext != null">
				,#{serializedContext, jdbcType=VARCHAR}
			</if>
		</trim>
	</insert>

	 
	<update id="updateStepExecutionContext" parameterType="com.glaf.core.batch.domain.StepExecutionContext">
		update
		SYS_STEP_EXECUTION_CONTEXT
		set
		<trim prefix="" suffix="" suffixOverrides=",">		
			<if test="shortContext != null">
				short_context = #{shortContext, jdbcType=VARCHAR},
			</if>
			<if test="serializedContext != null">
				serialized_context = #{serializedContext, jdbcType=VARCHAR},
			</if>
		</trim>
		where
          step_execution_id = #{stepExecutionId, jdbcType=INTEGER}
		
	</update>

 
	<delete id="deleteStepExecutionContextById" parameterType="string"> 
        delete from SYS_STEP_EXECUTION_CONTEXT
        where step_execution_id = #{id}
	</delete>
	

	<select id="getStepExecutionContextById" parameterType="string" resultMap="stepExecutionContextResultMap">
		select * from SYS_STEP_EXECUTION_CONTEXT 
		where step_execution_id = #{id}
	</select>

</mapper>