<?xml version="1.0" encoding="UTF-8"?>
<definitions xmlns="http://www.omg.org/spec/BPMN/20100524/MODEL" xmlns:xsi="http://www.w3.org/2001/XMLSchema-instance" xmlns:activiti="http://activiti.org/bpmn" xmlns:bpmndi="http://www.omg.org/spec/BPMN/20100524/DI" xmlns:omgdc="http://www.omg.org/spec/DD/20100524/DC" xmlns:omgdi="http://www.omg.org/spec/DD/20100524/DI" typeLanguage="http://www.w3.org/2001/XMLSchema" expressionLanguage="http://www.w3.org/1999/XPath"
targetNamespace="http://www.glaf.com/bpmn">
  <process id="PriceAuditing5" name="电子报价审批流程">
    <startEvent id="startevent1" name="启动流程"></startEvent>
    <userTask id="usertask1" name="国产科系长审核" activiti:assignee="leader1">
      <extensionElements>
        <activiti:taskListener event="create" class="com.glaf.activiti.tasklistener.UserTaskListener">
          <activiti:field name="expression">
            <activiti:string>user(leader1)</activiti:string>
          </activiti:field>
        </activiti:taskListener>
        <activiti:taskListener event="create" class="com.glaf.activiti.tasklistener.ResetVariableTaskListener">
          <activiti:field name="json">
            <activiti:string>{PT_ADT:"2",GC_ADT:"2",JH_ADT:"2",route:""}</activiti:string>
          </activiti:field>
        </activiti:taskListener>
      </extensionElements>
    </userTask>
    <exclusiveGateway id="exclusivegateway1" name="Exclusive Gateway"></exclusiveGateway>
    <userTask id="usertask2" name="计划科担当审核" activiti:assignee="leader2">
      <extensionElements>
        <activiti:taskListener event="create" class="com.glaf.activiti.tasklistener.UserTaskListener">
          <activiti:field name="expression">
            <activiti:string>user(leader2)</activiti:string>
          </activiti:field>
        </activiti:taskListener>
      </extensionElements>
    </userTask>
    <userTask id="usertask3" name="计划科系长审核" activiti:assignee="leader3">
      <extensionElements>
        <activiti:taskListener event="create" class="com.glaf.activiti.tasklistener.UserTaskListener">
          <activiti:field name="expression">
            <activiti:string>user(leader3)</activiti:string>
          </activiti:field>
        </activiti:taskListener>
      </extensionElements>
    </userTask>
    <exclusiveGateway id="exclusivegateway2" name="Exclusive Gateway"></exclusiveGateway>
    <userTask id="usertask4" name="计划科科长审核" activiti:assignee="leader4">
      <extensionElements>
        <activiti:taskListener event="create" class="com.glaf.activiti.tasklistener.UserTaskListener">
          <activiti:field name="expression">
            <activiti:string>user(leader4)</activiti:string>
          </activiti:field>
        </activiti:taskListener>
        <activiti:taskListener event="complete" class="com.glaf.activiti.tasklistener.CancelAllTaskListener">
          <activiti:field name="conditionExpression">
            <activiti:expression>${!approve &amp;&amp; route=='X'}</activiti:expression>
          </activiti:field>
        </activiti:taskListener>
      </extensionElements>
    </userTask>
    <exclusiveGateway id="exclusivegateway3" name="Exclusive Gateway"></exclusiveGateway>
    <exclusiveGateway id="exclusivegateway4" name="Exclusive Gateway"></exclusiveGateway>
    <userTask id="usertask5" name="国产科副科长审核" activiti:assignee="leader5">
      <extensionElements>
        <activiti:taskListener event="create" class="com.glaf.activiti.tasklistener.UserTaskListener">
          <activiti:field name="expression">
            <activiti:string>user(leader5)</activiti:string>
          </activiti:field>
        </activiti:taskListener>
        <activiti:taskListener event="complete" class="com.glaf.activiti.tasklistener.CancelAllTaskListener">
          <activiti:field name="conditionExpression">
            <activiti:expression>${!approve}</activiti:expression>
          </activiti:field>
        </activiti:taskListener>
      </extensionElements>
    </userTask>
    <exclusiveGateway id="exclusivegateway5" name="Exclusive Gateway"></exclusiveGateway>
    <userTask id="usertask6" name="国产科科长审核" activiti:assignee="leader6">
      <extensionElements>
        <activiti:taskListener event="create" class="com.glaf.activiti.tasklistener.UserTaskListener">
          <activiti:field name="expression">
            <activiti:string>user(leader6)</activiti:string>
          </activiti:field>
        </activiti:taskListener>
        <activiti:taskListener event="complete" class="com.glaf.activiti.tasklistener.CancelAllTaskListener">
          <activiti:field name="conditionExpression">
            <activiti:expression>${!approve &amp;&amp; route=='X'}</activiti:expression>
          </activiti:field>
        </activiti:taskListener>
      </extensionElements>
    </userTask>
    <exclusiveGateway id="exclusivegateway6" name="Exclusive Gateway"></exclusiveGateway>
    <exclusiveGateway id="exclusivegateway7" name="Exclusive Gateway"></exclusiveGateway>
    <userTask id="usertask7" name="配套科担当审核" activiti:assignee="leader7">
      <extensionElements>
        <activiti:taskListener event="create" class="com.glaf.activiti.tasklistener.UserTaskListener">
          <activiti:field name="expression">
            <activiti:string>user(leader7)</activiti:string>
          </activiti:field>
        </activiti:taskListener>
      </extensionElements>
    </userTask>
    <userTask id="usertask8" name="配套科科长审核" activiti:assignee="leader8">
      <extensionElements>
        <activiti:taskListener event="create" class="com.glaf.activiti.tasklistener.UserTaskListener">
          <activiti:field name="expression">
            <activiti:string>user(leader8)</activiti:string>
          </activiti:field>
        </activiti:taskListener>
        <activiti:taskListener event="complete" class="com.glaf.activiti.tasklistener.CancelAllTaskListener">
          <activiti:field name="conditionExpression">
            <activiti:expression>${!approve and route=='X'}</activiti:expression>
          </activiti:field>
        </activiti:taskListener>
      </extensionElements>
    </userTask>
    <exclusiveGateway id="exclusivegateway8" name="Exclusive Gateway"></exclusiveGateway>
    <exclusiveGateway id="exclusivegateway9" name="Exclusive Gateway"></exclusiveGateway>
    <userTask id="usertask9" name="副部长审批" activiti:assignee="leader9">
      <extensionElements>
        <activiti:taskListener event="create" class="com.glaf.activiti.tasklistener.UserTaskListener">
          <activiti:field name="expression">
            <activiti:string>user(leader9)</activiti:string>
          </activiti:field>
        </activiti:taskListener>
      </extensionElements>
    </userTask>
    <exclusiveGateway id="exclusivegateway10" name="Exclusive Gateway"></exclusiveGateway>
    <userTask id="usertask10" name="部长审批" activiti:assignee="leader10">
      <extensionElements>
        <activiti:taskListener event="create" class="com.glaf.activiti.tasklistener.UserTaskListener">
          <activiti:field name="expression">
            <activiti:string>user(leader10)</activiti:string>
          </activiti:field>
        </activiti:taskListener>
      </extensionElements>
    </userTask>
    <exclusiveGateway id="exclusivegateway11" name="Exclusive Gateway"></exclusiveGateway>
    <userTask id="usertask11" name="担当重新提交" activiti:assignee="joy">
      <extensionElements>
        <activiti:taskListener event="create" class="com.glaf.activiti.tasklistener.ProcessStarterListener"></activiti:taskListener>
      </extensionElements>
    </userTask>
    <endEvent id="endevent1" name="完成"></endEvent>
    <inclusiveGateway id="inclusivegateway1" name="Join"></inclusiveGateway>
    <inclusiveGateway id="inclusivegateway2" name="Fork"></inclusiveGateway>
    <sequenceFlow id="flow1" name="提交审核" sourceRef="startevent1" targetRef="usertask1"></sequenceFlow>
    <sequenceFlow id="flow2" name="判断" sourceRef="usertask1" targetRef="exclusivegateway11"></sequenceFlow>
    <sequenceFlow id="flow8" name="担当审核" sourceRef="exclusivegateway1" targetRef="usertask2">
      <conditionExpression xsi:type="tFormalExpression"><![CDATA[${JH_ADT=='2'}]]></conditionExpression>
    </sequenceFlow>
    <sequenceFlow id="flow9" name="提交" sourceRef="usertask2" targetRef="usertask3"></sequenceFlow>
    <sequenceFlow id="flow10" name="判断" sourceRef="usertask3" targetRef="exclusivegateway2"></sequenceFlow>
    <sequenceFlow id="flow11" name="退回" sourceRef="exclusivegateway2" targetRef="usertask2">
      <conditionExpression xsi:type="tFormalExpression"><![CDATA[${!approve}]]></conditionExpression>
    </sequenceFlow>
    <sequenceFlow id="flow12" name="通过" sourceRef="exclusivegateway2" targetRef="usertask4">
      <conditionExpression xsi:type="tFormalExpression"><![CDATA[${approve}]]></conditionExpression>
    </sequenceFlow>
    <sequenceFlow id="flow13" name="判断" sourceRef="usertask4" targetRef="exclusivegateway3"></sequenceFlow>
    <sequenceFlow id="flow14" name="退回担当" sourceRef="exclusivegateway3" targetRef="usertask2">
      <conditionExpression xsi:type="tFormalExpression"><![CDATA[${!approve and route== 'A'}]]></conditionExpression>
    </sequenceFlow>
    <sequenceFlow id="flow16" name="科长重审" sourceRef="exclusivegateway1" targetRef="usertask4">
      <conditionExpression xsi:type="tFormalExpression"><![CDATA[${JH_ADT=='1'}]]></conditionExpression>
    </sequenceFlow>
    <sequenceFlow id="flow20" name="副科长审核" sourceRef="exclusivegateway4" targetRef="usertask5">
      <conditionExpression xsi:type="tFormalExpression"><![CDATA[${GC_ADT=='2'}]]></conditionExpression>
    </sequenceFlow>
    <sequenceFlow id="flow21" name="科长重审" sourceRef="exclusivegateway4" targetRef="usertask6">
      <conditionExpression xsi:type="tFormalExpression"><![CDATA[${GC_ADT=='1'}]]></conditionExpression>
    </sequenceFlow>
    <sequenceFlow id="flow22" name="判断" sourceRef="usertask5" targetRef="exclusivegateway5"></sequenceFlow>
    <sequenceFlow id="flow24" name="通过" sourceRef="exclusivegateway5" targetRef="usertask6">
      <conditionExpression xsi:type="tFormalExpression"><![CDATA[${approve}]]></conditionExpression>
    </sequenceFlow>
    <sequenceFlow id="flow25" name="判断" sourceRef="usertask6" targetRef="exclusivegateway6"></sequenceFlow>
    <sequenceFlow id="flow28" name="退回" sourceRef="exclusivegateway6" targetRef="usertask5">
      <conditionExpression xsi:type="tFormalExpression"><![CDATA[${!approve and route== 'B'}]]></conditionExpression>
    </sequenceFlow>
    <sequenceFlow id="flow30" name="担当审核" sourceRef="exclusivegateway7" targetRef="usertask7">
      <conditionExpression xsi:type="tFormalExpression"><![CDATA[${PT_ADT=='2'}]]></conditionExpression>
    </sequenceFlow>
    <sequenceFlow id="flow31" name="提交" sourceRef="usertask7" targetRef="usertask8"></sequenceFlow>
    <sequenceFlow id="flow32" name="判断" sourceRef="usertask8" targetRef="exclusivegateway8"></sequenceFlow>
    <sequenceFlow id="flow38" name="会审通过" sourceRef="exclusivegateway9" targetRef="usertask9">
      <conditionExpression xsi:type="tFormalExpression"><![CDATA[${approve}]]></conditionExpression>
    </sequenceFlow>
    <sequenceFlow id="flow39" name="判断" sourceRef="usertask9" targetRef="exclusivegateway10"></sequenceFlow>
    <sequenceFlow id="flow41" name="通过" sourceRef="exclusivegateway10" targetRef="usertask10">
      <conditionExpression xsi:type="tFormalExpression"><![CDATA[${approve}]]></conditionExpression>
    </sequenceFlow>
    <sequenceFlow id="flow42" name="完成" sourceRef="usertask10" targetRef="endevent1"></sequenceFlow>
    <sequenceFlow id="flow43" name="不通过" sourceRef="exclusivegateway11" targetRef="usertask11">
      <conditionExpression xsi:type="tFormalExpression"><![CDATA[${!approve}]]></conditionExpression>
    </sequenceFlow>
    <sequenceFlow id="flow44" name="重新提交" sourceRef="usertask11" targetRef="usertask1"></sequenceFlow>
    <sequenceFlow id="flow45" name="退回国产科系长" sourceRef="exclusivegateway9" targetRef="usertask1">
      <conditionExpression xsi:type="tFormalExpression"><![CDATA[${!approve}]]></conditionExpression>
    </sequenceFlow>
    <sequenceFlow id="flow46" name="退回" sourceRef="exclusivegateway8" targetRef="usertask7">
      <conditionExpression xsi:type="tFormalExpression"><![CDATA[${!approve and route== 'B'}]]></conditionExpression>
    </sequenceFlow>
    <sequenceFlow id="flow47" name="科长重审" sourceRef="exclusivegateway7" targetRef="usertask8">
      <conditionExpression xsi:type="tFormalExpression"><![CDATA[${PT_ADT=='1'}]]></conditionExpression>
    </sequenceFlow>
    <sequenceFlow id="flow48" name="退回系长" sourceRef="exclusivegateway3" targetRef="usertask3">
      <conditionExpression xsi:type="tFormalExpression"><![CDATA[${!approve and route== 'B'}]]></conditionExpression>
    </sequenceFlow>
    <sequenceFlow id="flow49" name="不通过" sourceRef="exclusivegateway10" targetRef="usertask1">
      <conditionExpression xsi:type="tFormalExpression"><![CDATA[${!approve}]]></conditionExpression>
    </sequenceFlow>
    <sequenceFlow id="flow50" name="To Join" sourceRef="exclusivegateway3" targetRef="inclusivegateway1"></sequenceFlow>
    <sequenceFlow id="flow51" name="To Join" sourceRef="exclusivegateway6" targetRef="inclusivegateway1"></sequenceFlow>
    <sequenceFlow id="flow52" name="To Join" sourceRef="exclusivegateway8" targetRef="inclusivegateway1"></sequenceFlow>
    <sequenceFlow id="flow53" name="判断" sourceRef="inclusivegateway1" targetRef="exclusivegateway9"></sequenceFlow>
    <sequenceFlow id="flow54" name="" sourceRef="exclusivegateway11" targetRef="inclusivegateway2"></sequenceFlow>
    <sequenceFlow id="flow55" name="To 计划科" sourceRef="inclusivegateway2" targetRef="exclusivegateway1">
      <conditionExpression xsi:type="tFormalExpression"><![CDATA[${JH_ADT=='1' || JH_ADT=='2'}]]></conditionExpression>
    </sequenceFlow>
    <sequenceFlow id="flow56" name="To 国产科" sourceRef="inclusivegateway2" targetRef="exclusivegateway4">
      <conditionExpression xsi:type="tFormalExpression"><![CDATA[${GC_ADT=='1' || GC_ADT=='2'}]]></conditionExpression>
    </sequenceFlow>
    <sequenceFlow id="flow57" name="To 配套科" sourceRef="inclusivegateway2" targetRef="exclusivegateway7">
      <conditionExpression xsi:type="tFormalExpression"><![CDATA[${PT_ADT=='1' || PT_ADT=='2'}]]></conditionExpression>
    </sequenceFlow>
    <sequenceFlow id="flow58" name="不通过" sourceRef="exclusivegateway5" targetRef="inclusivegateway1">
      <conditionExpression xsi:type="tFormalExpression"><![CDATA[${!approve}]]></conditionExpression>
    </sequenceFlow>
  </process>
  <bpmndi:BPMNDiagram id="BPMNDiagram_PriceAuditing5">
    <bpmndi:BPMNPlane bpmnElement="PriceAuditing5" id="BPMNPlane_PriceAuditing5">
      <bpmndi:BPMNShape bpmnElement="startevent1" id="BPMNShape_startevent1">
        <omgdc:Bounds height="35" width="35" x="40" y="30"></omgdc:Bounds>
      </bpmndi:BPMNShape>
      <bpmndi:BPMNShape bpmnElement="usertask1" id="BPMNShape_usertask1">
        <omgdc:Bounds height="55" width="105" x="170" y="20"></omgdc:Bounds>
      </bpmndi:BPMNShape>
      <bpmndi:BPMNShape bpmnElement="exclusivegateway1" id="BPMNShape_exclusivegateway1">
        <omgdc:Bounds height="40" width="40" x="109" y="137"></omgdc:Bounds>
      </bpmndi:BPMNShape>
      <bpmndi:BPMNShape bpmnElement="usertask2" id="BPMNShape_usertask2">
        <omgdc:Bounds height="55" width="105" x="77" y="202"></omgdc:Bounds>
      </bpmndi:BPMNShape>
      <bpmndi:BPMNShape bpmnElement="usertask3" id="BPMNShape_usertask3">
        <omgdc:Bounds height="55" width="105" x="77" y="318"></omgdc:Bounds>
      </bpmndi:BPMNShape>
      <bpmndi:BPMNShape bpmnElement="exclusivegateway2" id="BPMNShape_exclusivegateway2">
        <omgdc:Bounds height="40" width="40" x="222" y="325"></omgdc:Bounds>
      </bpmndi:BPMNShape>
      <bpmndi:BPMNShape bpmnElement="usertask4" id="BPMNShape_usertask4">
        <omgdc:Bounds height="55" width="105" x="77" y="428"></omgdc:Bounds>
      </bpmndi:BPMNShape>
      <bpmndi:BPMNShape bpmnElement="exclusivegateway3" id="BPMNShape_exclusivegateway3">
        <omgdc:Bounds height="40" width="40" x="109" y="531"></omgdc:Bounds>
      </bpmndi:BPMNShape>
      <bpmndi:BPMNShape bpmnElement="exclusivegateway4" id="BPMNShape_exclusivegateway4">
        <omgdc:Bounds height="40" width="40" x="363" y="209"></omgdc:Bounds>
      </bpmndi:BPMNShape>
      <bpmndi:BPMNShape bpmnElement="usertask5" id="BPMNShape_usertask5">
        <omgdc:Bounds height="55" width="105" x="492" y="202"></omgdc:Bounds>
      </bpmndi:BPMNShape>
      <bpmndi:BPMNShape bpmnElement="exclusivegateway5" id="BPMNShape_exclusivegateway5">
        <omgdc:Bounds height="40" width="40" x="481" y="368"></omgdc:Bounds>
      </bpmndi:BPMNShape>
      <bpmndi:BPMNShape bpmnElement="usertask6" id="BPMNShape_usertask6">
        <omgdc:Bounds height="55" width="105" x="331" y="361"></omgdc:Bounds>
      </bpmndi:BPMNShape>
      <bpmndi:BPMNShape bpmnElement="exclusivegateway6" id="BPMNShape_exclusivegateway6">
        <omgdc:Bounds height="40" width="40" x="363" y="447"></omgdc:Bounds>
      </bpmndi:BPMNShape>
      <bpmndi:BPMNShape bpmnElement="exclusivegateway7" id="BPMNShape_exclusivegateway7">
        <omgdc:Bounds height="40" width="40" x="630" y="168"></omgdc:Bounds>
      </bpmndi:BPMNShape>
      <bpmndi:BPMNShape bpmnElement="usertask7" id="BPMNShape_usertask7">
        <omgdc:Bounds height="55" width="105" x="776" y="161"></omgdc:Bounds>
      </bpmndi:BPMNShape>
      <bpmndi:BPMNShape bpmnElement="usertask8" id="BPMNShape_usertask8">
        <omgdc:Bounds height="55" width="105" x="598" y="361"></omgdc:Bounds>
      </bpmndi:BPMNShape>
      <bpmndi:BPMNShape bpmnElement="exclusivegateway8" id="BPMNShape_exclusivegateway8">
        <omgdc:Bounds height="40" width="40" x="808" y="368"></omgdc:Bounds>
      </bpmndi:BPMNShape>
      <bpmndi:BPMNShape bpmnElement="exclusivegateway9" id="BPMNShape_exclusivegateway9">
        <omgdc:Bounds height="40" width="40" x="890" y="531"></omgdc:Bounds>
      </bpmndi:BPMNShape>
      <bpmndi:BPMNShape bpmnElement="usertask9" id="BPMNShape_usertask9">
        <omgdc:Bounds height="55" width="105" x="858" y="335"></omgdc:Bounds>
      </bpmndi:BPMNShape>
      <bpmndi:BPMNShape bpmnElement="exclusivegateway10" id="BPMNShape_exclusivegateway10">
        <omgdc:Bounds height="40" width="40" x="1021" y="83"></omgdc:Bounds>
      </bpmndi:BPMNShape>
      <bpmndi:BPMNShape bpmnElement="usertask10" id="BPMNShape_usertask10">
        <omgdc:Bounds height="55" width="105" x="989" y="286"></omgdc:Bounds>
      </bpmndi:BPMNShape>
      <bpmndi:BPMNShape bpmnElement="exclusivegateway11" id="BPMNShape_exclusivegateway11">
        <omgdc:Bounds height="40" width="40" x="363" y="27"></omgdc:Bounds>
      </bpmndi:BPMNShape>
      <bpmndi:BPMNShape bpmnElement="usertask11" id="BPMNShape_usertask11">
        <omgdc:Bounds height="55" width="105" x="660" y="20"></omgdc:Bounds>
      </bpmndi:BPMNShape>
      <bpmndi:BPMNShape bpmnElement="endevent1" id="BPMNShape_endevent1">
        <omgdc:Bounds height="35" width="35" x="1024" y="534"></omgdc:Bounds>
      </bpmndi:BPMNShape>
      <bpmndi:BPMNShape bpmnElement="inclusivegateway1" id="BPMNShape_inclusivegateway1">
        <omgdc:Bounds height="40" width="40" x="363" y="531"></omgdc:Bounds>
      </bpmndi:BPMNShape>
      <bpmndi:BPMNShape bpmnElement="inclusivegateway2" id="BPMNShape_inclusivegateway2">
        <omgdc:Bounds height="40" width="40" x="363" y="83"></omgdc:Bounds>
      </bpmndi:BPMNShape>
      <bpmndi:BPMNEdge bpmnElement="flow1" id="BPMNEdge_flow1">
        <omgdi:waypoint x="75" y="47"></omgdi:waypoint>
        <omgdi:waypoint x="170" y="47"></omgdi:waypoint>
        <bpmndi:BPMNLabel>
          <omgdc:Bounds height="14" width="100" x="-42" y="-20"></omgdc:Bounds>
        </bpmndi:BPMNLabel>
      </bpmndi:BPMNEdge>
      <bpmndi:BPMNEdge bpmnElement="flow2" id="BPMNEdge_flow2">
        <omgdi:waypoint x="275" y="47"></omgdi:waypoint>
        <omgdi:waypoint x="363" y="47"></omgdi:waypoint>
        <bpmndi:BPMNLabel>
          <omgdc:Bounds height="14" width="100" x="-8" y="0"></omgdc:Bounds>
        </bpmndi:BPMNLabel>
      </bpmndi:BPMNEdge>
      <bpmndi:BPMNEdge bpmnElement="flow8" id="BPMNEdge_flow8">
        <omgdi:waypoint x="129" y="177"></omgdi:waypoint>
        <omgdi:waypoint x="129" y="202"></omgdi:waypoint>
        <bpmndi:BPMNLabel>
          <omgdc:Bounds height="14" width="100" x="10" y="-12"></omgdc:Bounds>
        </bpmndi:BPMNLabel>
      </bpmndi:BPMNEdge>
      <bpmndi:BPMNEdge bpmnElement="flow9" id="BPMNEdge_flow9">
        <omgdi:waypoint x="129" y="257"></omgdi:waypoint>
        <omgdi:waypoint x="129" y="318"></omgdi:waypoint>
        <bpmndi:BPMNLabel>
          <omgdc:Bounds height="14" width="100" x="10" y="0"></omgdc:Bounds>
        </bpmndi:BPMNLabel>
      </bpmndi:BPMNEdge>
      <bpmndi:BPMNEdge bpmnElement="flow10" id="BPMNEdge_flow10">
        <omgdi:waypoint x="182" y="345"></omgdi:waypoint>
        <omgdi:waypoint x="222" y="345"></omgdi:waypoint>
        <bpmndi:BPMNLabel>
          <omgdc:Bounds height="14" width="100" x="-9" y="-20"></omgdc:Bounds>
        </bpmndi:BPMNLabel>
      </bpmndi:BPMNEdge>
      <bpmndi:BPMNEdge bpmnElement="flow11" id="BPMNEdge_flow11">
        <omgdi:waypoint x="242" y="325"></omgdi:waypoint>
        <omgdi:waypoint x="242" y="230"></omgdi:waypoint>
        <omgdi:waypoint x="182" y="229"></omgdi:waypoint>
        <bpmndi:BPMNLabel>
          <omgdc:Bounds height="14" width="100" x="10" y="0"></omgdc:Bounds>
        </bpmndi:BPMNLabel>
      </bpmndi:BPMNEdge>
      <bpmndi:BPMNEdge bpmnElement="flow12" id="BPMNEdge_flow12">
        <omgdi:waypoint x="242" y="365"></omgdi:waypoint>
        <omgdi:waypoint x="242" y="453"></omgdi:waypoint>
        <omgdi:waypoint x="182" y="455"></omgdi:waypoint>
        <bpmndi:BPMNLabel>
          <omgdc:Bounds height="14" width="100" x="10" y="0"></omgdc:Bounds>
        </bpmndi:BPMNLabel>
      </bpmndi:BPMNEdge>
      <bpmndi:BPMNEdge bpmnElement="flow13" id="BPMNEdge_flow13">
        <omgdi:waypoint x="129" y="483"></omgdi:waypoint>
        <omgdi:waypoint x="129" y="531"></omgdi:waypoint>
        <bpmndi:BPMNLabel>
          <omgdc:Bounds height="14" width="100" x="10" y="0"></omgdc:Bounds>
        </bpmndi:BPMNLabel>
      </bpmndi:BPMNEdge>
      <bpmndi:BPMNEdge bpmnElement="flow14" id="BPMNEdge_flow14">
        <omgdi:waypoint x="109" y="551"></omgdi:waypoint>
        <omgdi:waypoint x="39" y="536"></omgdi:waypoint>
        <omgdi:waypoint x="39" y="305"></omgdi:waypoint>
        <omgdi:waypoint x="129" y="257"></omgdi:waypoint>
        <bpmndi:BPMNLabel>
          <omgdc:Bounds height="14" width="100" x="-19" y="-134"></omgdc:Bounds>
        </bpmndi:BPMNLabel>
      </bpmndi:BPMNEdge>
      <bpmndi:BPMNEdge bpmnElement="flow16" id="BPMNEdge_flow16">
        <omgdi:waypoint x="149" y="157"></omgdi:waypoint>
        <omgdi:waypoint x="286" y="157"></omgdi:waypoint>
        <omgdi:waypoint x="286" y="455"></omgdi:waypoint>
        <omgdi:waypoint x="182" y="455"></omgdi:waypoint>
        <bpmndi:BPMNLabel>
          <omgdc:Bounds height="14" width="100" x="10" y="0"></omgdc:Bounds>
        </bpmndi:BPMNLabel>
      </bpmndi:BPMNEdge>
      <bpmndi:BPMNEdge bpmnElement="flow20" id="BPMNEdge_flow20">
        <omgdi:waypoint x="403" y="229"></omgdi:waypoint>
        <omgdi:waypoint x="492" y="229"></omgdi:waypoint>
        <bpmndi:BPMNLabel>
          <omgdc:Bounds height="14" width="100" x="-44" y="-25"></omgdc:Bounds>
        </bpmndi:BPMNLabel>
      </bpmndi:BPMNEdge>
      <bpmndi:BPMNEdge bpmnElement="flow21" id="BPMNEdge_flow21">
        <omgdi:waypoint x="383" y="249"></omgdi:waypoint>
        <omgdi:waypoint x="383" y="361"></omgdi:waypoint>
        <bpmndi:BPMNLabel>
          <omgdc:Bounds height="14" width="100" x="10" y="0"></omgdc:Bounds>
        </bpmndi:BPMNLabel>
      </bpmndi:BPMNEdge>
      <bpmndi:BPMNEdge bpmnElement="flow22" id="BPMNEdge_flow22">
        <omgdi:waypoint x="544" y="257"></omgdi:waypoint>
        <omgdi:waypoint x="501" y="279"></omgdi:waypoint>
        <omgdi:waypoint x="501" y="368"></omgdi:waypoint>
        <bpmndi:BPMNLabel>
          <omgdc:Bounds height="14" width="100" x="10" y="0"></omgdc:Bounds>
        </bpmndi:BPMNLabel>
      </bpmndi:BPMNEdge>
      <bpmndi:BPMNEdge bpmnElement="flow24" id="BPMNEdge_flow24">
        <omgdi:waypoint x="481" y="388"></omgdi:waypoint>
        <omgdi:waypoint x="436" y="388"></omgdi:waypoint>
        <bpmndi:BPMNLabel>
          <omgdc:Bounds height="14" width="100" x="-6" y="-20"></omgdc:Bounds>
        </bpmndi:BPMNLabel>
      </bpmndi:BPMNEdge>
      <bpmndi:BPMNEdge bpmnElement="flow25" id="BPMNEdge_flow25">
        <omgdi:waypoint x="383" y="416"></omgdi:waypoint>
        <omgdi:waypoint x="383" y="447"></omgdi:waypoint>
        <bpmndi:BPMNLabel>
          <omgdc:Bounds height="14" width="100" x="10" y="0"></omgdc:Bounds>
        </bpmndi:BPMNLabel>
      </bpmndi:BPMNEdge>
      <bpmndi:BPMNEdge bpmnElement="flow28" id="BPMNEdge_flow28">
        <omgdi:waypoint x="403" y="467"></omgdi:waypoint>
        <omgdi:waypoint x="544" y="467"></omgdi:waypoint>
        <omgdi:waypoint x="544" y="257"></omgdi:waypoint>
        <bpmndi:BPMNLabel>
          <omgdc:Bounds height="14" width="100" x="10" y="0"></omgdc:Bounds>
        </bpmndi:BPMNLabel>
      </bpmndi:BPMNEdge>
      <bpmndi:BPMNEdge bpmnElement="flow30" id="BPMNEdge_flow30">
        <omgdi:waypoint x="670" y="188"></omgdi:waypoint>
        <omgdi:waypoint x="776" y="188"></omgdi:waypoint>
        <bpmndi:BPMNLabel>
          <omgdc:Bounds height="14" width="100" x="-46" y="-22"></omgdc:Bounds>
        </bpmndi:BPMNLabel>
      </bpmndi:BPMNEdge>
      <bpmndi:BPMNEdge bpmnElement="flow31" id="BPMNEdge_flow31">
        <omgdi:waypoint x="828" y="216"></omgdi:waypoint>
        <omgdi:waypoint x="650" y="361"></omgdi:waypoint>
        <bpmndi:BPMNLabel>
          <omgdc:Bounds height="14" width="100" x="10" y="0"></omgdc:Bounds>
        </bpmndi:BPMNLabel>
      </bpmndi:BPMNEdge>
      <bpmndi:BPMNEdge bpmnElement="flow32" id="BPMNEdge_flow32">
        <omgdi:waypoint x="703" y="388"></omgdi:waypoint>
        <omgdi:waypoint x="808" y="388"></omgdi:waypoint>
        <bpmndi:BPMNLabel>
          <omgdc:Bounds height="14" width="100" x="-16" y="0"></omgdc:Bounds>
        </bpmndi:BPMNLabel>
      </bpmndi:BPMNEdge>
      <bpmndi:BPMNEdge bpmnElement="flow38" id="BPMNEdge_flow38">
        <omgdi:waypoint x="910" y="531"></omgdi:waypoint>
        <omgdi:waypoint x="910" y="390"></omgdi:waypoint>
        <bpmndi:BPMNLabel>
          <omgdc:Bounds height="14" width="100" x="10" y="0"></omgdc:Bounds>
        </bpmndi:BPMNLabel>
      </bpmndi:BPMNEdge>
      <bpmndi:BPMNEdge bpmnElement="flow39" id="BPMNEdge_flow39">
        <omgdi:waypoint x="910" y="335"></omgdi:waypoint>
        <omgdi:waypoint x="910" y="103"></omgdi:waypoint>
        <omgdi:waypoint x="1021" y="103"></omgdi:waypoint>
        <bpmndi:BPMNLabel>
          <omgdc:Bounds height="14" width="100" x="10" y="0"></omgdc:Bounds>
        </bpmndi:BPMNLabel>
      </bpmndi:BPMNEdge>
      <bpmndi:BPMNEdge bpmnElement="flow41" id="BPMNEdge_flow41">
        <omgdi:waypoint x="1041" y="123"></omgdi:waypoint>
        <omgdi:waypoint x="1041" y="286"></omgdi:waypoint>
        <bpmndi:BPMNLabel>
          <omgdc:Bounds height="14" width="100" x="10" y="0"></omgdc:Bounds>
        </bpmndi:BPMNLabel>
      </bpmndi:BPMNEdge>
      <bpmndi:BPMNEdge bpmnElement="flow42" id="BPMNEdge_flow42">
        <omgdi:waypoint x="1041" y="341"></omgdi:waypoint>
        <omgdi:waypoint x="1041" y="534"></omgdi:waypoint>
        <bpmndi:BPMNLabel>
          <omgdc:Bounds height="14" width="100" x="10" y="0"></omgdc:Bounds>
        </bpmndi:BPMNLabel>
      </bpmndi:BPMNEdge>
      <bpmndi:BPMNEdge bpmnElement="flow43" id="BPMNEdge_flow43">
        <omgdi:waypoint x="403" y="47"></omgdi:waypoint>
        <omgdi:waypoint x="660" y="47"></omgdi:waypoint>
        <bpmndi:BPMNLabel>
          <omgdc:Bounds height="14" width="100" x="0" y="0"></omgdc:Bounds>
        </bpmndi:BPMNLabel>
      </bpmndi:BPMNEdge>
      <bpmndi:BPMNEdge bpmnElement="flow44" id="BPMNEdge_flow44">
        <omgdi:waypoint x="660" y="47"></omgdi:waypoint>
        <omgdi:waypoint x="595" y="15"></omgdi:waypoint>
        <omgdi:waypoint x="328" y="15"></omgdi:waypoint>
        <omgdi:waypoint x="275" y="47"></omgdi:waypoint>
        <bpmndi:BPMNLabel>
          <omgdc:Bounds height="14" width="100" x="10" y="0"></omgdc:Bounds>
        </bpmndi:BPMNLabel>
      </bpmndi:BPMNEdge>
      <bpmndi:BPMNEdge bpmnElement="flow45" id="BPMNEdge_flow45">
        <omgdi:waypoint x="910" y="571"></omgdi:waypoint>
        <omgdi:waypoint x="910" y="628"></omgdi:waypoint>
        <omgdi:waypoint x="8" y="628"></omgdi:waypoint>
        <omgdi:waypoint x="8" y="141"></omgdi:waypoint>
        <omgdi:waypoint x="222" y="75"></omgdi:waypoint>
        <bpmndi:BPMNLabel>
          <omgdc:Bounds height="14" width="100" x="106" y="2"></omgdc:Bounds>
        </bpmndi:BPMNLabel>
      </bpmndi:BPMNEdge>
      <bpmndi:BPMNEdge bpmnElement="flow46" id="BPMNEdge_flow46">
        <omgdi:waypoint x="828" y="368"></omgdi:waypoint>
        <omgdi:waypoint x="828" y="216"></omgdi:waypoint>
        <bpmndi:BPMNLabel>
          <omgdc:Bounds height="14" width="100" x="10" y="0"></omgdc:Bounds>
        </bpmndi:BPMNLabel>
      </bpmndi:BPMNEdge>
      <bpmndi:BPMNEdge bpmnElement="flow47" id="BPMNEdge_flow47">
        <omgdi:waypoint x="650" y="208"></omgdi:waypoint>
        <omgdi:waypoint x="650" y="361"></omgdi:waypoint>
        <bpmndi:BPMNLabel>
          <omgdc:Bounds height="14" width="100" x="10" y="0"></omgdc:Bounds>
        </bpmndi:BPMNLabel>
      </bpmndi:BPMNEdge>
      <bpmndi:BPMNEdge bpmnElement="flow48" id="BPMNEdge_flow48">
        <omgdi:waypoint x="129" y="531"></omgdi:waypoint>
        <omgdi:waypoint x="51" y="521"></omgdi:waypoint>
        <omgdi:waypoint x="51" y="382"></omgdi:waypoint>
        <omgdi:waypoint x="129" y="373"></omgdi:waypoint>
        <bpmndi:BPMNLabel>
          <omgdc:Bounds height="14" width="100" x="-1" y="-73"></omgdc:Bounds>
        </bpmndi:BPMNLabel>
      </bpmndi:BPMNEdge>
      <bpmndi:BPMNEdge bpmnElement="flow49" id="BPMNEdge_flow49">
        <omgdi:waypoint x="1041" y="83"></omgdi:waypoint>
        <omgdi:waypoint x="1041" y="6"></omgdi:waypoint>
        <omgdi:waypoint x="223" y="6"></omgdi:waypoint>
        <omgdi:waypoint x="222" y="20"></omgdi:waypoint>
        <bpmndi:BPMNLabel>
          <omgdc:Bounds height="14" width="100" x="10" y="0"></omgdc:Bounds>
        </bpmndi:BPMNLabel>
      </bpmndi:BPMNEdge>
      <bpmndi:BPMNEdge bpmnElement="flow50" id="BPMNEdge_flow50">
        <omgdi:waypoint x="149" y="551"></omgdi:waypoint>
        <omgdi:waypoint x="363" y="551"></omgdi:waypoint>
        <bpmndi:BPMNLabel>
          <omgdc:Bounds height="14" width="100" x="10" y="0"></omgdc:Bounds>
        </bpmndi:BPMNLabel>
      </bpmndi:BPMNEdge>
      <bpmndi:BPMNEdge bpmnElement="flow51" id="BPMNEdge_flow51">
        <omgdi:waypoint x="383" y="487"></omgdi:waypoint>
        <omgdi:waypoint x="383" y="531"></omgdi:waypoint>
        <bpmndi:BPMNLabel>
          <omgdc:Bounds height="14" width="100" x="10" y="0"></omgdc:Bounds>
        </bpmndi:BPMNLabel>
      </bpmndi:BPMNEdge>
      <bpmndi:BPMNEdge bpmnElement="flow52" id="BPMNEdge_flow52">
        <omgdi:waypoint x="828" y="408"></omgdi:waypoint>
        <omgdi:waypoint x="828" y="551"></omgdi:waypoint>
        <omgdi:waypoint x="403" y="551"></omgdi:waypoint>
        <bpmndi:BPMNLabel>
          <omgdc:Bounds height="14" width="100" x="10" y="0"></omgdc:Bounds>
        </bpmndi:BPMNLabel>
      </bpmndi:BPMNEdge>
      <bpmndi:BPMNEdge bpmnElement="flow53" id="BPMNEdge_flow53">
        <omgdi:waypoint x="383" y="571"></omgdi:waypoint>
        <omgdi:waypoint x="449" y="602"></omgdi:waypoint>
        <omgdi:waypoint x="866" y="602"></omgdi:waypoint>
        <omgdi:waypoint x="910" y="571"></omgdi:waypoint>
        <bpmndi:BPMNLabel>
          <omgdc:Bounds height="14" width="100" x="10" y="0"></omgdc:Bounds>
        </bpmndi:BPMNLabel>
      </bpmndi:BPMNEdge>
      <bpmndi:BPMNEdge bpmnElement="flow54" id="BPMNEdge_flow54">
        <omgdi:waypoint x="383" y="67"></omgdi:waypoint>
        <omgdi:waypoint x="383" y="83"></omgdi:waypoint>
      </bpmndi:BPMNEdge>
      <bpmndi:BPMNEdge bpmnElement="flow55" id="BPMNEdge_flow55">
        <omgdi:waypoint x="363" y="103"></omgdi:waypoint>
        <omgdi:waypoint x="129" y="103"></omgdi:waypoint>
        <omgdi:waypoint x="129" y="137"></omgdi:waypoint>
        <bpmndi:BPMNLabel>
          <omgdc:Bounds height="14" width="100" x="37" y="-20"></omgdc:Bounds>
        </bpmndi:BPMNLabel>
      </bpmndi:BPMNEdge>
      <bpmndi:BPMNEdge bpmnElement="flow56" id="BPMNEdge_flow56">
        <omgdi:waypoint x="383" y="123"></omgdi:waypoint>
        <omgdi:waypoint x="383" y="209"></omgdi:waypoint>
        <bpmndi:BPMNLabel>
          <omgdc:Bounds height="14" width="100" x="10" y="0"></omgdc:Bounds>
        </bpmndi:BPMNLabel>
      </bpmndi:BPMNEdge>
      <bpmndi:BPMNEdge bpmnElement="flow57" id="BPMNEdge_flow57">
        <omgdi:waypoint x="403" y="103"></omgdi:waypoint>
        <omgdi:waypoint x="650" y="103"></omgdi:waypoint>
        <omgdi:waypoint x="650" y="168"></omgdi:waypoint>
        <bpmndi:BPMNLabel>
          <omgdc:Bounds height="14" width="100" x="-28" y="-20"></omgdc:Bounds>
        </bpmndi:BPMNLabel>
      </bpmndi:BPMNEdge>
      <bpmndi:BPMNEdge bpmnElement="flow58" id="BPMNEdge_flow58">
        <omgdi:waypoint x="501" y="408"></omgdi:waypoint>
        <omgdi:waypoint x="501" y="551"></omgdi:waypoint>
        <omgdi:waypoint x="403" y="551"></omgdi:waypoint>
        <bpmndi:BPMNLabel>
          <omgdc:Bounds height="14" width="100" x="10" y="0"></omgdc:Bounds>
        </bpmndi:BPMNLabel>
      </bpmndi:BPMNEdge>
    </bpmndi:BPMNPlane>
  </bpmndi:BPMNDiagram>
</definitions>