<?xml version="1.0" encoding="UTF-8"?>
<beans xmlns="http://www.springframework.org/schema/beans"
	xmlns:xsi="http://www.w3.org/2001/XMLSchema-instance" xmlns:context="http://www.springframework.org/schema/context"
	xmlns:util="http://www.springframework.org/schema/util"
	xsi:schemaLocation="
			http://www.springframework.org/schema/beans http://www.springframework.org/schema/beans/spring-beans-3.0.xsd
			http://www.springframework.org/schema/context http://www.springframework.org/schema/context/spring-context-3.0.xsd
			http://www.springframework.org/schema/util http://www.springframework.org/schema/util/spring-util-3.0.xsd">


	<bean id="shiroFilter" class="com.glaf.shiro.MyShiroFilterFactoryBean">
		<property name="securityManager" ref="securityManager" />
		<property name="loginUrl" value="/login.do" />
		<property name="successUrl" value="/main.do" />
		<property name="unauthorizedUrl" value="/unauthorized.jsp" />
		<property name="filters">
			<util:map>
				<entry key="authc" value-ref="formAuthenticationFilter" />
			</util:map>
		</property>
		<property name="filterChainDefinitions">
			<value>
				/=anon
				/login.do*=authc
				/logout.do*=anon
				/sys/*.do=authc,perms[R015]
				/** = authc
			</value>
		</property>
	</bean>

	<bean id="securityManager" class="org.apache.shiro.web.mgt.DefaultWebSecurityManager">
		<property name="realm" ref="myShiroRealm" />
	</bean>

	<bean id="myShiroRealm" class="com.glaf.shiro.SystemRealm">
		<property name="cacheManager" ref="shiroCacheManager" />
	</bean>

	<bean id="lifecycleBeanPostProcessor" class="org.apache.shiro.spring.LifecycleBeanPostProcessor" />

	<bean id="shiroCacheManager" class="org.apache.shiro.cache.ehcache.EhCacheManager">
		<property name="cacheManager" ref="ehCacheManager" />
	</bean>

	<bean id="formAuthenticationFilter"
		class="org.apache.shiro.web.filter.authc.FormAuthenticationFilter" />

</beans>
