<?xml version="1.0" encoding="UTF-8" ?> 

<!DOCTYPE mapper PUBLIC "-//mybatis.org//DTD Mapper 3.0//EN" "http://mybatis.org/dtd/mybatis-3-mapper.dtd">

<mapper namespace="com.glaf.core.mapper.TablePageMapper">

	<select id="getTableCount" parameterType="com.glaf.core.query.TablePageQuery"
		resultType="int">
		select count(*) from ${tableName}
	</select>

	<select id="getTableData" parameterType="com.glaf.core.query.TablePageQuery"
		resultType="map">
		select * from ${tableName}
		<if test="orderBy != null">
			order by ${orderBy}
		</if>
	</select>

	<select id="getSqlQueryCount" parameterType="map" resultType="int">
		${queryString}
	</select>

	<select id="getSqlQueryList" parameterType="map" resultType="map">
		${queryString}
	</select>

</mapper>