<?xml version="1.0" encoding="UTF-8" ?> 

<!DOCTYPE mapper PUBLIC "-//mybatis.org//DTD Mapper 3.0//EN" "http://mybatis.org/dtd/mybatis-3-mapper.dtd">

<mapper namespace="com.glaf.core.mapper.TableDataMapper">


	<insert id="insertTableData" parameterType="com.glaf.core.base.TableModel">

		insert into ${tableName}

		<trim prefix="(" suffix=")" suffixOverrides=",">
			<foreach collection="columns" item="column">
				${column.columnName},
			</foreach>
		</trim>
		<trim prefix="values (" suffix=")" suffixOverrides=",">
			<foreach collection="columns" item="column">
			   <if test="column.value != null">
				<choose>
					<when test="column.javaType == 'Boolean'">
						#{column.value, jdbcType=BOOLEAN},
					</when>
					<when test="column.javaType == 'Integer'">
						#{column.value, jdbcType=INTEGER},
					</when>
					<when test="column.javaType == 'Long'">
						#{column.value, jdbcType=BIGINT},
					</when>
					<when test="column.javaType == 'Double'">
						#{column.value, jdbcType=DOUBLE},
					</when>
					<when test="column.javaType == 'Date'">
						#{column.value, jdbcType=TIMESTAMP},
					</when>
					<otherwise>
						#{column.value, jdbcType=VARCHAR},
					</otherwise>
				</choose>
			  </if>
			</foreach>
		</trim>

	</insert>


	<sql id="insertExtendedTableDataSql">
       
	    <if test="extendedColumns != null and  extendedColumns.size() &gt; 0">
	        <foreach collection="extendedColumns" item="column">
			  <if test="column.value != null">
                <choose>
					<when test="column.javaType == 'Boolean'">
						,#{column.value, jdbcType=BOOLEAN}
					</when>
					<when test="column.javaType == 'Integer'">
						,#{column.value, jdbcType=INTEGER}
					</when>
					<when test="column.javaType == 'Long'">
						,#{column.value, jdbcType=BIGINT}
					</when>
					<when test="column.javaType == 'Double'">
						,#{column.value, jdbcType=DOUBLE}
					</when>
					<when test="column.javaType == 'Date'">
						,#{column.value, jdbcType=TIMESTAMP}
					</when>
					<otherwise>
						,#{column.value, jdbcType=VARCHAR}
					</otherwise>
				</choose>
			  </if>
            </foreach>
		</if>

	</sql>


	<sql id="updateExtendedTableDataSql">
	    
		<if test="extendedColumns != null and  extendedColumns.size() &gt; 0">
	        <foreach collection="extendedColumns" item="column">
			  <if test="column.value != null">
				<choose>
					<when test="column.javaType == 'Integer'">
						${column.columnName} = #{column.value, jdbcType=INTEGER},
					</when>
					<when test="column.javaType == 'Long'">
						${column.columnName} = #{column.value, jdbcType=BIGINT},
					</when>
					<when test="column.javaType == 'Double'">
						${column.columnName} = #{column.value, jdbcType=DOUBLE},
					</when>
					<when test="column.javaType == 'Date'">
						${column.columnName} = #{column.value, jdbcType=TIMESTAMP},
					</when>
					<otherwise>
						${column.columnName} = #{column.value, jdbcType=VARCHAR},
					</otherwise>
				</choose>
			  </if>
			</foreach>
	    </if>

	</sql>


	<update id="updateTableDataByPrimaryKey" parameterType="com.glaf.core.base.TableModel">

		update ${tableName}

		<set>
			<trim prefix="" suffix="" suffixOverrides=",">
				<foreach collection="columns" item="column">
				  <if test="column.value != null">
					<choose>
						<when test="column.javaType == 'Boolean'">
							${column.columnName} = #{column.value,
							jdbcType=BOOLEAN},
						</when>
						<when test="column.javaType == 'Integer'">
							${column.columnName} = #{column.value,
							jdbcType=INTEGER},
						</when>
						<when test="column.javaType == 'Long'">
							${column.columnName} = #{column.value,
							jdbcType=BIGINT},
						</when>
						<when test="column.javaType == 'Double'">
							${column.columnName} = #{column.value,
							jdbcType=DOUBLE},
						</when>
						<when test="column.javaType == 'Date'">
							${column.columnName} = #{column.value,
							jdbcType=TIMESTAMP},
						</when>
						<otherwise>
							${column.columnName} = #{column.value,
							jdbcType=VARCHAR},
						</otherwise>
					</choose>
				  </if>
				</foreach>
			</trim>
		</set>

		where

		<choose>
			<when test="idColumn.javaType == 'Integer'">
				${idColumn.columnName} = #{idColumn.value,
				jdbcType=INTEGER}
			</when>
			<when test="idColumn.javaType == 'Long'">
				${idColumn.columnName} = #{idColumn.value,
				jdbcType=BIGINT}
			</when>
			<otherwise>
				${idColumn.columnName} = #{idColumn.value,
				jdbcType=VARCHAR}
			</otherwise>
		</choose>

	</update>


	<delete id="deleteTableData" parameterType="com.glaf.core.base.TableModel">

		delete from ${tableName}
		where 1=1

		<choose>
			<when test="columns.size != 0">
				<foreach collection="columns" item="column">
					<choose>
						<when test="column.javaType == 'Boolean'">
							and ${column.columnName} = #{column.value,
							jdbcType=BOOLEAN}
						</when>
						<when test="column.javaType == 'Integer'">
							and ${column.columnName} = #{column.value,
							jdbcType=INTEGER}
						</when>
						<when test="column.javaType == 'Long'">
							and ${column.columnName} = #{column.value,
							jdbcType=BIGINT}
						</when>
						<when test="column.javaType == 'Double'">
							and ${column.columnName} = #{column.value,
							jdbcType=DOUBLE}
						</when>
						<when test="column.javaType == 'Collection'">
							<if
								test="column.collectionValues != null and column.collectionValues.size() &gt; 0">
								and ${column.columnName} IN
								<foreach item="x_rowId" index="index" collection="column.collectionValues"
									open="(" separator="," close=")">
									#{x_rowId}
								</foreach>
							</if>
						</when>
						<otherwise>
							and ${column.columnName} = #{column.value,
							jdbcType=VARCHAR}
						</otherwise>
					</choose>
				</foreach>
			</when>
			<otherwise>
				and 1=0
			</otherwise>
		</choose>

	</delete>


	<select id="getTableDataByPrimaryKey" parameterType="com.glaf.core.base.TableModel"
		resultType="map">

		select * from ${tableName}
		where

		<choose>
			<when test="idColumn.javaType == 'Integer'">
				${idColumn.columnName} = #{idColumn.value,
				jdbcType=INTEGER}
			</when>
			<when test="idColumn.javaType == 'Long'">
				${idColumn.columnName} = #{idColumn.value,
				jdbcType=BIGINT}
			</when>
			<otherwise>
				${idColumn.columnName} = #{idColumn.value,
				jdbcType=VARCHAR}
			</otherwise>
		</choose>
	</select>

   <select id="getTableDataByConditions" parameterType="com.glaf.core.base.TableModel" resultType="map">

		select * from ${tableName}
		where 1=1

		<choose>
			<when test="columns.size != 0">
				<foreach collection="columns" item="column">
					<choose>
						<when test="column.javaType == 'Boolean'">
							and ${column.columnName} = #{column.value,
							jdbcType=BOOLEAN}
						</when>
						<when test="column.javaType == 'Integer'">
							and ${column.columnName} = #{column.value,
							jdbcType=INTEGER}
						</when>
						<when test="column.javaType == 'Long'">
							and ${column.columnName} = #{column.value,
							jdbcType=BIGINT}
						</when>
						<when test="column.javaType == 'Double'">
							and ${column.columnName} = #{column.value,
							jdbcType=DOUBLE}
						</when>
						<when test="column.javaType == 'Collection'">
							<if
								test="column.collectionValues != null and column.collectionValues.size() &gt; 0">
								and ${column.columnName} IN
								<foreach item="x_rowId" index="index" collection="column.collectionValues"
									open="(" separator="," close=")">
									#{x_rowId}
								</foreach>
							</if>
						</when>
						<otherwise>
							and ${column.columnName} = #{column.value,
							jdbcType=VARCHAR}
						</otherwise>
					</choose>
				</foreach>
			</when>
			<otherwise>
				and 1=0
			</otherwise>
		</choose>

	</select>
	
	<select id="getTableCountByConditions" parameterType="com.glaf.core.base.TableModel" resultType="int">

		select count(*) from ${tableName}
		where 1=1

		<choose>
			<when test="columns.size != 0">
				<foreach collection="columns" item="column">
					<choose>
						<when test="column.javaType == 'Boolean'">
							and ${column.columnName} = #{column.value,
							jdbcType=BOOLEAN}
						</when>
						<when test="column.javaType == 'Integer'">
							and ${column.columnName} = #{column.value,
							jdbcType=INTEGER}
						</when>
						<when test="column.javaType == 'Long'">
							and ${column.columnName} = #{column.value,
							jdbcType=BIGINT}
						</when>
						<when test="column.javaType == 'Double'">
							and ${column.columnName} = #{column.value,
							jdbcType=DOUBLE}
						</when>
						<when test="column.javaType == 'Collection'">
							<if
								test="column.collectionValues != null and column.collectionValues.size() &gt; 0">
								and ${column.columnName} IN
								<foreach item="x_rowId" index="index" collection="column.collectionValues"
									open="(" separator="," close=")">
									#{x_rowId}
								</foreach>
							</if>
						</when>
						<otherwise>
							and ${column.columnName} = #{column.value,
							jdbcType=VARCHAR}
						</otherwise>
					</choose>
				</foreach>
			</when>
			<otherwise>
				and 1=0
			</otherwise>
		</choose>

	</select>


	<select id="getTablePrimaryKeyMap" parameterType="com.glaf.core.base.TableModel"
		resultType="map">

		select ${idColumn.columnName} as id from ${tableName}

	</select>


	<select id="getTableKeyMap" parameterType="com.glaf.core.base.TableModel"
		resultType="map">

		select ${idColumn.columnName} as id, AGGREGATIONKEY as aggregationKey
		from ${tableName}
		where AGGREGATIONKEY in (
		<foreach item="aggregationkey" index="index" collection="aggregationKeys"
			open="" separator="," close="">
			#{aggregationkey}
		</foreach>
		)

	</select>

</mapper>