<?xml version="1.0" encoding="UTF-8" ?>
<!DOCTYPE log4j:configuration SYSTEM "log4j.dtd">

<log4j:configuration xmlns:log4j="http://jakarta.apache.org/log4j/">

  <appender name="CONSOLE" class="org.apache.log4j.ConsoleAppender">
    <layout class="org.apache.log4j.PatternLayout">
      <param name="ConversionPattern" 
        value="%-d{yyyy-MM-dd HH:mm:ss} %p [%t] %c - %m%n"/>
    </layout>
  </appender>
  
  <appender name="ROLLING_FILE" class="org.apache.log4j.RollingFileAppender">
  	  <param name="File" value="/logs/log.log"/>
	  <param name="Append" value="true" />
	  <param name="MaxFileSize" value="500KB"/>
	  <param name="MaxBackupIndex" value="10"/>
      <layout class="org.apache.log4j.PatternLayout">
        <param name="ConversionPattern" 
        value="%-d{yyyy-MM-dd HH:mm:ss} %p [%t] %c - %m%n"/>
      </layout>
  </appender>

  <appender name="INFO" class="org.apache.log4j.RollingFileAppender">
  	  <param name="File" value="/logs/info.log"/>
	  <param name="Append" value="true" />
	  <param name="MaxFileSize" value="500KB"/>
	  <param name="MaxBackupIndex" value="10"/>
      <layout class="org.apache.log4j.PatternLayout">
        <param name="ConversionPattern" 
        value="%-d{yyyy-MM-dd HH:mm:ss} %p [%t] %c - %m%n"/>
      </layout>
  </appender>

  <appender name="DEBUG" class="org.apache.log4j.RollingFileAppender">
  	  <param name="File" value="/logs/debug.log"/>
	  <param name="Append" value="true" />
	  <param name="MaxFileSize" value="500KB"/>
	  <param name="MaxBackupIndex" value="10"/>
      <layout class="org.apache.log4j.PatternLayout">
        <param name="ConversionPattern" 
        value="%-d{yyyy-MM-dd HH:mm:ss} %p [%t] %c - %m%n"/>
      </layout>
  </appender>

  <appender name="WARN" class="org.apache.log4j.RollingFileAppender">
  	  <param name="File" value="/logs/warn.log"/>
	  <param name="Append" value="true" />
	  <param name="MaxFileSize" value="500KB"/>
	  <param name="MaxBackupIndex" value="10"/>
      <layout class="org.apache.log4j.PatternLayout">
        <param name="ConversionPattern" 
        value="%-d{yyyy-MM-dd HH:mm:ss} %p [%t] %c - %m%n"/>
      </layout>
  </appender>

  <appender name="ERROR" class="org.apache.log4j.RollingFileAppender">
  	  <param name="File" value="/logs/error.log"/>
	  <param name="Append" value="true" />
	  <param name="MaxFileSize" value="500KB"/>
	  <param name="MaxBackupIndex" value="10"/>
      <layout class="org.apache.log4j.PatternLayout">
        <param name="ConversionPattern" 
        value="%-d{yyyy-MM-dd HH:mm:ss} %p [%t] %c - %m%n"/>
      </layout>
  </appender>

   <category name="DEBUG">
      <priority value="DEBUG"/>
	  <appender-ref ref="DEBUG"/>
   </category>

   <category name="INFO">
      <priority value="INFO"/>
	  <appender-ref ref="INFO"/>
   </category>

   <category name="WARN">
      <priority value="WARN"/>
	  <appender-ref ref="WARN"/>
   </category>

  <category name="ERROR">
      <priority value="ERROR"/>
	  <appender-ref ref="ERROR"/>
   </category>

   <!-- <category name="org.hibernate.SQL">  
        <priority value="DEBUG" />           
        <appender-ref ref="CONSOLE" /> 
   </category> 

   <logger name="java.sql.Connection">
        <level value="DEBUG"/>
    </logger>

	<logger name="java.sql.Statement">
        <level value="DEBUG"/>
    </logger>

	<logger name="java.sql.PreparedStatement">
        <level value="DEBUG"/>
    </logger> -->

    <logger name="org.apache">
        <level value="WARN"/>
    </logger>
        
    <logger name="org.springframework">
        <level value="WARN"/>
    </logger>
    
    <logger name="org.jbpm">
        <level value="INFO"/>
    </logger>

	<logger name="org.hibernate">
        <level value="INFO"/>
    </logger>
 
	<logger name="com.glaf">
        <level value="DEBUG"/>
    </logger> 


  <root>
    <level value="INFO"/>
    <appender-ref ref="CONSOLE"/>
	<appender-ref ref="ROLLING_FILE"/>
  </root>

</log4j:configuration>
