<?xml version="1.0" encoding="GBK"?>
<beans xmlns="http://www.springframework.org/schema/beans"
	xmlns:xsi="http://www.w3.org/2001/XMLSchema-instance"
	xmlns:context="http://www.springframework.org/schema/context"
	xsi:schemaLocation="
	http://www.springframework.org/schema/beans http://www.springframework.org/schema/beans/spring-beans-3.0.xsd
	http://www.springframework.org/schema/context http://www.springframework.org/schema/context/spring-context-3.0.xsd">


	<bean id="memcachedClient" class="net.spy.memcached.spring.MemcachedClientFactoryBean">
		<property name="servers" value="127.0.0.1:11211,127.0.0.1:11212" />
		<property name="protocol" value="BINARY" />
		<property name="transcoder">
			<bean class="net.spy.memcached.transcoders.SerializingTranscoder">
				<property name="compressionThreshold" value="1024" />
			</bean>
		</property>
		<property name="opTimeout" value="5000" />
		<property name="timeoutExceptionThreshold" value="1998" />
		<property name="failureMode" value="Redistribute" />
		<property name="useNagleAlgorithm" value="false" />
	</bean>

	<bean id="cache" class="com.glaf.core.cache.spymemcache.SpyMemCachedImpl">
		<property name="cacheProvider" ref="memcachedClient" />
	</bean>

</beans>