<?xml version="1.0" encoding="UTF-8"?>
<!DOCTYPE mapper PUBLIC "-//mybatis.org//DTD Mapper 3.0//EN" "http://mybatis.org/dtd/mybatis-3-mapper.dtd">

<mapper namespace="com.glaf.base.mapper.IdMapper">

	<resultMap id="dbidResultMap" type="com.glaf.base.id.Dbid">
		<id property="name" column="NAME_" jdbcType="VARCHAR" />
		<result property="version" column="VERSION_" jdbcType="VARCHAR" />
		<result property="value" column="VALUE_" jdbcType="VARCHAR" />
	</resultMap>

	<insert id="inertNextDbId">
		insert into X_SYS_DBID(NAME_, VALUE_, VERSION_) values ('next.dbid', '101', 1)
	</insert>

	<update id="updateNextDbId" parameterType="com.glaf.base.id.Dbid">
		update X_SYS_DBID set VERSION_ = #{version}, VALUE_ = #{value}
		where NAME_ = #{name}
  </update>

	<select id="getNextDbId" parameterType="string" resultMap="dbidResultMap">
		select * from X_SYS_DBID where NAME_ = #{name}
  </select>

</mapper>
