<?xml version="1.0" encoding="UTF-8"?>
<beans xmlns="http://www.springframework.org/schema/beans"
	xmlns:xsi="http://www.w3.org/2001/XMLSchema-instance" xmlns:context="http://www.springframework.org/schema/context"
	xmlns:aop="http://www.springframework.org/schema/aop" xmlns:tx="http://www.springframework.org/schema/tx"
	xsi:schemaLocation="
			http://www.springframework.org/schema/beans http://www.springframework.org/schema/beans/spring-beans-3.0.xsd
			http://www.springframework.org/schema/context http://www.springframework.org/schema/context/spring-context-3.0.xsd
			http://www.springframework.org/schema/aop http://www.springframework.org/schema/aop/spring-aop-3.0.xsd
			http://www.springframework.org/schema/tx http://www.springframework.org/schema/tx/spring-tx-3.0.xsd">

	<tx:advice id="txAdvice" transaction-manager="transactionManager">
		<tx:attributes>
			<tx:method name="get*" read-only="true" />
			<tx:method name="find*" read-only="true" />
			<tx:method name="load*" read-only="true" />
			<tx:method name="query*" read-only="true" />
			<tx:method name="search*" read-only="true" />
			<tx:method name="*" />
		</tx:attributes>
	</tx:advice>

	<aop:config>
		<aop:pointcut id="serviceOperation"
			expression="execution(* *com.glaf.**..*Service.*(..))" />
		<aop:advisor advice-ref="txAdvice" pointcut-ref="serviceOperation" />
	</aop:config>


	<aop:config>
		<aop:advisor advice-ref="txAdviceRepository" pointcut="execution(* org.springframework.batch.core..*Repository+.*(..))"/>
	</aop:config>

	<tx:advice id="txAdviceRepository" transaction-manager="transactionManager">
		<tx:attributes>
			<tx:method name="*" />
		</tx:attributes>
	</tx:advice>

	<tx:annotation-driven transaction-manager="transactionManager" />

	<tx:annotation-driven mode="aspectj" />

	<aop:config proxy-target-class="true"/>

	<aop:aspectj-autoproxy proxy-target-class="true" />

	<context:annotation-config />

	<context:component-scan base-package="com.glaf" />

</beans>