<?xml version="1.0" encoding="UTF-8"?>
<beans xmlns="http://www.springframework.org/schema/beans"
	xmlns:xsi="http://www.w3.org/2001/XMLSchema-instance" xmlns:p="http://www.springframework.org/schema/p"
	xmlns:context="http://www.springframework.org/schema/context"
	xsi:schemaLocation="
			http://www.springframework.org/schema/beans http://www.springframework.org/schema/beans/spring-beans-3.0.xsd
			http://www.springframework.org/schema/context http://www.springframework.org/schema/context/spring-context-3.0.xsd">

	<bean id="placeholder" class="com.glaf.core.config.MutilPropertyPlaceholderConfigurer">
		<property name="locations">
			<list>
				<value>/WEB-INF/conf/jdbc.properties</value>
				<value>classpath*:*-config.properties</value>
			</list>
		</property>
	</bean>

	<import resource="spring-aop.xml" />
	<import resource="spring-database.xml" />
	<import resource="spring-mybatis.xml" />
	<import resource="spring-ehcache.xml" />
	<import resource="spring-scheduler.xml" />
	<import resource="spring-batch.xml" />

	<import resource="classpath*:com/glaf/**/*-spring-context.xml" />

</beans>

 