<?xml version="1.0" encoding="UTF-8"?>
<!DOCTYPE hibernate-configuration PUBLIC "-//Hibernate/Hibernate Configuration DTD 3.0//EN" "http://www.hibernate.org/dtd/hibernate-configuration-3.0.dtd">

<hibernate-configuration>
  <session-factory>
    <property name="hibernate.cache.provider_class">org.hibernate.cache.HashtableCacheProvider</property>
    <property name="hibernate.cache.use_query_cache">true</property>
    <property name="hibernate.connection.autocommit">false</property>
    <property name="hibernate.hbm2ddl.auto">update</property>
    <property name="hibernate.dialect">org.hibernate.dialect.PostgreSQLDialect</property>
    <property name="hibernate.connection.provider_class">com.glaf.jbpm.connection.DruidConnectionProvider</property>
    <property name="hibernate.connection.driver_class">org.postgresql.Driver</property>
    <property name="hibernate.connection.url">jdbc:postgresql://127.0.0.1:5432/glaf_oa</property>
    <property name="hibernate.connection.username">root</property>
    <property name="hibernate.connection.password">root</property>
    <mapping resource="org/jbpm/db/hibernate.queries.hbm.xml"/>
    <mapping resource="org/jbpm/graph/action/MailAction.hbm.xml"/>
    <mapping resource="org/jbpm/graph/def/ProcessDefinition.hbm.xml"/>
    <mapping resource="org/jbpm/graph/def/Node.hbm.xml"/>
    <mapping resource="org/jbpm/graph/def/Transition.hbm.xml"/>
    <mapping resource="org/jbpm/graph/def/Event.hbm.xml"/>
    <mapping resource="org/jbpm/graph/def/Action.hbm.xml"/>
    <mapping resource="org/jbpm/graph/def/SuperState.hbm.xml"/>
    <mapping resource="org/jbpm/graph/def/ExceptionHandler.hbm.xml"/>
    <mapping resource="org/jbpm/instantiation/Delegation.hbm.xml"/>
    <mapping resource="org/jbpm/graph/action/Script.hbm.xml"/>
    <mapping resource="org/jbpm/graph/node/StartState.hbm.xml"/>
    <mapping resource="org/jbpm/graph/node/EndState.hbm.xml"/>
    <mapping resource="org/jbpm/graph/node/ProcessState.hbm.xml"/>
    <mapping resource="org/jbpm/graph/node/Decision.hbm.xml"/>
    <mapping resource="org/jbpm/graph/node/Fork.hbm.xml"/>
    <mapping resource="org/jbpm/graph/node/Join.hbm.xml"/>
    <mapping resource="org/jbpm/graph/node/MailNode.hbm.xml"/>
    <mapping resource="org/jbpm/graph/node/State.hbm.xml"/>
    <mapping resource="org/jbpm/graph/node/TaskNode.hbm.xml"/>
    <mapping resource="org/jbpm/context/def/ContextDefinition.hbm.xml"/>
    <mapping resource="org/jbpm/context/def/VariableAccess.hbm.xml"/>
    <mapping resource="org/jbpm/bytes/ByteArray.hbm.xml"/>
    <mapping resource="org/jbpm/module/def/ModuleDefinition.hbm.xml"/>
    <mapping resource="org/jbpm/file/def/FileDefinition.hbm.xml"/>
    <mapping resource="org/jbpm/taskmgmt/def/TaskMgmtDefinition.hbm.xml"/>
    <mapping resource="org/jbpm/taskmgmt/def/Swimlane.hbm.xml"/>
    <mapping resource="org/jbpm/taskmgmt/def/Task.hbm.xml"/>
    <mapping resource="org/jbpm/taskmgmt/def/TaskController.hbm.xml"/>
    <mapping resource="org/jbpm/scheduler/def/CreateTimerAction.hbm.xml"/>
    <mapping resource="org/jbpm/scheduler/def/CancelTimerAction.hbm.xml"/>
    <mapping resource="org/jbpm/graph/exe/Comment.hbm.xml"/>
    <mapping resource="org/jbpm/graph/exe/ProcessInstance.hbm.xml"/>
    <mapping resource="org/jbpm/graph/exe/Token.hbm.xml"/>
    <mapping resource="org/jbpm/graph/exe/RuntimeAction.hbm.xml"/>
    <mapping resource="org/jbpm/module/exe/ModuleInstance.hbm.xml"/>
    <mapping resource="org/jbpm/context/exe/ContextInstance.hbm.xml"/>
    <mapping resource="org/jbpm/context/exe/TokenVariableMap.hbm.xml"/>
    <mapping resource="org/jbpm/context/exe/VariableInstance.hbm.xml"/>
    <mapping resource="org/jbpm/context/exe/variableinstance/ByteArrayInstance.hbm.xml"/>
    <mapping resource="org/jbpm/context/exe/variableinstance/DateInstance.hbm.xml"/>
    <mapping resource="org/jbpm/context/exe/variableinstance/DoubleInstance.hbm.xml"/>
    <mapping resource="org/jbpm/context/exe/variableinstance/HibernateLongInstance.hbm.xml"/>
    <mapping resource="org/jbpm/context/exe/variableinstance/HibernateStringInstance.hbm.xml"/>
    <mapping resource="org/jbpm/context/exe/variableinstance/LongInstance.hbm.xml"/>
    <mapping resource="org/jbpm/context/exe/variableinstance/NullInstance.hbm.xml"/>
    <mapping resource="org/jbpm/context/exe/variableinstance/StringInstance.hbm.xml"/>
    <mapping resource="org/jbpm/job/Job.hbm.xml"/>
    <mapping resource="org/jbpm/job/Timer.hbm.xml"/>
    <mapping resource="org/jbpm/job/ExecuteNodeJob.hbm.xml"/>
    <mapping resource="org/jbpm/job/ExecuteActionJob.hbm.xml"/>
    <mapping resource="org/jbpm/job/CleanUpProcessJob.hbm.xml"/>
    <mapping resource="org/jbpm/taskmgmt/exe/TaskMgmtInstance.hbm.xml"/>
    <mapping resource="org/jbpm/taskmgmt/exe/TaskInstance.hbm.xml"/>
    <mapping resource="org/jbpm/taskmgmt/exe/PooledActor.hbm.xml"/>
    <mapping resource="org/jbpm/taskmgmt/exe/SwimlaneInstance.hbm.xml"/>
    <mapping resource="org/jbpm/logging/log/ProcessLog.hbm.xml"/>
    <mapping resource="org/jbpm/logging/log/MessageLog.hbm.xml"/>
    <mapping resource="org/jbpm/logging/log/CompositeLog.hbm.xml"/>
    <mapping resource="org/jbpm/graph/log/ActionLog.hbm.xml"/>
    <mapping resource="org/jbpm/graph/log/NodeLog.hbm.xml"/>
    <mapping resource="org/jbpm/graph/log/ProcessInstanceCreateLog.hbm.xml"/>
    <mapping resource="org/jbpm/graph/log/ProcessInstanceEndLog.hbm.xml"/>
    <mapping resource="org/jbpm/graph/log/ProcessStateLog.hbm.xml"/>
    <mapping resource="org/jbpm/graph/log/SignalLog.hbm.xml"/>
    <mapping resource="org/jbpm/graph/log/TokenCreateLog.hbm.xml"/>
    <mapping resource="org/jbpm/graph/log/TokenEndLog.hbm.xml"/>
    <mapping resource="org/jbpm/graph/log/TransitionLog.hbm.xml"/>
    <mapping resource="org/jbpm/context/log/VariableLog.hbm.xml"/>
    <mapping resource="org/jbpm/context/log/VariableCreateLog.hbm.xml"/>
    <mapping resource="org/jbpm/context/log/VariableDeleteLog.hbm.xml"/>
    <mapping resource="org/jbpm/context/log/VariableUpdateLog.hbm.xml"/>
    <mapping resource="org/jbpm/context/log/variableinstance/ByteArrayUpdateLog.hbm.xml"/>
    <mapping resource="org/jbpm/context/log/variableinstance/DateUpdateLog.hbm.xml"/>
    <mapping resource="org/jbpm/context/log/variableinstance/DoubleUpdateLog.hbm.xml"/>
    <mapping resource="org/jbpm/context/log/variableinstance/HibernateLongUpdateLog.hbm.xml"/>
    <mapping resource="org/jbpm/context/log/variableinstance/HibernateStringUpdateLog.hbm.xml"/>
    <mapping resource="org/jbpm/context/log/variableinstance/LongUpdateLog.hbm.xml"/>
    <mapping resource="org/jbpm/context/log/variableinstance/StringUpdateLog.hbm.xml"/>
    <mapping resource="org/jbpm/taskmgmt/log/TaskLog.hbm.xml"/>
    <mapping resource="org/jbpm/taskmgmt/log/TaskCreateLog.hbm.xml"/>
    <mapping resource="org/jbpm/taskmgmt/log/TaskAssignLog.hbm.xml"/>
    <mapping resource="org/jbpm/taskmgmt/log/TaskEndLog.hbm.xml"/>
    <mapping resource="org/jbpm/taskmgmt/log/SwimlaneLog.hbm.xml"/>
    <mapping resource="org/jbpm/taskmgmt/log/SwimlaneCreateLog.hbm.xml"/>
    <mapping resource="org/jbpm/taskmgmt/log/SwimlaneAssignLog.hbm.xml"/>
    <mapping resource="com/glaf/jbpm/model/jbpm.extension.hbm.xml"/>
    <class-cache class="org.jbpm.context.def.VariableAccess" usage="nonstrict-read-write"/>
    <class-cache class="org.jbpm.graph.def.Action" usage="nonstrict-read-write"/>
    <class-cache class="org.jbpm.graph.def.Event" usage="nonstrict-read-write"/>
    <class-cache class="org.jbpm.graph.def.ExceptionHandler" usage="nonstrict-read-write"/>
    <class-cache class="org.jbpm.graph.def.Node" usage="nonstrict-read-write"/>
    <class-cache class="org.jbpm.graph.def.ProcessDefinition" usage="nonstrict-read-write"/>
    <class-cache class="org.jbpm.graph.def.Transition" usage="nonstrict-read-write"/>
    <class-cache class="org.jbpm.instantiation.Delegation" usage="nonstrict-read-write"/>
    <class-cache class="org.jbpm.module.def.ModuleDefinition" usage="nonstrict-read-write"/>
    <class-cache class="org.jbpm.taskmgmt.def.TaskController" usage="nonstrict-read-write"/>
    <class-cache class="org.jbpm.taskmgmt.def.Task" usage="nonstrict-read-write"/>
    <collection-cache collection="org.jbpm.file.def.FileDefinition.processFiles" usage="nonstrict-read-write"/>
    <collection-cache collection="org.jbpm.graph.action.Script.variableAccesses" usage="nonstrict-read-write"/>
    <collection-cache collection="org.jbpm.graph.def.Event.actions" usage="nonstrict-read-write"/>
    <collection-cache collection="org.jbpm.graph.def.ExceptionHandler.actions" usage="nonstrict-read-write"/>
    <collection-cache collection="org.jbpm.graph.def.Node.events" usage="nonstrict-read-write"/>
    <collection-cache collection="org.jbpm.graph.def.Node.exceptionHandlers" usage="nonstrict-read-write"/>
    <collection-cache collection="org.jbpm.graph.def.Node.leavingTransitions" usage="nonstrict-read-write"/>
    <collection-cache collection="org.jbpm.graph.def.Node.arrivingTransitions" usage="nonstrict-read-write"/>
    <collection-cache collection="org.jbpm.graph.def.ProcessDefinition.events" usage="nonstrict-read-write"/>
    <collection-cache collection="org.jbpm.graph.def.ProcessDefinition.exceptionHandlers" usage="nonstrict-read-write"/>
    <collection-cache collection="org.jbpm.graph.def.ProcessDefinition.nodes" usage="nonstrict-read-write"/>
    <collection-cache collection="org.jbpm.graph.def.ProcessDefinition.actions" usage="nonstrict-read-write"/>
    <collection-cache collection="org.jbpm.graph.def.ProcessDefinition.definitions" usage="nonstrict-read-write"/>
    <collection-cache collection="org.jbpm.graph.def.SuperState.nodes" usage="nonstrict-read-write"/>
    <collection-cache collection="org.jbpm.graph.def.Transition.events" usage="nonstrict-read-write"/>
    <collection-cache collection="org.jbpm.graph.def.Transition.exceptionHandlers" usage="nonstrict-read-write"/>
    <collection-cache collection="org.jbpm.graph.node.Decision.decisionConditions" usage="nonstrict-read-write"/>
    <collection-cache collection="org.jbpm.graph.node.ProcessState.variableAccesses" usage="nonstrict-read-write"/>
    <collection-cache collection="org.jbpm.graph.node.TaskNode.tasks" usage="nonstrict-read-write"/>
    <collection-cache collection="org.jbpm.taskmgmt.def.Swimlane.tasks" usage="nonstrict-read-write"/>
    <collection-cache collection="org.jbpm.taskmgmt.def.TaskController.variableAccesses" usage="nonstrict-read-write"/>
    <collection-cache collection="org.jbpm.taskmgmt.def.Task.events" usage="nonstrict-read-write"/>
    <collection-cache collection="org.jbpm.taskmgmt.def.Task.exceptionHandlers" usage="nonstrict-read-write"/>
    <collection-cache collection="org.jbpm.taskmgmt.def.TaskMgmtDefinition.swimlanes" usage="nonstrict-read-write"/>
    <collection-cache collection="org.jbpm.taskmgmt.def.TaskMgmtDefinition.tasks" usage="nonstrict-read-write"/>
  </session-factory>
</hibernate-configuration>
