<beans xmlns="http://www.springframework.org/schema/beans"
	xmlns:xsi="http://www.w3.org/2001/XMLSchema-instance"
	xsi:schemaLocation="http://www.springframework.org/schema/beans http://www.springframework.org/schema/beans/spring-beans-3.0.xsd">

	<!--Base TransactionProxyed Service Bean -->
	<bean id="baseTxService" lazy-init="true"
		class="org.springframework.transaction.interceptor.TransactionProxyFactoryBean">
		<property name="transactionManager">
			<ref bean="transactionManager" />
		</property>
		<property name="transactionAttributes">
			<props>
				<prop key="add*">PROPAGATION_REQUIRED</prop>
				<prop key="create*">PROPAGATION_REQUIRED</prop>
				<prop key="insert*">PROPAGATION_REQUIRED</prop>
				<prop key="save*">PROPAGATION_REQUIRED</prop>
				<prop key="batch*">PROPAGATION_REQUIRED</prop>
				<prop key="update*">PROPAGATION_REQUIRED</prop>
				<prop key="delete*">PROPAGATION_REQUIRED</prop>
				<prop key="remove*">PROPAGATION_REQUIRED</prop>
				<prop key="move*">PROPAGATION_REQUIRED</prop>
				<prop key="change*">PROPAGATION_REQUIRED</prop>
				<prop key="sort*">PROPAGATION_REQUIRED</prop>
				<prop key="do*">PROPAGATION_REQUIRED</prop>
				<prop key="start*">PROPAGATION_REQUIRED</prop>
				<prop key="restart*">PROPAGATION_REQUIRED</prop>
				<prop key="stop*">PROPAGATION_REQUIRED</prop>
				<prop key="shutdown*">PROPAGATION_REQUIRED</prop>
				<prop key="locked*">PROPAGATION_REQUIRED</prop>
				<prop key="sendMessage">PROPAGATION_REQUIRED</prop>
				<prop key="doIDByNO">PROPAGATION_REQUIRED</prop>
				<prop key="saveDetailFromExel">PROPAGATION_REQUIRED</prop>
				<prop key="get*SerialNumber">PROPAGATION_REQUIRED</prop>
				<prop key="getSerialNumber">PROPAGATION_REQUIRED</prop>
				<prop key="submit*">PROPAGATION_REQUIRED</prop>
				<prop key="format*">PROPAGATION_REQUIRED</prop>
				<prop key="*">PROPAGATION_REQUIRED,readOnly</prop>
			</props>
		</property>
	</bean>

	<bean id="abstractDao" class="com.glaf.base.dao.AbstractSpringDao">
		<property name="sessionFactory">
			<ref bean="sessionFactory" />
		</property>
	</bean>

</beans>