
<mapping>
    <entity name="AccessEntryEntity" package="com.glaf.core" table="SYS_ACCESSENTRY" title="AccessEntryEntity" englishTitle="AccessEntryEntity">
        <id name="id" column="ID_" type="String" title="Id" englishTitle="Id" length="50"/>
        <property name="entryType" column="ENTRYTYPE_" type="Integer" title="EntryType" englishTitle="EntryType" length="255"/>
        <property name="objectId" column="OBJECTID_" type="String" title="ObjectId" englishTitle="ObjectId" length="255"/>
        <property name="formName" column="FORMNAME_" type="String" title="FormName" englishTitle="FormName" length="255"/>
        <property name="applicationName" column="APPLICATIONNAME_" type="String" title="ApplicationName" englishTitle="ApplicationName" length="255"/>
        <property name="processName" column="PROCESSNAME_" type="String" title="ProcessName" englishTitle="ProcessName" length="255"/>
        <property name="createDate" column="CREATEDATE_" type="Date" title="CreateDate" englishTitle="CreateDate" length="255"/>
        <property name="createBy" column="CREATEBY_" type="String" title="CreateBy" englishTitle="CreateBy" length="255"/>
        <property name="taskName" column="TASKNAME_" type="String" title="TaskName" englishTitle="TaskName" length="255"/>
        <property name="processDefinitionId" column="PROCESSDEFINITIONID_" type="String" title="ProcessDefinitionId" englishTitle="ProcessDefinitionId" length="255"/>
        <property name="objectValue" column="OBJECTVALUE_" type="String" title="ObjectValue" englishTitle="ObjectValue" length="255"/>
        <property name="editFile" column="EDITFILE_" type="String" title="EditFile" englishTitle="EditFile" length="255"/>
    </entity>
</mapping>
