<?xml version="1.0" encoding="UTF-8" ?>

<mapping>
    <entity name="Audit"
            table="Audit"
            package="com.glaf.base.modules.others" title="审核记录" englishTitle="Audit">
        <id name="id" type="Long" column="ID" title="编号" englishTitle="id"/>
        <property name="referId" type="Long" column="REFERID" title="引用ID" englishTitle="referId"/>
        <property name="referType" type="Integer" column="REFERTYPE" title="引用类型" englishTitle="referType"/>
        <property name="deptId" type="Long" column="DEPTID" title="部门编号" englishTitle="deptId"/>
        <property name="deptName" type="String" column="DEPTNAME" title="部门名称" englishTitle="deptName"/>
        <property name="headship" type="String" column="HEADSHIP" title="职位" englishTitle="headship"/>
        <property name="leaderName" type="String" column="LEADERNAME" title="领导名称" englishTitle="leaderName"/>
        <property name="leaderId" type="Long" column="LEADERID" title="领导编号" englishTitle="leaderId"/>
        <property name="memo" type="String" column="MEMO" title="评价" englishTitle="memo"/>
        <property name="createDate" type="Date" column="CREATEDATE" title="创建日期" englishTitle="createDate"/>
        <property name="flag" type="Integer" column="FLAG" title="标记" englishTitle="flag"/>
    </entity>
</mapping>
