
<mapping>
    <entity name="BlobItemEntity" package="com.glaf.core" table="SYS_LOB" title="BlobItemEntity" englishTitle="BlobItemEntity">
        <id name="id" column="ID_" type="String" title="Id" englishTitle="Id" length="50"/>
        <property name="resourceId" column="RESOURCEID_" type="String" title="ResourceId" englishTitle="ResourceId" length="50"/>
        <property name="fileId" column="FILEID_" type="String" title="FileId" englishTitle="FileId" length="50"/>
        <property name="serviceKey" column="SERVICEKEY_" type="String" title="ServiceKey" englishTitle="ServiceKey" length="50"/>
        <property name="deviceId" column="DEVICEID_" type="String" title="DeviceId" englishTitle="DeviceId" length="20"/>
        <property name="name" column="NAME_" type="String" title="Name" englishTitle="Name" length="50"/>
        <property name="type" column="TYPE_" type="String" title="Type" englishTitle="Type" length="50"/>
        <property name="filename" column="FILENAME_" type="String" title="Filename" englishTitle="Filename" length="500"/>
        <property name="contentType" column="CONTENTTYPE_" type="String" title="ContentType" englishTitle="ContentType" length="50"/>
        <property name="objectId" column="OBJECTID_" type="String" title="ObjectId" englishTitle="ObjectId" length="255"/>
        <property name="objectValue" column="OBJECTVALUE_" type="String" title="ObjectValue" englishTitle="ObjectValue" length="255"/>
        <property name="size" column="SIZE_" type="Long" title="Size" englishTitle="Size" length="255"/>
        <property name="lastModified" column="LASTMODIFIED_" type="Long" title="LastModified" englishTitle="LastModified" length="255"/>
        <property name="locked" column="LOCKED_" type="Integer" title="Locked" englishTitle="Locked" length="255"/>
        <property name="status" column="STATUS_" type="Integer" title="Status" englishTitle="Status" length="255"/>
        <property name="deleteFlag" column="DELETEFLAG_" type="Integer" title="DeleteFlag" englishTitle="DeleteFlag" length="255"/>
        <property name="createBy" column="CREATEBY_" type="String" title="CreateBy" englishTitle="CreateBy" length="50"/>
        <property name="createDate" column="CREATEDATE_" type="Date" title="CreateDate" englishTitle="CreateDate" length="255"/>
    </entity>
</mapping>
