
<mapping>
    <entity name="CellTreedotView" package="com.glaf.isdp" moduleName="isdp" table="cell_treedot_view" title="CellTreedotView" englishTitle="CellTreedotView">
        <id name="id" column="id" type="String" title="Id" englishTitle="Id" length="50"/>
        <property name="tablename" column="tablename" type="String" title="Tablename" englishTitle="Tablename" length="50" editable="true" displayType="0"/>
        <property name="tablenameS" column="tablename_s" type="String" title="TablenameS" englishTitle="TablenameS" length="50" editable="true" displayType="0"/>
        <property name="alldname" column="alldname" type="String" title="Alldname" englishTitle="Alldname" length="255" editable="true" displayType="0"/>
        <property name="allfname" column="allfname" type="String" title="Allfname" englishTitle="Allfname" length="255" editable="true" displayType="0"/>
        <property name="indexId" column="index_id" type="Integer" title="IndexId" englishTitle="IndexId" length="255" editable="true" displayType="0"/>
        <property name="listno" column="listno" type="Integer" title="Listno" englishTitle="Listno" length="255" editable="true" displayType="0"/>
        <property name="intrad" column="intrad" type="Integer" title="Intrad" englishTitle="Intrad" length="255" editable="true" displayType="0"/>
        <property name="intwbslevel" column="intwbslevel" type="Integer" title="Intwbslevel" englishTitle="Intwbslevel" length="255" editable="true" displayType="0"/>
    </entity>
</mapping>
