
<mapping>
    <entity name="CellRepInfo" package="com.glaf.isdp" moduleName="isdp" table="cell_repinfo" title="CellRepInfo" englishTitle="CellRepInfo">
        <id name="listId" column="listId" type="String" title="ListId" englishTitle="ListId" length="50"/>
        <property name="indexId" column="index_id" type="String" title="IndexId" englishTitle="IndexId" length="100" editable="true" displayType="0"/>
        <property name="frmtype" column="frmtype" type="String" title="Frmtype" englishTitle="Frmtype" length="50" editable="true" displayType="0"/>
        <property name="issystem" column="issystem" type="String" title="Issystem" englishTitle="Issystem" length="1" editable="true" displayType="0"/>
        <property name="fname" column="fname" type="String" title="Fname" englishTitle="Fname" length="255" editable="true" displayType="0"/>
        <property name="dname" column="dname" type="String" title="Dname" englishTitle="Dname" length="50" editable="true" displayType="0"/>
        <property name="dtype" column="dtype" type="String" title="Dtype" englishTitle="Dtype" length="50" editable="true" displayType="0"/>
        <property name="showtype" column="showtype" type="String" title="Showtype" englishTitle="Showtype" length="50" editable="true" displayType="0"/>
        <property name="strlen" column="strlen" type="Integer" title="Strlen" englishTitle="Strlen" length="255" editable="true" displayType="0"/>
        <property name="form" column="form" type="String" title="Form" englishTitle="Form" length="50" editable="true" displayType="0"/>
        <property name="intype" column="intype" type="String" title="Intype" englishTitle="Intype" length="10" editable="true" displayType="0"/>
        <property name="hintID" column="hintID" type="String" title="HintID" englishTitle="HintID" length="50" editable="true" displayType="0"/>
        <property name="listno" column="listno" type="Integer" title="Listno" englishTitle="Listno" length="255" editable="true" displayType="0"/>
        <property name="ztype" column="ztype" type="String" title="Ztype" englishTitle="Ztype" length="1" editable="true" displayType="0"/>
        <property name="ismustfill" column="ismustfill" type="String" title="Ismustfill" englishTitle="Ismustfill" length="1" editable="true" displayType="0"/>
        <property name="isListShow" column="isListShow" type="String" title="IsListShow" englishTitle="IsListShow" length="1" editable="true" displayType="0"/>
        <property name="listweigth" column="listweigth" type="Integer" title="Listweigth" englishTitle="Listweigth" length="255" editable="true" displayType="0"/>
        <property name="panid" column="panid" type="String" title="Panid" englishTitle="Panid" length="50" editable="true" displayType="0"/>
        <property name="isallwidth" column="isallwidth" type="String" title="Isallwidth" englishTitle="Isallwidth" length="1" editable="true" displayType="0"/>
        <property name="istname" column="istname" type="String" title="Istname" englishTitle="Istname" length="1" editable="true" displayType="0"/>
        <property name="filedotFileid" column="filedot_fileid" type="String" title="FiledotFileid" englishTitle="FiledotFileid" length="50" editable="true" displayType="0"/>
        <property name="datapoint" column="datapoint" type="Integer" title="Datapoint" englishTitle="Datapoint" length="255" editable="true" displayType="0"/>
        <property name="defaultvalue" column="defaultvalue" type="String" title="Defaultvalue" englishTitle="Defaultvalue" length="50" editable="true" displayType="0"/>
        <property name="issubtable" column="issubtable" type="String" title="Issubtable" englishTitle="Issubtable" length="1" editable="true" displayType="0"/>
        <property name="isdataonly" column="isdataonly" type="String" title="Isdataonly" englishTitle="Isdataonly" length="1" editable="true" displayType="0"/>
        <property name="checktype" column="checktype" type="Integer" title="Checktype" englishTitle="Checktype" length="255" editable="true" displayType="0"/>
        <property name="orderid" column="orderid" type="String" title="Orderid" englishTitle="Orderid" length="50" editable="true" displayType="0"/>
        <property name="celltype" column="celltype" type="Integer" title="Celltype" englishTitle="Celltype" length="255" editable="true" displayType="0"/>
        <property name="ostTablename" column="ost_tablename" type="String" title="OstTablename" englishTitle="OstTablename" length="50" editable="true" displayType="0"/>
        <property name="ostRow" column="ost_row" type="Integer" title="OstRow" englishTitle="OstRow" length="255" editable="true" displayType="0"/>
        <property name="ostCol" column="ost_col" type="Integer" title="OstCol" englishTitle="OstCol" length="255" editable="true" displayType="0"/>
        <property name="hintlist" column="hintlist" type="String" title="Hintlist" englishTitle="Hintlist" length="250" editable="true" displayType="0"/>
        <property name="ostCellid" column="ost_cellid" type="String" title="OstCellid" englishTitle="OstCellid" length="20" editable="true" displayType="0"/>
        <property name="olddname" column="olddname" type="String" title="Olddname" englishTitle="Olddname" length="50" editable="true" displayType="0"/>
        <property name="ostCellname" column="ost_cellname" type="String" title="OstCellname" englishTitle="OstCellname" length="20" editable="true" displayType="0"/>
        <property name="ostFormula" column="ost_formula" type="String" title="OstFormula" englishTitle="OstFormula" length="255" editable="true" displayType="0"/>
        <property name="ostColor" column="ost_color" type="Integer" title="OstColor" englishTitle="OstColor" length="255" editable="true" displayType="0"/>
        <property name="ostSumtype" column="ost_sumtype" type="Integer" title="OstSumtype" englishTitle="OstSumtype" length="255" editable="true" displayType="0"/>
        <property name="dataTablename" column="data_tablename" type="String" title="DataTablename" englishTitle="DataTablename" length="50" editable="true" displayType="0"/>
        <property name="dataFieldname" column="data_fieldname" type="String" title="DataFieldname" englishTitle="DataFieldname" length="50" editable="true" displayType="0"/>
        <property name="orderCon" column="order_con" type="Integer" title="OrderCon" englishTitle="OrderCon" length="255" editable="true" displayType="0"/>
        <property name="connum" column="connum" type="Integer" title="Connum" englishTitle="Connum" length="255" editable="true" displayType="0"/>
        <property name="nodeIndex" column="node_index" type="Integer" title="NodeIndex" englishTitle="NodeIndex" length="255" editable="true" displayType="0"/>
        <property name="typeId" column="type_id" type="String" title="TypeId" englishTitle="TypeId" length="50" editable="true" displayType="0"/>
        <property name="userindex" column="userindex" type="String" title="Userindex" englishTitle="Userindex" length="50" editable="true" displayType="0"/>
        <property name="orderIndex" column="order_index" type="Integer" title="OrderIndex" englishTitle="OrderIndex" length="255" editable="true" displayType="0"/>
        <property name="parentDname" column="parent_dname" type="String" title="ParentDname" englishTitle="ParentDname" length="50" editable="true" displayType="0"/>
        <property name="sysauto" column="sysauto" type="Integer" title="Sysauto" englishTitle="Sysauto" length="255" editable="true" displayType="0"/>
        <property name="orderIndexF" column="order_index_F" type="Integer" title="OrderIndexF" englishTitle="OrderIndexF" length="255" editable="true" displayType="0"/>
        <property name="orderidF" column="orderid_F" type="String" title="OrderidF" englishTitle="OrderidF" length="50" editable="true" displayType="0"/>
        <property name="orderConF" column="order_con_F" type="Integer" title="OrderConF" englishTitle="OrderConF" length="255" editable="true" displayType="0"/>
        <property name="isprintvalue" column="isprintvalue" type="Integer" title="Isprintvalue" englishTitle="Isprintvalue" length="255" editable="true" displayType="0"/>
        <property name="isshowvalueonlast" column="isshowvalueonlast" type="Integer" title="Isshowvalueonlast" englishTitle="Isshowvalueonlast" length="255" editable="true" displayType="0"/>
        <property name="isBankRoundType" column="isBankRoundType" type="Integer" title="IsBankRoundType" englishTitle="IsBankRoundType" length="255" editable="true" displayType="0"/>
    </entity>
</mapping>
