
<mapping>
    <entity name="CellCriterionTree" package="com.glaf.isdp" moduleName="isdp" table="cell_criterion_tree" title="CellCriterionTree" englishTitle="CellCriterionTree">
        <id name="indexId" column="index_id" type="Integer" title="IndexId" englishTitle="IndexId" length="255"/>
        <property name="parentId" column="parent_id" type="Integer" title="ParentId" englishTitle="ParentId" length="255" editable="true" displayType="0"/>
        <property name="treeprojIndex" column="treeproj_index" type="Integer" title="TreeprojIndex" englishTitle="TreeprojIndex" length="255" editable="true" displayType="0"/>
        <property name="num" column="num" type="String" title="Num" englishTitle="Num" length="50" editable="true" displayType="0"/>
        <property name="indexName" column="index_name" type="String" title="IndexName" englishTitle="IndexName" length="250" editable="true" displayType="0"/>
        <property name="content" column="content" type="String" title="Content" englishTitle="Content" length="250" editable="true" displayType="0"/>
        <property name="isuse" column="isuse" type="Integer" title="Isuse" englishTitle="Isuse" length="255" editable="true" displayType="0"/>
        <property name="nodeico" column="nodeico" type="Integer" title="Nodeico" englishTitle="Nodeico" length="255" editable="true" displayType="0"/>
        <property name="listno" column="listno" type="Integer" title="Listno" englishTitle="Listno" length="255" editable="true" displayType="0"/>
        <property name="id" column="id" type="String" title="Id" englishTitle="Id" length="100" editable="true" displayType="0"/>
        <property name="inttype" column="inttype" type="Integer" title="Inttype" englishTitle="Inttype" length="255" editable="true" displayType="0"/>
    </entity>
</mapping>
