
<mapping>
    <entity name="CellTableTree" package="com.glaf.isdp" moduleName="isdp" table="cell_utabletree" title="CellTableTree" englishTitle="CellTableTree">
        <id name="indexId" column="index_id" type="Integer" title="IndexId" englishTitle="IndexId" length="50"/>
        <property name="id" column="id" type="String" title="Id" englishTitle="Id" length="100" editable="true" displayType="0"/>
        <property name="parentId" column="parent_id" type="Integer" title="ParentId" englishTitle="ParentId" length="255" editable="true" displayType="0"/>
        <property name="indexName" column="index_name" type="String" title="IndexName" englishTitle="IndexName" length="255" editable="true" displayType="0"/>
        <property name="nlevel" column="nlevel" type="Integer" title="Nlevel" englishTitle="Nlevel" length="255" editable="true" displayType="0"/>
        <property name="nodeico" column="nodeico" type="Integer" title="Nodeico" englishTitle="Nodeico" length="255" editable="true" displayType="0"/>
        <property name="listno" column="listno" type="Integer" title="Listno" englishTitle="Listno" length="255" editable="true" displayType="0"/>
        <property name="tabletype" column="tabletype" type="Integer" title="Tabletype" englishTitle="Tabletype" length="255" editable="true" displayType="0"/>
        <property name="intdel" column="intdel" type="Integer" title="Intdel" englishTitle="Intdel" length="255" editable="true" displayType="0"/>
        <property name="busiessId" column="busiess_id" type="String" title="BusiessId" englishTitle="BusiessId" length="50" editable="true" displayType="0"/>
        <property name="content" column="content" type="String" title="Content" englishTitle="Content" length="250" editable="true" displayType="0"/>
        <property name="num" column="num" type="String" title="Num" englishTitle="Num" length="50" editable="true" displayType="0"/>
        <property name="menuindex" column="menuindex" type="Integer" title="Menuindex" englishTitle="Menuindex" length="255" editable="true" displayType="0"/>
        <property name="domainIndex" column="domain_index" type="Integer" title="DomainIndex" englishTitle="DomainIndex" length="255" editable="true" displayType="0"/>
        <property name="winWidth" column="win_width" type="Integer" title="WinWidth" englishTitle="WinWidth" length="255" editable="true" displayType="0"/>
        <property name="winHeight" column="win_height" type="Integer" title="WinHeight" englishTitle="WinHeight" length="255" editable="true" displayType="0"/>
    </entity>
</mapping>
