
<mapping>
    <entity name="CellTreedot" package="com.glaf.isdp" moduleName="isdp" table="cell_treedot" title="CellTreedot" englishTitle="CellTreedot">
        <id name="indexId" column="index_id" type="Integer" title="IndexId" englishTitle="IndexId" length="255"/>
        <property name="parentId" column="parent_id" type="Integer" title="ParentId" englishTitle="ParentId" length="255" editable="true" displayType="0"/>
        <property name="id" column="id" type="String" title="Id" englishTitle="Id" length="100" editable="true" displayType="0"/>
        <property name="indexName" column="index_name" type="String" title="IndexName" englishTitle="IndexName" length="255" editable="true" displayType="0"/>
        <property name="nlevel" column="nlevel" type="Integer" title="Nlevel" englishTitle="Nlevel" length="255" editable="true" displayType="0"/>
        <property name="num" column="num" type="String" title="Num" englishTitle="Num" length="50" editable="true" displayType="0"/>
        <property name="content" column="content" type="String" title="Content" englishTitle="Content" length="255" editable="true" displayType="0"/>
        <property name="nodeico" column="nodeico" type="Integer" title="Nodeico" englishTitle="Nodeico" length="255" editable="true" displayType="0"/>
        <property name="sindexName" column="sindex_name" type="String" title="SindexName" englishTitle="SindexName" length="255" editable="true" displayType="0"/>
        <property name="listno" column="listno" type="Integer" title="Listno" englishTitle="Listno" length="255" editable="true" displayType="0"/>
        <property name="viewtype" column="viewtype" type="Integer" title="Viewtype" englishTitle="Viewtype" length="255" editable="true" displayType="0"/>
        <property name="ismode" column="ismode" type="String" title="Ismode" englishTitle="Ismode" length="1" editable="true" displayType="0"/>
        <property name="modetableId" column="modetable_id" type="String" title="ModetableId" englishTitle="ModetableId" length="50" editable="true" displayType="0"/>
        <property name="issystem" column="issystem" type="Integer" title="Issystem" englishTitle="Issystem" length="255" editable="true" displayType="0"/>
        <property name="customData" column="customData" type="String" title="CustomData" englishTitle="CustomData" length="50" editable="true" displayType="0"/>
        <property name="intsystemselect" column="intsystemselect" type="Integer" title="Intsystemselect" englishTitle="Intsystemselect" length="255" editable="true" displayType="0"/>
        <property name="intused" column="intused" type="Integer" title="Intused" englishTitle="Intused" length="255" editable="true" displayType="0"/>
        <property name="intdel" column="intdel" type="Integer" title="Intdel" englishTitle="Intdel" length="255" editable="true" displayType="0"/>
        <property name="typeTablename" column="type_tablename" type="String" title="TypeTablename" englishTitle="TypeTablename" length="50" editable="true" displayType="0"/>
        <property name="intoperation" column="intoperation" type="Integer" title="Intoperation" englishTitle="Intoperation" length="255" editable="true" displayType="0"/>
        <property name="picfile" column="picfile" type="String" title="Picfile" englishTitle="Picfile" length="250" editable="true" displayType="0"/>
        <property name="intMuiFrm" column="intMuiFrm" type="Integer" title="IntMuiFrm" englishTitle="IntMuiFrm" length="255" editable="true" displayType="0"/>
        <property name="intnoshow" column="intnoshow" type="Integer" title="Intnoshow" englishTitle="Intnoshow" length="255" editable="true" displayType="0"/>
        <property name="typeBasetable" column="type_basetable" type="String" title="TypeBasetable" englishTitle="TypeBasetable" length="50" editable="true" displayType="0"/>
        <property name="typeIndex" column="type_index" type="Integer" title="TypeIndex" englishTitle="TypeIndex" length="255" editable="true" displayType="0"/>
        <property name="gid" column="gid" type="String" title="Gid" englishTitle="Gid" length="50" editable="true" displayType="0"/>
    </entity>
</mapping>
