
<mapping>
    <entity name="CellFillform" package="com.glaf.isdp" moduleName="isdp" table="cell_fillform" title="CellFillform" englishTitle="CellFillform">
        <id name="id" column="id" type="String" title="Id" englishTitle="Id" length="50"/>
        <property name="topid" column="topid" type="String" title="Topid" englishTitle="Topid" length="50" editable="true" displayType="0"/>
        <property name="indexId" column="index_id" type="Integer" title="IndexId" englishTitle="IndexId" length="255" editable="true" displayType="0"/>
        <property name="taskId" column="task_id" type="String" title="TaskId" englishTitle="TaskId" length="50" editable="true" displayType="0"/>
        <property name="pfileflag" column="pfileflag" type="Integer" title="Pfileflag" englishTitle="Pfileflag" length="255" editable="true" displayType="0"/>
        <property name="filedotFileid" column="filedot_fileid" type="String" title="FiledotFileid" englishTitle="FiledotFileid" length="50" editable="true" displayType="0"/>
        <property name="name" column="name" type="String" title="Name" englishTitle="Name" length="250" editable="true" displayType="0"/>
        <property name="chknum" column="chknum" type="String" title="Chknum" englishTitle="Chknum" length="50" editable="true" displayType="0"/>
        <property name="listno" column="listno" type="Integer" title="Listno" englishTitle="Listno" length="255" editable="true" displayType="0"/>
        <property name="chktotal" column="chktotal" type="Integer" title="Chktotal" englishTitle="Chktotal" length="255" editable="true" displayType="0"/>
        <property name="chkresult" column="chkresult" type="Integer" title="Chkresult" englishTitle="Chkresult" length="255" editable="true" displayType="0"/>
        <property name="pfileId" column="pfile_id" type="String" title="PfileId" englishTitle="PfileId" length="50" editable="true" displayType="0"/>
        <property name="tempsave" column="tempsave" type="Integer" title="Tempsave" englishTitle="Tempsave" length="255" editable="true" displayType="0"/>
        <property name="userid" column="userid" type="String" title="Userid" englishTitle="Userid" length="20" editable="true" displayType="0"/>
        <property name="refillflag" column="refillflag" type="Integer" title="Refillflag" englishTitle="Refillflag" length="255" editable="true" displayType="0"/>
        <property name="groupid" column="groupid" type="Integer" title="Groupid" englishTitle="Groupid" length="255" editable="true" displayType="0"/>
        <property name="oldId" column="old_id" type="String" title="OldId" englishTitle="OldId" length="50" editable="true" displayType="0"/>
        <property name="roleId" column="role_id" type="Integer" title="RoleId" englishTitle="RoleId" length="255" editable="true" displayType="0"/>
        <property name="isfinish" column="isfinish" type="Integer" title="Isfinish" englishTitle="Isfinish" length="255" editable="true" displayType="0"/>
        <property name="typeTablename" column="type_tablename" type="String" title="TypeTablename" englishTitle="TypeTablename" length="50" editable="true" displayType="0"/>
        <property name="typeId" column="type_id" type="String" title="TypeId" englishTitle="TypeId" length="50" editable="true" displayType="0"/>
        <property name="typeIndexId" column="type_index_id" type="Integer" title="TypeIndexId" englishTitle="TypeIndexId" length="255" editable="true" displayType="0"/>
        <property name="mainId" column="main_id" type="String" title="MainId" englishTitle="MainId" length="50" editable="true" displayType="0"/>
        <property name="intlastpage" column="intlastpage" type="Integer" title="Intlastpage" englishTitle="Intlastpage" length="255" editable="true" displayType="0"/>
        <property name="intsheets" column="intsheets" type="Integer" title="Intsheets" englishTitle="Intsheets" length="255" editable="true" displayType="0"/>
    </entity>
</mapping>
