
<mapping>
    <entity name="CellDataTable" package="com.glaf.isdp" moduleName="isdp" table="cell_data_table" title="CellDataTable" englishTitle="CellDataTable">
        <id name="id" column="id" type="String" title="Id" englishTitle="Id" length="50"/>
        <property name="tablename" column="tablename" type="String" title="Tablename" englishTitle="Tablename" length="50" editable="true" displayType="0"/>
        <property name="name" column="name" type="String" title="Name" englishTitle="Name" length="255" editable="true" displayType="0"/>
        <property name="addtype" column="addtype" type="Integer" title="Addtype" englishTitle="Addtype" length="255" editable="true" displayType="0"/>
        <property name="maxuser" column="maxuser" type="Integer" title="Maxuser" englishTitle="Maxuser" length="255" editable="true" displayType="0"/>
        <property name="maxsys" column="maxsys" type="Integer" title="Maxsys" englishTitle="Maxsys" length="255" editable="true" displayType="0"/>
        <property name="userid" column="userid" type="String" title="Userid" englishTitle="Userid" length="50" editable="true" displayType="0"/>
        <property name="ctime" column="ctime" type="Date" title="Ctime" englishTitle="Ctime" length="255" editable="true" displayType="0"/>
        <property name="content" column="content" type="String" title="Content" englishTitle="Content" length="250" editable="true" displayType="0"/>
        <property name="sysnum" column="sysnum" type="String" title="Sysnum" englishTitle="Sysnum" length="100" editable="true" displayType="0"/>
        <property name="issubtable" column="issubtable" type="String" title="Issubtable" englishTitle="Issubtable" length="1" editable="true" displayType="0"/>
        <property name="topid" column="topid" type="String" title="Topid" englishTitle="Topid" length="50" editable="true" displayType="0"/>
        <property name="filedotFileid" column="filedot_fileid" type="String" title="FiledotFileid" englishTitle="FiledotFileid" length="50" editable="true" displayType="0"/>
        <property name="indexId" column="index_id" type="Integer" title="IndexId" englishTitle="IndexId" length="255" editable="true" displayType="0"/>
        <property name="winWidth" column="win_width" type="Integer" title="WinWidth" englishTitle="WinWidth" length="255" editable="true" displayType="0"/>
        <property name="winHeight" column="win_height" type="Integer" title="WinHeight" englishTitle="WinHeight" length="255" editable="true" displayType="0"/>
        <property name="intQuote" column="intQuote" type="Integer" title="IntQuote" englishTitle="IntQuote" length="255" editable="true" displayType="0"/>
        <property name="intLineEdit" column="intLineEdit" type="Integer" title="IntLineEdit" englishTitle="IntLineEdit" length="255" editable="true" displayType="0"/>
        <property name="printfileid" column="printfileid" type="String" title="Printfileid" englishTitle="Printfileid" length="50" editable="true" displayType="0"/>
    </entity>
</mapping>
