
<mapping>
    <entity name="CellDataField" package="com.glaf.isdp" moduleName="isdp" table="cell_data_field" title="CellDataField" englishTitle="CellDataField">
        <id name="id" column="id" type="String" title="Id" englishTitle="Id" length="50"/>
        <property name="tableid" column="tableid" type="String" title="Tableid" englishTitle="Tableid" length="50" editable="true" displayType="0"/>
        <property name="fieldname" column="fieldname" type="String" title="Fieldname" englishTitle="Fieldname" length="50" editable="true" displayType="0"/>
        <property name="userid" column="userid" type="String" title="Userid" englishTitle="Userid" length="50" editable="true" displayType="0"/>
        <property name="maxuser" column="maxuser" type="Integer" title="Maxuser" englishTitle="Maxuser" length="255" editable="true" displayType="0"/>
        <property name="maxsys" column="maxsys" type="Integer" title="Maxsys" englishTitle="Maxsys" length="255" editable="true" displayType="0"/>
        <property name="ctime" column="ctime" type="Date" title="Ctime" englishTitle="Ctime" length="255" editable="true" displayType="0"/>
        <property name="sysnum" column="sysnum" type="String" title="Sysnum" englishTitle="Sysnum" length="100" editable="true" displayType="0"/>
        <property name="tablename" column="tablename" type="String" title="Tablename" englishTitle="Tablename" length="50" editable="true" displayType="0"/>
        <property name="dname" column="dname" type="String" title="Dname" englishTitle="Dname" length="50" editable="true" displayType="0"/>
        <property name="userindex" column="userindex" type="String" title="Userindex" englishTitle="Userindex" length="50" editable="true" displayType="0"/>
        <property name="treetablenameB" column="treetablename_b" type="String" title="TreetablenameB" englishTitle="TreetablenameB" length="50" editable="true" displayType="0"/>
    </entity>
</mapping>
