
<mapping>
    <entity name="CellRepInfo2" package="com.glaf.isdp" moduleName="isdp" table="cell_repinfo2" title="CellRepInfo2" englishTitle="CellRepInfo2">
        <id name="id" column="id" type="String" title="Id" englishTitle="Id" length="50"/>
        <property name="frmtype" column="frmtype" type="String" title="Frmtype" englishTitle="Frmtype" length="50" editable="true" displayType="0"/>
        <property name="type" column="type" type="Integer" title="Type" englishTitle="Type" length="255" editable="true" displayType="0"/>
        <property name="content" column="content" type="String" title="Content" englishTitle="Content" length="255" editable="true" displayType="0"/>
        <property name="formula" column="formula" type="String" title="Formula" englishTitle="Formula" length="255" editable="true" displayType="0"/>
        <property name="ostTablename" column="ost_tablename" type="String" title="OstTablename" englishTitle="OstTablename" length="50" editable="true" displayType="0"/>
        <property name="ostRow" column="ost_row" type="Integer" title="OstRow" englishTitle="OstRow" length="255" editable="true" displayType="0"/>
        <property name="ostCol" column="ost_col" type="Integer" title="OstCol" englishTitle="OstCol" length="255" editable="true" displayType="0"/>
        <property name="ostRowend" column="ost_rowend" type="Integer" title="OstRowend" englishTitle="OstRowend" length="255" editable="true" displayType="0"/>
        <property name="ostColend" column="ost_colend" type="Integer" title="OstColend" englishTitle="OstColend" length="255" editable="true" displayType="0"/>
        <property name="ostCellid" column="ost_cellid" type="String" title="OstCellid" englishTitle="OstCellid" length="20" editable="true" displayType="0"/>
        <property name="filedotFileid" column="filedot_fileid" type="String" title="FiledotFileid" englishTitle="FiledotFileid" length="50" editable="true" displayType="0"/>
        <property name="ostColor" column="ost_color" type="Integer" title="OstColor" englishTitle="OstColor" length="255" editable="true" displayType="0"/>
        <property name="ostWay" column="ost_way" type="Integer" title="OstWay" englishTitle="OstWay" length="255" editable="true" displayType="0"/>
        <property name="roleId" column="role_id" type="Integer" title="RoleId" englishTitle="RoleId" length="255" editable="true" displayType="0"/>
        <property name="tablename" column="tablename" type="String" title="Tablename" englishTitle="Tablename" length="50" editable="true" displayType="0"/>
        <property name="fname" column="fname" type="String" title="Fname" englishTitle="Fname" length="255" editable="true" displayType="0"/>
        <property name="dname" column="dname" type="String" title="Dname" englishTitle="Dname" length="50" editable="true" displayType="0"/>
        <property name="issubtable" column="issubtable" type="String" title="Issubtable" englishTitle="Issubtable" length="1" editable="true" displayType="0"/>
        <property name="tablename2" column="tablename2" type="String" title="Tablename2" englishTitle="Tablename2" length="50" editable="true" displayType="0"/>
        <property name="intautoinvalue" column="intautoinvalue" type="Integer" title="Intautoinvalue" englishTitle="Intautoinvalue" length="255" editable="true" displayType="0"/>
    </entity>
</mapping>
