
<mapping>
    <entity name="CellSysDatalink" package="com.glaf.isdp" moduleName="isdp" table="cell_sysdatalink" title="CellSysDatalink" englishTitle="CellSysDatalink">
        <id name="id" column="id" type="String" title="Id" englishTitle="Id" length="50"/>
        <property name="busiessIdSrc" column="busiess_id_src" type="String" title="BusiessIdSrc" englishTitle="BusiessIdSrc" length="50" editable="true" displayType="0"/>
        <property name="fileidSrc" column="fileid_src" type="String" title="FileidSrc" englishTitle="FileidSrc" length="50" editable="true" displayType="0"/>
        <property name="dotnameSrc" column="dotname_src" type="String" title="DotnameSrc" englishTitle="DotnameSrc" length="200" editable="true" displayType="0"/>
        <property name="busiessIdDes" column="busiess_id_des" type="String" title="BusiessIdDes" englishTitle="BusiessIdDes" length="50" editable="true" displayType="0"/>
        <property name="buiessnameDes" column="buiessname_des" type="String" title="BuiessnameDes" englishTitle="BuiessnameDes" length="200" editable="true" displayType="0"/>
        <property name="fileidDes" column="fileid_des" type="String" title="FileidDes" englishTitle="FileidDes" length="50" editable="true" displayType="0"/>
        <property name="dotnameDes" column="dotname_des" type="String" title="DotnameDes" englishTitle="DotnameDes" length="200" editable="true" displayType="0"/>
    </entity>
</mapping>
