
<mapping>
    <entity name="CellTreedotPer" package="com.glaf.isdp" moduleName="isdp" table="cell_treedot_per" title="CellTreedotPer" englishTitle="CellTreedotPer">
        <id name="id" column="id" type="String" title="Id" englishTitle="Id" length="50"/>
        <property name="indexId" column="index_id" type="Integer" title="IndexId" englishTitle="IndexId" length="255" editable="true" displayType="0"/>
        <property name="parentId" column="parent_id" type="Integer" title="ParentId" englishTitle="ParentId" length="255" editable="true" displayType="0"/>
        <property name="indexName" column="index_name" type="String" title="IndexName" englishTitle="IndexName" length="255" editable="true" displayType="0"/>
        <property name="nlevel" column="nlevel" type="Integer" title="Nlevel" englishTitle="Nlevel" length="255" editable="true" displayType="0"/>
        <property name="nodeico" column="nodeico" type="Integer" title="Nodeico" englishTitle="Nodeico" length="255" editable="true" displayType="0"/>
        <property name="fromid" column="fromid" type="String" title="Fromid" englishTitle="Fromid" length="50" editable="true" displayType="0"/>
        <property name="listno" column="listno" type="Integer" title="Listno" englishTitle="Listno" length="255" editable="true" displayType="0"/>
        <property name="intuserper" column="intuserper" type="Integer" title="Intuserper" englishTitle="Intuserper" length="255" editable="true" displayType="0"/>
        <property name="menuIndex" column="menu_index" type="Integer" title="MenuIndex" englishTitle="MenuIndex" length="255" editable="true" displayType="0"/>
    </entity>
</mapping>
