
<mapping>
    <entity name="CellUseDataInfo" package="com.glaf.isdp" moduleName="isdp" table="cell_usedatainfo" title="CellUseDataInfo" englishTitle="CellUseDataInfo">
        <id name="id" column="id" type="String" title="Id" englishTitle="Id" length="50"/>
        <property name="tablename" column="table_name" type="String" title="Tablename" englishTitle="Tablename" length="50" editable="true" displayType="0"/>
        <property name="tableId" column="table_id" type="String" title="TableId" englishTitle="TableId" length="50" editable="true" displayType="0"/>
        <property name="ostTablename" column="ost_tablename" type="Integer" title="OstTablename" englishTitle="OstTablename" length="255" editable="true" displayType="0"/>
        <property name="ostRow" column="ost_row" type="Integer" title="OstRow" englishTitle="OstRow" length="255" editable="true" displayType="0"/>
        <property name="ostCol" column="ost_col" type="Integer" title="OstCol" englishTitle="OstCol" length="255" editable="true" displayType="0"/>
        <property name="flag" column="flag" type="Integer" title="Flag" englishTitle="Flag" length="255" editable="true" displayType="0"/>
        <property name="level" column="treenlevel" type="Integer" title="Level" englishTitle="Level" length="255" editable="true" displayType="0"/>
        <property name="useTablename" column="use_tablename" type="String" title="UseTablename" englishTitle="UseTablename" length="50" editable="true" displayType="0"/>
        <property name="useId" column="use_id" type="String" title="UseId" englishTitle="UseId" length="50" editable="true" displayType="0"/>
        <property name="useIndexId" column="use_index_id" type="Integer" title="UseIndexId" englishTitle="UseIndexId" length="255" editable="true" displayType="0"/>
    </entity>
</mapping>
