
<mapping>
    <entity name="CellCriterion" package="com.glaf.isdp" moduleName="isdp" table="cell_criterion" title="CellCriterion" englishTitle="CellCriterion">
        <id name="id" column="id" type="String" title="Id" englishTitle="Id" length="50"/>
        <property name="indexId" column="index_id" type="Integer" title="IndexId" englishTitle="IndexId" length="255" editable="true" displayType="0"/>
        <property name="typeint" column="typeint" type="Integer" title="Typeint" englishTitle="Typeint" length="255" editable="true" displayType="0"/>
        <property name="type" column="type" type="String" title="Type" englishTitle="Type" length="100" editable="true" displayType="0"/>
        <property name="num" column="num" type="String" title="Num" englishTitle="Num" length="50" editable="true" displayType="0"/>
        <property name="content" column="content" type="String" title="Content" englishTitle="Content" length="1000" editable="true" displayType="0"/>
        <property name="unit" column="unit" type="String" title="Unit" englishTitle="Unit" length="50" editable="true" displayType="0"/>
        <property name="alltext" column="alltext" type="String" title="Alltext" englishTitle="Alltext" length="200" editable="true" displayType="0"/>
        <property name="chkway" column="chkway" type="String" title="Chkway" englishTitle="Chkway" length="250" editable="true" displayType="0"/>
        <property name="scale" column="scale" type="Integer" title="Scale" englishTitle="Scale" length="255" editable="true" displayType="0"/>
        <property name="usetypeint" column="usetypeint" type="Integer" title="Usetypeint" englishTitle="Usetypeint" length="255" editable="true" displayType="0"/>
        <property name="checktype" column="checktype" type="Integer" title="Checktype" englishTitle="Checktype" length="255" editable="true" displayType="0"/>
        <property name="keytext" column="keytext" type="String" title="Keytext" englishTitle="Keytext" length="100" editable="true" displayType="0"/>
        <property name="minallow" column="minallow" type="String" title="Minallow" englishTitle="Minallow" length="255" editable="true" displayType="0"/>
        <property name="minallowS" column="minallow_s" type="String" title="MinallowS" englishTitle="MinallowS" length="255" editable="true" displayType="0"/>
        <property name="maxallow" column="maxallow" type="String" title="Maxallow" englishTitle="Maxallow" length="255" editable="true" displayType="0"/>
        <property name="maxallowS" column="maxallow_s" type="String" title="MaxallowS" englishTitle="MaxallowS" length="255" editable="true" displayType="0"/>
        <property name="listno" column="listno" type="Integer" title="Listno" englishTitle="Listno" length="255" editable="true" displayType="0"/>
        <property name="conint" column="conint" type="Integer" title="Conint" englishTitle="Conint" length="255" editable="true" displayType="0"/>
        <property name="conmin" column="conmin" type="String" title="Conmin" englishTitle="Conmin" length="255" editable="true" displayType="0"/>
        <property name="conminS" column="conmin_s" type="String" title="ConminS" englishTitle="ConminS" length="255" editable="true" displayType="0"/>
        <property name="conmax" column="conmax" type="String" title="Conmax" englishTitle="Conmax" length="255" editable="true" displayType="0"/>
        <property name="conmaxS" column="conmax_s" type="String" title="ConmaxS" englishTitle="ConmaxS" length="255" editable="true" displayType="0"/>
        <property name="constr" column="constr" type="String" title="Constr" englishTitle="Constr" length="250" editable="true" displayType="0"/>
        <property name="usingstr" column="usingstr" type="String" title="Usingstr" englishTitle="Usingstr" length="250" editable="true" displayType="0"/>
        <property name="subnum" column="subnum" type="String" title="Subnum" englishTitle="Subnum" length="50" editable="true" displayType="0"/>
        <property name="chkvalueint" column="chkvalueint" type="Integer" title="Chkvalueint" englishTitle="Chkvalueint" length="255" editable="true" displayType="0"/>
        <property name="strposc" column="strposc" type="String" title="Strposc" englishTitle="Strposc" length="2" editable="true" displayType="0"/>
        <property name="strposc2" column="strposc2" type="String" title="Strposc2" englishTitle="Strposc2" length="2" editable="true" displayType="0"/>
        <property name="strpos" column="strpos" type="String" title="Strpos" englishTitle="Strpos" length="2" editable="true" displayType="0"/>
        <property name="strpos2" column="strpos2" type="String" title="Strpos2" englishTitle="Strpos2" length="2" editable="true" displayType="0"/>
        <property name="chkfield" column="chkfield" type="String" title="Chkfield" englishTitle="Chkfield" length="100" editable="true" displayType="0"/>
        <property name="chkunit" column="chkunit" type="String" title="Chkunit" englishTitle="Chkunit" length="50" editable="true" displayType="0"/>
        <property name="chkfieldId" column="chkfield_id" type="String" title="ChkfieldId" englishTitle="ChkfieldId" length="50" editable="true" displayType="0"/>
        <property name="chkformual" column="chkformual" type="String" title="Chkformual" englishTitle="Chkformual" length="255" editable="true" displayType="0"/>
        <property name="chkformualD" column="chkformualD" type="String" title="ChkformualD" englishTitle="ChkformualD" length="255" editable="true" displayType="0"/>
        <property name="toolsname" column="toolsname" type="String" title="Toolsname" englishTitle="Toolsname" length="200" editable="true" displayType="0"/>
        <property name="constr1" column="constr1" type="String" title="Constr1" englishTitle="Constr1" length="250" editable="true" displayType="0"/>
        <property name="constr2" column="constr2" type="String" title="Constr2" englishTitle="Constr2" length="250" editable="true" displayType="0"/>
        <property name="ichecknumLess" column="ichecknum_less" type="String" title="IchecknumLess" englishTitle="IchecknumLess" length="100" editable="true" displayType="0"/>
        <property name="clevel" column="clevel" type="String" title="Clevel" englishTitle="Clevel" length="50" editable="true" displayType="0"/>
    </entity>
</mapping>
