
<mapping>
    <entity name="Chart" package="com.glaf.chart" moduleName="apps" table="BI_CHART" title="Chart" englishTitle="Chart">
        <id name="id" column="ID_" type="String" title="Id" englishTitle="Id" length="50"/>
        <property name="queryIds" column="QUERYIDS_" type="String" title="QueryIds" englishTitle="QueryIds" length="255" editable="true" displayType="0"/>
        <property name="querySQL" column="QUERYSQL_" type="String" title="QuerySQL" englishTitle="QuerySQL" length="255" editable="true" displayType="0"/>
        <property name="subject" column="SUBJECT_" type="String" title="Subject" englishTitle="Subject" length="255" editable="true" displayType="0"/>
        <property name="chartName" column="CHARTNAME_" type="String" title="ChartName" englishTitle="ChartName" length="255" editable="true" displayType="0"/>
        <property name="chartTitle" column="CHARTTITLE_" type="String" title="ChartTitle" englishTitle="ChartTitle" length="255" editable="true" displayType="0"/>
        <property name="chartType" column="CHARTTYPE_" type="String" title="ChartType" englishTitle="ChartType" length="255" editable="true" displayType="0"/>
        <property name="chartFont" column="CHARTFONT_" type="String" title="ChartFont" englishTitle="ChartFont" length="255" editable="true" displayType="0"/>
        <property name="chartTitleFont" column="CHARTTITLEFONT_" type="String" title="ChartTitleFont" englishTitle="ChartTitleFont" length="255" editable="true" displayType="0"/>
        <property name="legend" column="LEGEND_" type="String" title="Legend" englishTitle="Legend" length="255" editable="true" displayType="0"/>
        <property name="tooltip" column="TOOLTIP_" type="String" title="Tooltip" englishTitle="Tooltip" length="100" editable="true" displayType="0"/>
        <property name="mapping" column="MAPPING_" type="String" title="Mapping" englishTitle="Mapping" length="50" editable="true" displayType="0"/>
        <property name="coordinateX" column="COORDINATEX_" type="String" title="CoordinateX" englishTitle="CoordinateX" length="255" editable="true" displayType="0"/>
        <property name="coordinateY" column="COORDINATEY_" type="String" title="CoordinateY" englishTitle="CoordinateY" length="255" editable="true" displayType="0"/>
        <property name="plotOrientation" column="PLOTORIENTATION_" type="String" title="PlotOrientation" englishTitle="PlotOrientation" length="255" editable="true" displayType="0"/>
        <property name="imageType" column="IMAGETYPE_" type="String" title="ImageType" englishTitle="ImageType" length="255" editable="true" displayType="0"/>
        <property name="enableFlag" column="ENABLEFLAG_" type="String" title="EnableFlag" englishTitle="EnableFlag" length="1" editable="true" displayType="0"/>
        <property name="createDate" column="CREATEDATE_" type="Date" title="CreateDate" englishTitle="CreateDate" length="255" editable="true" displayType="0"/>
        <property name="createBy" column="CREATEBY_" type="String" title="CreateBy" englishTitle="CreateBy" length="255" editable="true" displayType="0"/>
    </entity>
</mapping>
