
<mapping>
    <entity name="ColumnDefinition" package="com.glaf.core" table="SYS_COLUMN" title="ColumnDefinition" englishTitle="ColumnDefinition">
        <id name="id" column="ID_" type="String" title="Id" englishTitle="Id" length="50"/>
        <property name="queryId" column="QUERYID_" type="String" title="QueryId" englishTitle="QueryId" dataType="0" length="50"/>
        <property name="tableName" column="TABLENAME_" type="String" title="TableName" englishTitle="TableName" dataType="0" length="50"/>
        <property name="targetId" column="TARGETID_" type="String" title="TargetId" englishTitle="TargetId" dataType="0" length="50"/>
        <property name="alias" column="ALIAS_" type="String" title="Alias" englishTitle="Alias" dataType="0" length="50"/>
        <property name="columnName" column="COLUMNNAME_" type="String" title="ColumnName" englishTitle="ColumnName" dataType="0" length="50"/>
        <property name="columnLabel" column="COLUMNLABEL_" type="String" title="ColumnLabel" englishTitle="ColumnLabel" dataType="0" length="50"/>
        <property name="name" column="NAME_" type="String" title="Name" englishTitle="Name" dataType="0" length="50"/>
        <property name="title" column="TITLE_" type="String" title="Title" englishTitle="Title" dataType="0" length="100"/>
        <property name="englishTitle" column="ENGLISHTITLE_" type="String" title="EnglishTitle" englishTitle="EnglishTitle" dataType="0" length="100"/>
        <property name="length" column="LENGTH_" type="Integer" title="Length" englishTitle="Length" dataType="0" length="255"/>
        <property name="scale" column="SCALE_" type="Integer" title="Scale" englishTitle="Scale" dataType="0" length="255"/>
        <property name="precision" column="PRECISION_" type="Integer" title="Precision" englishTitle="Precision" dataType="0" length="255"/>
        <property name="primaryKey" column="PRIMARYKEY_" type="String" title="PrimaryKey" englishTitle="PrimaryKey" dataType="0" length="10"/>
        <property name="nullable" column="NULL_" type="String" title="Nullable" englishTitle="Nullable" dataType="0" length="10"/>
        <property name="frozen" column="FROZEN_" type="String" title="Frozen" englishTitle="Frozen" dataType="0" length="10"/>
        <property name="unique" column="UNIQUE_" type="String" title="Unique" englishTitle="Unique" dataType="0" length="10"/>
        <property name="searchable" column="SEARCHABLE_" type="String" title="Searchable" englishTitle="Searchable" dataType="0" length="10"/>
        <property name="editable" column="EDITABLE_" type="String" title="Editable" englishTitle="Editable" dataType="0" length="10"/>
        <property name="updatable" column="UPDATEABLE_" type="String" title="Updatable" englishTitle="Updatable" dataType="0" length="10"/>
        <property name="resizable" column="RESIZABLE_" type="String" title="Resizable" englishTitle="Resizable" dataType="0" length="10"/>
        <property name="hidden" column="HIDDEN_" type="String" title="Hidden" englishTitle="Hidden" dataType="0" length="10"/>
        <property name="tooltip" column="TOOLTIP_" type="String" title="Tooltip" englishTitle="Tooltip" dataType="0" length="100"/>
        <property name="ordinal" column="ORDINAL_" type="Integer" title="Ordinal" englishTitle="Ordinal" dataType="0" length="255"/>
        <property name="javaType" column="JAVATYPE_" type="String" title="JavaType" englishTitle="JavaType" dataType="0" length="20"/>
        <property name="inputType" column="INPUTTYPE_" type="String" title="InputType" englishTitle="InputType" dataType="0" length="50"/>
        <property name="valueField" column="VALUEFIELD_" type="String" title="ValueField" englishTitle="ValueField" dataType="0" length="50"/>
        <property name="textField" column="TEXTFIELD_" type="String" title="TextField" englishTitle="TextField" dataType="0" length="50"/>
        <property name="url" column="URL_" type="String" title="Url" englishTitle="Url" dataType="0" length="250"/>
        <property name="validType" column="VALIDTYPE_" type="String" title="ValidType" englishTitle="ValidType" dataType="0" length="50"/>
        <property name="required" column="required" type="String" title="Required" englishTitle="Required" dataType="0" length="10"/>
        <property name="regex" column="REGEX_" type="String" title="Regex" englishTitle="Regex" dataType="0" length="100"/>
        <property name="defaultValue" column="DEFAULTVALUE_" type="String" title="DefaultValue" englishTitle="DefaultValue" dataType="0" length="200"/>
        <property name="discriminator" column="DISCRIMINATOR_" type="String" title="Discriminator" englishTitle="Discriminator" dataType="0" length="10"/>
        <property name="formula" column="FORMULA_" type="String" title="Formula" englishTitle="Formula" dataType="0" length="200"/>
        <property name="mask" column="MASK_" type="String" title="Mask" englishTitle="Mask" dataType="0" length="100"/>
        <property name="dataCode" column="DATACODE_" type="String" title="DataCode" englishTitle="DataCode" dataType="0" length="50"/>
        <property name="renderType" column="RENDERTYPE_" type="String" title="RenderType" englishTitle="RenderType" dataType="0" length="50"/>
        <property name="translator" column="TRANSLATOR_" type="String" title="Translator" englishTitle="Translator" dataType="0" length="100"/>
        <property name="summaryType" column="SUMMARYTYPE_" type="String" title="SummaryType" englishTitle="SummaryType" dataType="0" length="50"/>
        <property name="summaryExpr" column="SUMMARYEXPR_" type="String" title="SummaryExpr" englishTitle="SummaryExpr" dataType="0" length="200"/>
        <property name="displayType" column="DISPLAYTYPE_" type="Integer" title="DisplayType" englishTitle="DisplayType" dataType="0" length="255"/>
        <property name="sortable" column="SORTABLE_" type="String" title="Sortable" englishTitle="Sortable" dataType="0" length="10"/>
        <property name="sortType" column="SORTTYPE_" type="String" title="SortType" englishTitle="SortType" dataType="0" length="50"/>
        <property name="systemFlag" column="SYSTEMFLAG_" type="String" title="SystemFlag" englishTitle="SystemFlag" dataType="0" length="2"/>
        <property name="formatter" column="FORMATTER_" type="String" title="Formatter" englishTitle="Formatter" dataType="0" length="200"/>
        <property name="align" column="ALIGN_" type="String" title="Align" englishTitle="Align" dataType="0" length="50"/>
        <property name="height" column="HEIGHT_" type="String" title="Height" englishTitle="Height" dataType="0" length="50"/>
        <property name="width" column="WIDTH_" type="String" title="Width" englishTitle="Width" dataType="0" length="50"/>
        <property name="link" column="LINK_" type="String" title="Link" englishTitle="Link" dataType="0" length="200"/>
        <property name="isCollection" column="ISCOLLECTION_" type="String" title="IsCollection" englishTitle="IsCollection" dataType="0" length="10"/>
        <property name="valueExpression" column="VALUEEXPRESSION_" type="String" title="ValueExpression" englishTitle="ValueExpression" dataType="0" length="200"/>
        <property name="renderer" column="RENDERER_" type="String" title="Renderer" englishTitle="Renderer" dataType="0" length="100"/>
    </entity>
</mapping>
