
<mapping>
    <entity name="DataTransfer" package="com.glaf.dts" table="SYS_DATA_TRANSFER" title="DataTransfer" englishTitle="DataTransfer">
        <id name="id" column="ID_" type="String" title="Id" englishTitle="Id" length="50"/>
		<property name="tableName" column="TABLENAME_" type="String" title="TableName" englishTitle="TableName" length="50"/>
        <property name="parentTableName" column="PARENTTABLENAME_" type="String" title="ParentTableName" englishTitle="ParentTableName" length="50"/>
        <property name="packageName" column="PACKAGENAME_" type="String" title="PackageName" englishTitle="PackageName" length="200"/>
        <property name="entityName" column="ENTITYNAME_" type="String" title="EntityName" englishTitle="EntityName" length="50"/>
        <property name="className" column="CLASSNAME_" type="String" title="ClassName" englishTitle="ClassName" length="250"/>
        <property name="title" column="TITLE_" type="String" title="Title" englishTitle="Title" length="255"/>
        <property name="englishTitle" column="ENGLISHTITLE_" type="String" title="EnglishTitle" englishTitle="EnglishTitle" length="255"/>
        <property name="columnQty" column="COLUMNQTY_" type="Integer" title="ColumnQty" englishTitle="ColumnQty" length="255"/>
        <property name="filePrefix" column="FILEPREFIX_" type="String" title="filePrefix" englishTitle="filePrefix" length="255"/>
        <property name="parseType" column="PARSETYPE_" type="String" title="parseType" englishTitle="parseType" length="50"/>
		<property name="parseClass" column="PARSECLASS_" type="String" title="parseClass" englishTitle="parseClass" length="200"/>
		<property name="split" column="SPLIT_" type="String" title="split" englishTitle="split" length="200"/>
        <property name="stopWord" column="STOPWORD_" type="String" title="stopWord" englishTitle="stopWord" length="500"/>
		<property name="startRow" column="STARTROW_" type="Integer" title="startRow" englishTitle="startRow"/>
		<property name="stopSkipRow" column="STOPSKIPROW_" type="Integer" title="stopSkipRow" englishTitle="stopSkipRow"/>
		<property name="batchSize" column="BATCHSIZE_" type="Integer" title="batchSize" englishTitle="batchSize"/>
		<property name="insertOnly" column="INSERTONLY_" type="String" title="insertOnly" englishTitle="insertOnly" length="10"/>
        <property name="aggregationKeys" column="AGGREGATIONKEYS_" type="String" title="AggregationKeys" englishTitle="AggregationKeys" length="500"/>
        <property name="queryIds" column="QUERYIDS_" type="String" title="QueryIds" englishTitle="QueryIds" length="500"/>
        <property name="temporaryFlag" column="TEMPORARYFLAG_" type="String" title="TemporaryFlag" englishTitle="TemporaryFlag" length="1"/>
        <property name="deleteFetch" column="DELETEFETCH_" type="String" title="DeleteFetch" englishTitle="DeleteFetch" length="1"/>
        <property name="createTime" column="CREATETIME_" type="Date" title="CreateTime" englishTitle="CreateTime" length="255"/>
        <property name="createBy" column="CREATEBY_" type="String" title="CreateBy" englishTitle="CreateBy" length="50"/>
        <property name="description" column="DESCRIPTION_" type="String" title="Description" englishTitle="Description" length="500"/>
        <property name="type" column="TYPE_" type="String" title="Type" englishTitle="Type" length="50"/>
        <property name="displayType" column="DISPLAYTYPE_" type="String" title="DisplayType" englishTitle="DisplayType" length="50"/>
		<property name="nodeId" column="NODEID_" type="Long" title="nodeId" englishTitle="nodeId" length="255"/>
        <property name="locked" column="LOCKED_" type="Integer" title="Locked" englishTitle="Locked" length="255"/>
        <property name="deleteFlag" column="DELETEFLAG_" type="Integer" title="DeleteFlag" englishTitle="DeleteFlag" length="255"/>
        <property name="systemFlag" column="SYSTEMFLAG_" type="String" title="SystemFlag" englishTitle="SystemFlag" length="2"/>
        <property name="revision" column="REVISION_" type="Integer" title="Revision" englishTitle="Revision" length="255"/>
    </entity>
</mapping>
