<?xml version="1.0" encoding="UTF-8" ?>
<mapping>
    <entity name="DataTransfer" package="com.glaf.dts" table="SYS_DATA_TRANSFER" title="数据传递对象" englishTitle="DataTransfer">
        <id name="id" column="ID_" type="String" title="主键" englishTitle="Id" length="50"/>
		<property name="tableName" column="TABLENAME_" type="String" title="表名称" englishTitle="TableName" length="50"/>
        <property name="parentTableName" column="PARENTTABLENAME_" type="String" title="父表名称" englishTitle="ParentTableName" length="50"/>
        <property name="packageName" column="PACKAGENAME_" type="String" title="包名称" englishTitle="PackageName" length="200"/>
        <property name="entityName" column="ENTITYNAME_" type="String" title="实体名称" englishTitle="EntityName" length="50"/>
        <property name="className" column="CLASSNAME_" type="String" title="类名称" englishTitle="ClassName" length="200"/>
        <property name="title" column="TITLE_" type="String" title="标题" englishTitle="Title" length="250"/>
        <property name="englishTitle" column="ENGLISHTITLE_" type="String" title="英语标题" englishTitle="EnglishTitle" length="250"/>
		<property name="primaryKey" column="PRIMARYKEY_" type="String" title="主键" englishTitle="PrimaryKey" length="50"/>
        <property name="filePrefix" column="FILEPREFIX_" type="String" title="文件前缀" englishTitle="filePrefix" length="250"/>
        <property name="parseType" column="PARSETYPE_" type="String" title="解析类型" englishTitle="parseType" length="50"/>
		<property name="parseClass" column="PARSECLASS_" type="String" title="解析类" englishTitle="parseClass" length="200"/>
		<property name="split" column="SPLIT_" type="String" title="切分" englishTitle="split" length="200"/>
		<property name="batchSize" column="BATCHSIZE_" type="Integer" title="批处理大小" englishTitle="batchSize"/>
		<property name="insertOnly" column="INSERTONLY_" type="String" title="是否只是插入" englishTitle="insertOnly" length="10"/>
		<property name="startRow" column="STARTROW_" type="Integer" title="开始行" englishTitle="startRow"/>
        <property name="stopWord" column="STOPWORD_" type="String" title="停词" englishTitle="stopWord" length="500"/>
		<property name="stopSkipRow" column="STOPSKIPROW_" type="Integer" title="跳过行" englishTitle="stopSkipRow"/>
        <property name="aggregationKeys" column="AGGREGATIONKEYS_" type="String" title="聚合主键" englishTitle="AggregationKeys" length="500"/>
        <property name="queryIds" column="QUERYIDS_" type="String" title="查询集" englishTitle="QueryIds" length="500"/>
        <property name="temporaryFlag" column="TEMPORARYFLAG_" type="String" title="临时表" englishTitle="TemporaryFlag" length="1"/>
        <property name="deleteFetch" column="DELETEFETCH_" type="String" title="删除" englishTitle="DeleteFetch" length="1"/>
        <property name="description" column="DESCRIPTION_" type="String" title="描述" englishTitle="Description" length="500"/>
        <property name="type" column="TYPE_" type="String" title="类型" englishTitle="Type" length="50"/>
		<property name="nodeId" column="NODEID_" type="Long" title="分类编号" englishTitle="nodeId"/>
        <property name="locked" column="LOCKED_" type="Integer" title="是否锁定" englishTitle="Locked"/>
        <property name="deleteFlag" column="DELETEFLAG_" type="Integer" title="删除标记" englishTitle="DeleteFlag"/>
        <property name="systemFlag" column="SYSTEMFLAG_" type="String" title="系统标识" englishTitle="SystemFlag" length="2"/>
		<property name="createTime" column="CREATETIME_" type="Date" title="创建时间" englishTitle="CreateTime"/>
        <property name="createBy" column="CREATEBY_" type="String" title="创建人" englishTitle="CreateBy" length="50"/>
    </entity>
</mapping>
