<?xml version="1.0" encoding="UTF-8" ?>
<mapping>
    <entity name="Dictory" package="com.glaf.base.modules.sys" table="sys_dictory" title="数据字典" englishTitle="Dictory">
        <id name="id" column="ID" type="Long" englishTitle="id" length="19"  title="编号"/>
        <property name="nodeId" column="TYPEID" type="Long" englishTitle="nodeId"  title="类型编号"/>
        <property name="name" column="NAME" type="String" englishTitle="name" length="50"  title="名称"/>
        <property name="desc" column="DICTDESC" type="String" englishTitle="desc" length="200"  title="描述"/>
        <property name="code" column="CODE" type="String" englishTitle="code" length="50"  title="编码"/>
		<property name="value" column="VALUE_" type="String" englishTitle="value" length="2000"  title="值"/>
        <property name="sort" column="SORT" type="Integer" englishTitle="sort"  title="序号"/>
        <property name="blocked" column="BLOCKED" type="Integer" englishTitle="blocked" length="10"  title="是否启用"/>
        <property name="ext1" column="EXT1" type="String" englishTitle="ext1" length="200"  title="字符串值1"/>
        <property name="ext2" column="EXT2" type="String" englishTitle="ext2" length="200"  title="字符串值2"/>
        <property name="ext3" column="EXT3" type="String" englishTitle="ext3" length="200"  title="字符串值3"/>
        <property name="ext4" column="EXT4" type="String" englishTitle="ext4" length="200"  title="字符串值4"/>
        <property name="ext5" column="EXT5" type="Date" title="日期值5" englishTitle="ext5" />
        <property name="ext6" column="EXT6" type="Date" title="日期值6" englishTitle="ext6" />
		<property name="ext7" column="ext7" type="Date" title="日期值7" englishTitle="ext7"/>
		<property name="ext8" column="ext8" type="Date" title="日期值8" englishTitle="ext8"/>
		<property name="ext9" column="ext9" type="Date"  title="日期值9" englishTitle="ext9"/>
		<property name="ext10" column="ext10" type="Date"  title="日期值10" englishTitle="ext10"/>
		<property name="ext11" type="Long" column="ext11"/>
		<property name="ext12" type="Long" column="ext12"/>
		<property name="ext13" type="Long" column="ext13"/>
		<property name="ext14" type="Long" column="ext14"/>
		<property name="ext15" type="Long" column="ext15"/>
		<property name="ext16" type="Double" column="ext16"/>
		<property name="ext17" type="Double" column="ext17"/>
		<property name="ext18" type="Double" column="ext18"/>
		<property name="ext19" type="Double" column="ext19"/>
		<property name="ext20" type="Double" column="ext20"/>
    </entity>
</mapping>
