<?xml version="1.0" encoding="UTF-8" ?>
<mapping>
    <entity name="DictoryDefinition" package="com.glaf.base.modules.sys" table="sys_dictory_def"
	        title="字典定义信息" englishTitle="DictoryDefinition">
        <id name="id" column="ID" type="Long" englishTitle="id" title="编号"/>
        <property name="nodeId" column="NODEID" type="Long" englishTitle="nodeId" title="节点编号"/>
        <property name="name" column="NAME" type="String" englishTitle="name" length="50" title="名称"/>
		<property name="columnName" column="COLUMNNAME" type="String" englishTitle="columnName" length="50" title="列名"/>
		<property name="title" column="TITLE" type="String" englishTitle="title" length="50" title="标题"/>
		<property name="type" column="TYPE" type="String" englishTitle="type" length="50" title="数据类型"/>
		<property name="length" column="LENGTH" type="Integer" englishTitle="length" title="数据长度"/>
		<property name="sort" column="SORT" type="Integer" englishTitle="sort" title="顺序号"/>
		<property name="required" column="REQUIRED" type="Integer" englishTitle="required" title="必填项"/>
		<property name="target" column="TARGET" type="String" englishTitle="target" length="50" title="目标"/>
    </entity>
</mapping>
