
<mapping>
    <entity name="Dotuse" package="com.glaf.isdp" moduleName="isdp" table="dotuse" title="Dotuse" englishTitle="Dotuse">
        <id name="fileID" column="fileID" type="String" title="FileID" englishTitle="FileID" length="50"/>
        <property name="indexId" column="index_id" type="Integer" title="IndexId" englishTitle="IndexId" length="255" editable="true" displayType="0"/>
        <property name="projid" column="projid" type="Integer" title="Projid" englishTitle="Projid" length="255" editable="true" displayType="0"/>
        <property name="pid" column="pid" type="Integer" title="Pid" englishTitle="Pid" length="255" editable="true" displayType="0"/>
        <property name="dotid" column="dotid" type="String" title="Dotid" englishTitle="Dotid" length="50" editable="true" displayType="0"/>
        <property name="num" column="num" type="String" title="Num" englishTitle="Num" length="10" editable="true" displayType="0"/>
        <property name="name" column="name" type="String" title="Name" englishTitle="Name" length="255" editable="true" displayType="0"/>
        <property name="cman" column="cman" type="String" title="Cman" englishTitle="Cman" length="20" editable="true" displayType="0"/>
        <property name="ctime" column="ctime" type="Date" title="Ctime" englishTitle="Ctime" length="255" editable="true" displayType="0"/>
        <property name="fileName" column="file_name" type="String" title="FileName" englishTitle="FileName" length="255" editable="true" displayType="0"/>
        <property name="filesize" column="filesize" type="Integer" title="Filesize" englishTitle="Filesize" length="255" editable="true" displayType="0"/>
        <property name="vision" column="vision" type="String" title="Vision" englishTitle="Vision" length="100" editable="true" displayType="0"/>
        <property name="savetime" column="savetime" type="String" title="Savetime" englishTitle="Savetime" length="100" editable="true" displayType="0"/>
        <property name="remark" column="remark" type="String" title="Remark" englishTitle="Remark" length="200" editable="true" displayType="0"/>
        <property name="dwid" column="dwid" type="Integer" title="Dwid" englishTitle="Dwid" length="255" editable="true" displayType="0"/>
        <property name="fbid" column="fbid" type="Integer" title="Fbid" englishTitle="Fbid" length="255" editable="true" displayType="0"/>
        <property name="fxid" column="fxid" type="Integer" title="Fxid" englishTitle="Fxid" length="255" editable="true" displayType="0"/>
        <property name="jid" column="jid" type="String" title="Jid" englishTitle="Jid" length="50" editable="true" displayType="0"/>
        <property name="flid" column="flid" type="String" title="Flid" englishTitle="Flid" length="50" editable="true" displayType="0"/>
        <property name="topnode" column="topnode" type="String" title="Topnode" englishTitle="Topnode" length="250" editable="true" displayType="0"/>
        <property name="topid" column="topid" type="String" title="Topid" englishTitle="Topid" length="50" editable="true" displayType="0"/>
        <property name="type" column="type" type="Integer" title="Type" englishTitle="Type" length="255" editable="true" displayType="0"/>
        <property name="fname" column="fname" type="String" title="Fname" englishTitle="Fname" length="250" editable="true" displayType="0"/>
        <property name="isink" column="isink" type="String" title="Isink" englishTitle="Isink" length="1" editable="true" displayType="0"/>
        <property name="oldId" column="old_id" type="String" title="OldId" englishTitle="OldId" length="50" editable="true" displayType="0"/>
        <property name="taskId" column="task_id" type="String" title="TaskId" englishTitle="TaskId" length="50" editable="true" displayType="0"/>
        <property name="ischeck" column="ischeck" type="Integer" title="Ischeck" englishTitle="Ischeck" length="255" editable="true" displayType="0"/>
    </entity>
</mapping>
