
<mapping>
    <entity name="DynamicAccessEntity" package="com.glaf.core" table="SYS_DYNAMICACCESS" title="DynamicAccessEntity" englishTitle="DynamicAccessEntity">
        <id name="id" column="ID_" type="String" title="Id" englishTitle="Id" length="50"/>
        <property name="serviceKey" column="SERVICEKEY_" type="String" title="ServiceKey" englishTitle="ServiceKey" length="50"/>
        <property name="filterSql" column="FILTERSQL_" type="String" title="FilterSql" englishTitle="FilterSql" length="500"/>
        <property name="objectId" column="OBJECTID_" type="String" title="ObjectId" englishTitle="ObjectId" length="255"/>
        <property name="target" column="TARGET_" type="String" title="Target" englishTitle="Target" length="50"/>
        <property name="entityType" column="ENTITYTYPE_" type="String" title="EntityType" englishTitle="EntityType" length="10"/>
        <property name="objectValue" column="OBJECTVALUE_" type="String" title="ObjectValue" englishTitle="ObjectValue" length="255"/>
        <property name="targetType" column="TARGETTYPE_" type="Integer" title="TargetType" englishTitle="TargetType" length="255"/>
    </entity>
</mapping>
