<?xml version="1.0" encoding="UTF-8" ?>
<mapping>
    <entity name="EntityDefinition" package="com.glaf.core" table="SYS_ENTITY" title="EntityDefinition" 
	        englishTitle="EntityDefinition">
        <id name="id" column="ID_" type="String" title="编号" englishTitle="Id" length="100"/>
		<property name="name" column="NAME_" type="String" title="名称" englishTitle="Name" length="50" nullable="false"/>
		<property name="type" column="TYPE_" type="String" title="类型" englishTitle="Type" length="50" nullable="false"/>
        <property name="title" column="TITLE_" type="String" title="标题" englishTitle="Title" length="200"/>
        <property name="tablename" column="TABLENAME_" type="String" title="数据表" englishTitle="Table" length="50"/>
        <property name="parseType" column="PARSETYPE_" type="String" title="解析类型" englishTitle="ParseType" length="50"/>
        <property name="primaryKey" column="primaryKey" type="String" title="主键" englishTitle="PrimaryKey" length="50"/>
		<property name="filePrefix" column="FILEPREFIX_" type="String" title="文件前缀" 
		          englishTitle="File Prefix" length="200" nullable="false"/>
		<property name="stopWord" column="STOPWORD_" type="String" title="结束词条" 
		          englishTitle="StopWord" length="200" nullable="false"/>
        <property name="javaType" column="JAVATYPE_" type="String" title="类型" 
		          englishTitle="JavaType" length="20" nullable="false"/>
        <property name="aggregationKeys" column="AGGREGATIONKEYS_" type="String" title="聚合主键" 
		          englishTitle="aggregationKeys" length="250"/>
		<property name="startRow" column="STARTROW_" type="Integer" title="开始行" 
		          englishTitle="StartRow"/>
		<property name="insertOnly" column="INSERTONLY_" type="String" title="是否只做Insert" 
		          englishTitle="InsertOnly"/>
		<property name="filename" column="FILENAME_" type="String" title="文件名称" englishTitle="filename" length="50"/>
		<property name="fileContent" column="FILECONTENT_" type="String" title="文件内容" 
		          englishTitle="File Content" nullable="false"/>
        <property name="createDate" column="CREATEDATE_" title="创建日期"
			      englishTitle="Create Date" type="Date" displayType="4" nullable="false"/>
		<property name="createBy" column="CREATEBY_" title="创建人" 
		          englishTitle="Create By"	type="String" displayType="4" length="50" />
		<property name="updateBy"  column="UPDATEBY_" title="修改人" 
		          englishTitle="Update By"	type="String" displayType="4" length="50" />
		<property name="updateDate" column="UPDATEDATE_" title="修改日期"
			      englishTitle="Update Date" type="Date" displayType="4" nullable="false"/>
    </entity>
</mapping>
