
<mapping>
    <entity name="EntityEntry" package="com.glaf.core" table="SYS_ENTITYENTRY" title="EntityEntry" englishTitle="EntityEntry">
        <id name="id" column="ID_" type="String" title="Id" englishTitle="Id" length="50"/>
        <property name="startDate" column="STARTDATE_" type="Date" title="StartDate" englishTitle="StartDate" length="255"/>
        <property name="moduleId" column="MODULEID_" type="String" title="ModuleId" englishTitle="ModuleId" length="50"/>
        <property name="subject" column="SUBJECT_" type="String" title="Subject" englishTitle="Subject" length="255"/>
        <property name="entityId" column="ENTITYID_" type="String" title="EntityId" englishTitle="EntityId" length="50"/>
        <property name="endDate" column="ENDDATE_" type="Date" title="EndDate" englishTitle="EndDate" length="255"/>
        <property name="createBy" column="CREATEBY_" type="String" title="CreateBy" englishTitle="CreateBy" length="50"/>
        <property name="dataCode" column="DATACODE_" type="String" title="DataCode" englishTitle="DataCode" length="50"/>
        <property name="isPropagationAllowed" column="ISPROPAGATIONALLOWED_" type="String" title="IsPropagationAllowed" englishTitle="IsPropagationAllowed" length="10"/>
        <property name="entryType" column="ENTRYTYPE_" type="Integer" title="EntryType" englishTitle="EntryType" length="255"/>
        <property name="objectId" column="OBJECTID_" type="String" title="ObjectId" englishTitle="ObjectId" length="255"/>
        <property name="entryKey" column="ENTRYKEY_" type="String" title="EntryKey" englishTitle="EntryKey" length="50"/>
        <property name="createDate" column="CREATEDATE_" type="Date" title="CreateDate" englishTitle="CreateDate" length="255"/>
        <property name="objectValue" column="OBJECTVALUE_" type="String" title="ObjectValue" englishTitle="ObjectValue" length="255"/>
    </entity>
</mapping>
