
<mapping>
    <entity name="FieldInterface" package="com.glaf.isdp" moduleName="isdp" table="interface" title="FieldInterface" englishTitle="FieldInterface">
        <id name="listId" column="listId" type="String" title="ListId" englishTitle="ListId" length="50"/>
        <property name="indexId" column="index_id" type="String" title="IndexId" englishTitle="IndexId" length="100" editable="true" displayType="0"/>
        <property name="frmtype" column="frmtype" type="String" title="Frmtype" englishTitle="Frmtype" length="30" editable="true" displayType="0"/>
        <property name="issystem" column="issystem" type="String" title="Issystem" englishTitle="Issystem" length="1" editable="true" displayType="0"/>
        <property name="fname" column="fname" type="String" title="Fname" englishTitle="Fname" length="255" editable="true" displayType="0"/>
        <property name="dname" column="dname" type="String" title="Dname" englishTitle="Dname" length="100" editable="true" displayType="0"/>
        <property name="dtype" column="dtype" type="String" title="Dtype" englishTitle="Dtype" length="50" editable="true" displayType="0"/>
        <property name="showtype" column="showtype" type="String" title="Showtype" englishTitle="Showtype" length="50" editable="true" displayType="0"/>
        <property name="strlen" column="strlen" type="Integer" title="Strlen" englishTitle="Strlen" length="255" editable="true" displayType="0"/>
        <property name="form" column="form" type="String" title="Form" englishTitle="Form" length="50" editable="true" displayType="0"/>
        <property name="intype" column="intype" type="String" title="Intype" englishTitle="Intype" length="10" editable="true" displayType="0"/>
        <property name="hintID" column="hintID" type="String" title="HintID" englishTitle="HintID" length="50" editable="true" displayType="0"/>
        <property name="listno" column="listno" type="Integer" title="Listno" englishTitle="Listno" length="255" editable="true" displayType="0"/>
        <property name="ztype" column="ztype" type="String" title="Ztype" englishTitle="Ztype" length="1" editable="true" displayType="0"/>
        <property name="ismustfill" column="ismustfill" type="String" title="Ismustfill" englishTitle="Ismustfill" length="1" editable="true" displayType="0"/>
        <property name="isListShow" column="isListShow" type="String" title="IsListShow" englishTitle="IsListShow" length="1" editable="true" displayType="0"/>
        <property name="listweigth" column="listweigth" type="Integer" title="Listweigth" englishTitle="Listweigth" length="255" editable="true" displayType="0"/>
        <property name="isallwidth" column="isallwidth" type="String" title="Isallwidth" englishTitle="Isallwidth" length="1" editable="true" displayType="0"/>
        <property name="istname" column="istname" type="String" title="Istname" englishTitle="Istname" length="1" editable="true" displayType="0"/>
        <property name="importType" column="import_type" type="Integer" title="ImportType" englishTitle="ImportType" length="255" editable="true" displayType="0"/>
        <property name="datapoint" column="datapoint" type="Integer" title="Datapoint" englishTitle="Datapoint" length="255" editable="true" displayType="0"/>
    </entity>
</mapping>
