
<mapping>
    <entity name="Filedot" package="com.glaf.isdp" moduleName="isdp" table="filedot" title="Filedot" englishTitle="Filedot">
        <id name="fileID" column="fileID" type="String" title="FileID" englishTitle="FileID" length="50"/>
        <property name="indexId" column="index_id" type="Integer" title="IndexId" englishTitle="IndexId" length="255" editable="true" displayType="0"/>
        <property name="fbelong" column="fbelong" type="String" title="Fbelong" englishTitle="Fbelong" length="250" editable="true" displayType="0"/>
        <property name="fnum" column="fnum" type="String" title="Fnum" englishTitle="Fnum" length="50" editable="true" displayType="0"/>
        <property name="pbelong" column="pbelong" type="String" title="Pbelong" englishTitle="Pbelong" length="200" editable="true" displayType="0"/>
        <property name="num" column="num" type="String" title="Num" englishTitle="Num" length="50" editable="true" displayType="0"/>
        <property name="fname" column="fname" type="String" title="Fname" englishTitle="Fname" length="255" editable="true" displayType="0"/>
        <property name="dotname" column="dotname" type="String" title="Dotname" englishTitle="Dotname" length="255" editable="true" displayType="0"/>
        <property name="ctime" column="ctime" type="Date" title="Ctime" englishTitle="Ctime" length="255" editable="true" displayType="0"/>
        <property name="dtime" column="dtime" type="Date" title="Dtime" englishTitle="Dtime" length="255" editable="true" displayType="0"/>
        <property name="fileName" column="file_name" type="String" title="FileName" englishTitle="FileName" length="255" editable="true" displayType="0"/>
        <property name="filesize" column="filesize" type="Integer" title="Filesize" englishTitle="Filesize" length="255" editable="true" displayType="0"/>
        <property name="dwid" column="dwid" type="Integer" title="Dwid" englishTitle="Dwid" length="255" editable="true" displayType="0"/>
        <property name="fbid" column="fbid" type="Integer" title="Fbid" englishTitle="Fbid" length="255" editable="true" displayType="0"/>
        <property name="fxid" column="fxid" type="Integer" title="Fxid" englishTitle="Fxid" length="255" editable="true" displayType="0"/>
        <property name="jid" column="jid" type="String" title="Jid" englishTitle="Jid" length="50" editable="true" displayType="0"/>
        <property name="flid" column="flid" type="String" title="Flid" englishTitle="Flid" length="50" editable="true" displayType="0"/>
        <property name="topnode" column="topnode" type="String" title="Topnode" englishTitle="Topnode" length="250" editable="true" displayType="0"/>
        <property name="cman" column="cman" type="String" title="Cman" englishTitle="Cman" length="20" editable="true" displayType="0"/>
        <property name="content" column="content" type="String" title="Content" englishTitle="Content" length="250" editable="true" displayType="0"/>
        <property name="listflag" column="listflag" type="String" title="Listflag" englishTitle="Listflag" length="1" editable="true" displayType="0"/>
        <property name="tofile" column="tofile" type="Integer" title="Tofile" englishTitle="Tofile" length="255" editable="true" displayType="0"/>
        <property name="isink" column="isink" type="String" title="Isink" englishTitle="Isink" length="1" editable="true" displayType="0"/>
        <property name="dottype" column="dottype" type="Integer" title="Dottype" englishTitle="Dottype" length="255" editable="true" displayType="0"/>
        <property name="ctimedname" column="ctimedname" type="String" title="Ctimedname" englishTitle="Ctimedname" length="50" editable="true" displayType="0"/>
        <property name="type" column="type" type="Integer" title="Type" englishTitle="Type" length="255" editable="true" displayType="0"/>
        <property name="listno" column="listno" type="Integer" title="Listno" englishTitle="Listno" length="255" editable="true" displayType="0"/>
        <property name="utreeIndex" column="utree_index" type="Integer" title="UtreeIndex" englishTitle="UtreeIndex" length="255" editable="true" displayType="0"/>
        <property name="isquan" column="isquan" type="String" title="Isquan" englishTitle="Isquan" length="1" editable="true" displayType="0"/>
        <property name="intsysform" column="intsysform" type="Integer" title="Intsysform" englishTitle="Intsysform" length="255" editable="true" displayType="0"/>
    </entity>
</mapping>
