
<mapping>
    <entity name="Fileatt" package="com.glaf.isdp" moduleName="isdp" table="fileatt" title="Fileatt" englishTitle="Fileatt">
        <id name="fileID" column="fileID" type="String" title="FileID" englishTitle="FileID" length="50"/>
        <property name="topid" column="topid" type="String" title="Topid" englishTitle="Topid" length="50" editable="true" displayType="0"/>
        <property name="num" column="num" type="String" title="Num" englishTitle="Num" length="50" editable="true" displayType="0"/>
        <property name="actor" column="actor" type="String" title="Actor" englishTitle="Actor" length="20" editable="true" displayType="0"/>
        <property name="fname" column="fname" type="String" title="Fname" englishTitle="Fname" length="255" editable="true" displayType="0"/>
        <property name="fileName" column="file_name" type="String" title="FileName" englishTitle="FileName" length="255" editable="true" displayType="0"/>
        <property name="vision" column="vision" type="String" title="Vision" englishTitle="Vision" length="50" editable="true" displayType="0"/>
        <property name="ctime" column="ctime" type="Date" title="Ctime" englishTitle="Ctime" length="255" editable="true" displayType="0"/>
        <property name="filesize" column="filesize" type="Integer" title="Filesize" englishTitle="Filesize" length="255" editable="true" displayType="0"/>
        <property name="visID" column="visID" type="String" title="VisID" englishTitle="VisID" length="50" editable="true" displayType="0"/>
        <property name="attID" column="attID" type="String" title="AttID" englishTitle="AttID" length="50" editable="true" displayType="0"/>
        <property name="istextcontent" column="Istextcontent" type="Integer" title="Istextcontent" englishTitle="Istextcontent" length="255" editable="true" displayType="0"/>
        <property name="textcontent" column="textcontent" type="String" title="Textcontent" englishTitle="Textcontent" length="255" editable="true" displayType="0"/>
    </entity>
</mapping>
