
<mapping>
    <entity name="FlowActivity" package="com.glaf.isdp" moduleName="isdp" table="flow_activ" title="FlowActivity" englishTitle="FlowActivity">
        <id name="id" column="id" type="String" title="Id" englishTitle="Id" length="50"/>
        <property name="activDefId" column="activ_d_id" type="String" title="ActivDefId" englishTitle="ActivDefId" length="50" editable="true" displayType="0"/>
        <property name="processId" column="process_id" type="String" title="ProcessId" englishTitle="ProcessId" length="50" editable="true" displayType="0"/>
        <property name="typeofact" column="typeofact" type="String" title="Typeofact" englishTitle="Typeofact" length="20" editable="true" displayType="0"/>
        <property name="name" column="name" type="String" title="Name" englishTitle="Name" length="100" editable="true" displayType="0"/>
        <property name="content" column="content" type="String" title="Content" englishTitle="Content" length="100" editable="true" displayType="0"/>
        <property name="strfuntion" column="strfuntion" type="String" title="Strfuntion" englishTitle="Strfuntion" length="200" editable="true" displayType="0"/>
        <property name="netroleid" column="netroleid" type="String" title="Netroleid" englishTitle="Netroleid" length="50" editable="true" displayType="0"/>
        <property name="userid" column="userid" type="String" title="Userid" englishTitle="Userid" length="50" editable="true" displayType="0"/>
        <property name="listno" column="listno" type="Integer" title="Listno" englishTitle="Listno" length="255" editable="true" displayType="0"/>
        <property name="ctimeStart" column="ctime_start" type="Date" title="CtimeStart" englishTitle="CtimeStart" length="255" editable="true" displayType="0"/>
        <property name="ctimeEnd" column="ctime_end" type="Date" title="CtimeEnd" englishTitle="CtimeEnd" length="255" editable="true" displayType="0"/>
        <property name="state" column="state" type="Integer" title="State" englishTitle="State" length="255" editable="true" displayType="0"/>
        <property name="intback" column="intback" type="Integer" title="Intback" englishTitle="Intback" length="255" editable="true" displayType="0"/>
    </entity>
</mapping>
