
<mapping>
    <entity name="FlowForwardDef" package="com.glaf.isdp" moduleName="isdp" table="flow_forward_d" title="FlowForwardDef" englishTitle="FlowForwardDef">
        <id name="id" column="id" type="String" title="Id" englishTitle="Id" length="50"/>
        <property name="processId" column="process_id" type="String" title="ProcessId" englishTitle="ProcessId" length="50" editable="true" displayType="0"/>
        <property name="activId" column="activ_id" type="String" title="ActivId" englishTitle="ActivId" length="50" editable="true" displayType="0"/>
        <property name="activPre" column="activ_pre" type="String" title="ActivPre" englishTitle="ActivPre" length="50" editable="true" displayType="0"/>
        <property name="activNext" column="activ_next" type="String" title="ActivNext" englishTitle="ActivNext" length="50" editable="true" displayType="0"/>
        <property name="issave" column="issave" type="Integer" title="Issave" englishTitle="Issave" length="255" editable="true" displayType="0"/>
        <property name="isdel" column="isdel" type="Integer" title="Isdel" englishTitle="Isdel" length="255" editable="true" displayType="0"/>
        <property name="listno" column="listno" type="Integer" title="Listno" englishTitle="Listno" length="255" editable="true" displayType="0"/>
    </entity>
</mapping>
