
<mapping>
    <entity name="FlowForward" package="com.glaf.isdp" moduleName="isdp" table="flow_forward" title="FlowForward" englishTitle="FlowForward">
        <id name="id" column="id" type="String" title="Id" englishTitle="Id" length="50"/>
        <property name="processId" column="process_id" type="String" title="ProcessId" englishTitle="ProcessId" length="50" editable="true" displayType="0"/>
        <property name="activDefId" column="activ_d_id" type="String" title="ActivDefId" englishTitle="ActivDefId" length="50" editable="true" displayType="0"/>
        <property name="activDefNext" column="activ_d_next" type="String" title="ActivDefNext" englishTitle="ActivDefNext" length="50" editable="true" displayType="0"/>
        <property name="sendtype" column="sendtype" type="Integer" title="Sendtype" englishTitle="Sendtype" length="255" editable="true" displayType="0"/>
        <property name="sendtimes" column="sendtimes" type="Integer" title="Sendtimes" englishTitle="Sendtimes" length="255" editable="true" displayType="0"/>
    </entity>
</mapping>
