
<mapping>
    <entity name="FlowProcessDef" package="com.glaf.isdp" moduleName="isdp" table="flow_process_d" title="FlowProcessDef" englishTitle="FlowProcessDef">
        <id name="id" column="id" type="String" title="Id" englishTitle="Id" length="50"/>
        <property name="mainId" column="main_id" type="String" title="MainId" englishTitle="MainId" length="50" editable="true" displayType="0"/>
        <property name="fileid" column="fileid" type="String" title="Fileid" englishTitle="Fileid" length="50" editable="true" displayType="0"/>
        <property name="name" column="name" type="String" title="Name" englishTitle="Name" length="200" editable="true" displayType="0"/>
        <property name="content" column="content" type="String" title="Content" englishTitle="Content" length="100" editable="true" displayType="0"/>
        <property name="actor" column="actor" type="String" title="Actor" englishTitle="Actor" length="40" editable="true" displayType="0"/>
        <property name="ctime" column="ctime" type="Date" title="Ctime" englishTitle="Ctime" length="255" editable="true" displayType="0"/>
        <property name="version" column="version" type="String" title="Version" englishTitle="Version" length="50" editable="true" displayType="0"/>
        <property name="issave" column="issave" type="Integer" title="Issave" englishTitle="Issave" length="255" editable="true" displayType="0"/>
        <property name="intflag" column="intflag" type="Integer" title="Intflag" englishTitle="Intflag" length="255" editable="true" displayType="0"/>
    </entity>
</mapping>
