
<mapping>
    <entity name="FlowActivityDef" package="com.glaf.isdp" moduleName="isdp" table="flow_activ_d" title="FlowActivityDef" englishTitle="FlowActivityDef">
        <id name="id" column="id" type="String" title="Id" englishTitle="Id" length="50"/>
        <property name="processId" column="process_id" type="String" title="ProcessId" englishTitle="ProcessId" length="50" editable="true" displayType="0"/>
        <property name="typeofact" column="typeofact" type="String" title="Typeofact" englishTitle="Typeofact" length="20" editable="true" displayType="0"/>
        <property name="name" column="name" type="String" title="Name" englishTitle="Name" length="100" editable="true" displayType="0"/>
        <property name="content" column="content" type="String" title="Content" englishTitle="Content" length="100" editable="true" displayType="0"/>
        <property name="strfuntion" column="strfuntion" type="String" title="Strfuntion" englishTitle="Strfuntion" length="200" editable="true" displayType="0"/>
        <property name="netroleid" column="netroleid" type="String" title="Netroleid" englishTitle="Netroleid" length="50" editable="true" displayType="0"/>
        <property name="listno" column="listno" type="Integer" title="Listno" englishTitle="Listno" length="255" editable="true" displayType="0"/>
        <property name="issave" column="issave" type="Integer" title="Issave" englishTitle="Issave" length="255" editable="true" displayType="0"/>
        <property name="isdel" column="isdel" type="Integer" title="Isdel" englishTitle="Isdel" length="255" editable="true" displayType="0"/>
        <property name="intselectuser" column="intselectuser" type="Integer" title="Intselectuser" englishTitle="Intselectuser" length="255" editable="true" displayType="0"/>
        <property name="intusedomain" column="intusedomain" type="Integer" title="Intusedomain" englishTitle="Intusedomain" length="255" editable="true" displayType="0"/>
    </entity>
</mapping>
