
<mapping>
    <entity name="FlowForwardSqlDef" package="com.glaf.isdp" moduleName="isdp" table="flow_forward_sql_d" title="FlowForwardSqlDef" englishTitle="FlowForwardSqlDef">
        <id name="id" column="id" type="String" title="Id" englishTitle="Id" length="50"/>
        <property name="processId" column="process_id" type="String" title="ProcessId" englishTitle="ProcessId" length="50" editable="true" displayType="0"/>
        <property name="flowForwardD" column="flow_forward_d" type="String" title="FlowForwardD" englishTitle="FlowForwardD" length="50" editable="true" displayType="0"/>
        <property name="intandor" column="intandor" type="Integer" title="Intandor" englishTitle="Intandor" length="255" editable="true" displayType="0"/>
        <property name="sqlconType" column="sqlcon_type" type="Integer" title="SqlconType" englishTitle="SqlconType" length="255" editable="true" displayType="0"/>
        <property name="sqlconDtype" column="sqlcon_dtype" type="String" title="SqlconDtype" englishTitle="SqlconDtype" length="20" editable="true" displayType="0"/>
        <property name="sqlconField" column="sqlcon_field" type="String" title="SqlconField" englishTitle="SqlconField" length="50" editable="true" displayType="0"/>
        <property name="strsp" column="strsp" type="String" title="Strsp" englishTitle="Strsp" length="10" editable="true" displayType="0"/>
        <property name="sqlconValue" column="sqlcon_value" type="String" title="SqlconValue" englishTitle="SqlconValue" length="200" editable="true" displayType="0"/>
        <property name="sqlconshow" column="sqlconshow" type="String" title="Sqlconshow" englishTitle="Sqlconshow" length="255" editable="true" displayType="0"/>
        <property name="issave" column="issave" type="Integer" title="Issave" englishTitle="Issave" length="255" editable="true" displayType="0"/>
    </entity>
</mapping>
