
<mapping>
    <entity name="FormDefinition" package="com.glaf.form.core" table="FORM_DEFINITION" title="FormDefinition" englishTitle="FormDefinition">
        <id name="id" column="ID_" type="String" title="Id" englishTitle="Id" length="50"/>
        <property name="createBy" column="CREATEBY_" type="String" title="CreateBy" englishTitle="CreateBy" dataType="0" length="255" updatable="false"/>
        <property name="createDate" column="CREATEDATE_" type="Date" title="CreateDate" englishTitle="CreateDate" dataType="0" length="255" updatable="false"/>
        <property name="description" column="DESCRIPTION_" type="String" title="Description" englishTitle="Description" dataType="0" length="255"/>
        <property name="formDefinitionId" column="FORMDEFINITIONID_" type="String" title="FormDefinitionId" englishTitle="FormDefinitionId" dataType="0" length="255" updatable="false"/>
        <property name="name" column="NAME_" type="String" title="Name" englishTitle="Name" dataType="0" length="255" updatable="false"/>
        <property name="objectId" column="OBJECTID_" type="String" title="ObjectId" englishTitle="ObjectId" dataType="0" length="255"/>
        <property name="objectValue" column="OBJECTVALUE_" type="String" title="ObjectValue" englishTitle="ObjectValue" dataType="0" length="255"/>
        <property name="templateName" column="TEMPLATENAME_" type="String" title="TemplateName" englishTitle="TemplateName" dataType="0" length="255"/>
        <property name="templateType" column="TEMPLATETYPE_" type="String" title="TemplateType" englishTitle="TemplateType" dataType="0" length="255"/>
        <property name="title" column="TITLE_" type="String" title="Title" englishTitle="Title" dataType="0" length="255"/>
    </entity>
</mapping>
