
<mapping>
    <entity name="FormHistoryInstance" package="com.glaf.form" table="FORM_HISTORY_INSTANCE" title="FormHistoryInstance" englishTitle="FormHistoryInstance">
        <id name="id" column="ID_" type="String" title="Id" englishTitle="Id" length="50"/>
        <property name="name" column="NAME_" type="String" title="Name" englishTitle="Name" dataType="0" length="255"/>
        <property name="nodeId" column="NODEID_" type="String" title="NodeId" englishTitle="NodeId" dataType="0" length="255"/>
        <property name="objectId" column="OBJECTID_" type="String" title="ObjectId" englishTitle="ObjectId" dataType="0" length="255"/>
        <property name="objectValue" column="OBJECTVALUE_" type="String" title="ObjectValue" englishTitle="ObjectValue" dataType="0" length="255"/>
        <property name="objectType" column="OBJECTTYPE_" type="Integer" title="ObjectType" englishTitle="ObjectType" dataType="0" length="255"/>
        <property name="processInstanceId" column="PROCESSINSTANCEID_" type="String" title="ProcessInstanceId" englishTitle="ProcessInstanceId" dataType="0" length="255"/>
        <property name="taskInstanceId" column="TASKINSTANCEID_" type="String" title="TaskInstanceId" englishTitle="TaskInstanceId" dataType="0" length="255"/>
        <property name="actorId" column="ACTORID_" type="String" title="ActorId" englishTitle="ActorId" dataType="0" length="255"/>
        <property name="createDate" column="CREATEDATE_" type="Date" title="CreateDate" englishTitle="CreateDate" dataType="0" length="255"/>
        <property name="remoteAddr" column="REMOTEADDR_" type="String" title="RemoteAddr" englishTitle="RemoteAddr" dataType="0" length="255"/>
        <property name="content" column="CONTENT_" type="String" title="Content" englishTitle="Content" dataType="0" length="255"/>
        <property name="versionNo" column="VERSIONNO_" type="Long" title="VersionNo" englishTitle="VersionNo" dataType="0" length="255"/>
    </entity>
</mapping>
