
<mapping>
    <entity name="FormApplication" package="com.glaf.form.core" table="FORM_APPLICATION" title="FormApplication" englishTitle="FormApplication">
        <id name="id" column="ID_" type="String" title="Id" englishTitle="Id" length="50"/>
        <property name="archivesNode" column="ARCHIVESNODE_" type="String" title="ArchivesNode" englishTitle="ArchivesNode" length="255"/>
        <property name="auditUploadFlag" column="AUDITUPLOADFLAG_" type="String" title="AuditUploadFlag" englishTitle="AuditUploadFlag" length="255"/>
        <property name="autoArchivesFlag" column="AUTOARCHIVESFLAG_" type="String" title="AutoArchivesFlag" englishTitle="AutoArchivesFlag" length="255"/>
        <property name="createBy" column="CREATEBY_" type="String" title="CreateBy" englishTitle="CreateBy" length="255" updatable="false"/>
        <property name="createDate" column="CREATEDATE_" type="Date" title="CreateDate" englishTitle="CreateDate" length="255" updatable="false"/>
        <property name="description" column="DESCRIPTION_" type="String" title="Description" englishTitle="Description" length="255"/>
        <property name="docRequiredFlag" column="DOCREQUIREDFLAG_" type="String" title="DocRequiredFlag" englishTitle="DocRequiredFlag" length="255"/>
        <property name="formName" column="FORMNAME_" type="String" title="FormName" englishTitle="FormName" length="255"/>
        <property name="formRendererType" column="FORMRENDERERTYPE_" type="String" title="FormRendererType" englishTitle="FormRendererType" length="255"/>
        <property name="linkControllerName" column="LINKCONTROLLERNAME_" type="String" title="LinkControllerName" englishTitle="LinkControllerName" length="255"/>
        <property name="linkTemplateId" column="LINKTEMPLATEID_" type="String" title="LinkTemplateId" englishTitle="LinkTemplateId" length="255"/>
        <property name="listControllerName" column="LISTCONTROLLERNAME_" type="String" title="ListControllerName" englishTitle="ListControllerName" length="255"/>
        <property name="listTemplateId" column="LISTTEMPLATEID_" type="String" title="ListTemplateId" englishTitle="ListTemplateId" length="255"/>
        <property name="manualRouteFlag" column="MANUALROUTEFLAG_" type="String" title="ManualRouteFlag" englishTitle="ManualRouteFlag" length="255"/>
        <property name="name" column="NAME_" type="String" title="Name" englishTitle="Name" length="255" updatable="false"/>
        <property name="objectId" column="OBJECTID_" type="String" title="ObjectId" englishTitle="ObjectId" length="255"/>
        <property name="objectValue" column="OBJECTVALUE_" type="String" title="ObjectValue" englishTitle="ObjectValue" length="255"/>
        <property name="processDefinitionId" column="PROCESSDEFINITIONID_" type="String" title="ProcessDefinitionId" englishTitle="ProcessDefinitionId" length="255"/>
        <property name="processName" column="PROCESSNAME_" type="String" title="ProcessName" englishTitle="ProcessName" length="255"/>
        <property name="releaseDate" column="RELEASEDATE_" type="Date" title="ReleaseDate" englishTitle="ReleaseDate" length="255"/>
        <property name="releaseFlag" column="RELEASEFLAG_" type="String" title="ReleaseFlag" englishTitle="ReleaseFlag" length="255"/>
        <property name="tableName" column="TABLENAME_" type="String" title="TableName" englishTitle="TableName" length="255"/>
        <property name="title" column="TITLE_" type="String" title="Title" englishTitle="Title" length="255"/>
        <property name="uploadFlag" column="UPLOADFLAG_" type="String" title="UploadFlag" englishTitle="UploadFlag" length="255"/>
		<property name="updateBy"  column="UPDATEBY" title="修改人" 
		    englishTitle="Update By"	type="String" displayType="4" length="50" />
		<property name="updateDate" column="UPDATEDATE" title="修改日期"
			englishTitle="Update Date" type="Date" displayType="4" nullable="false"/>
    </entity>
</mapping>
