
<mapping>
    <entity name="FormApplication" package="com.glaf.form.core" table="FORM_APPLICATION" title="FormApplication" englishTitle="FormApplication">
        <id name="id" column="ID_" type="String" title="Id" englishTitle="Id" length="50"/>
        <property name="archivesNode" column="ARCHIVESNODE_" type="String" title="ArchivesNode" englishTitle="ArchivesNode" dataType="0" length="255"/>
        <property name="auditUploadFlag" column="AUDITUPLOADFLAG_" type="String" title="AuditUploadFlag" englishTitle="AuditUploadFlag" dataType="0" length="255"/>
        <property name="autoArchivesFlag" column="AUTOARCHIVESFLAG_" type="String" title="AutoArchivesFlag" englishTitle="AutoArchivesFlag" dataType="0" length="255"/>
        <property name="createBy" column="CREATEBY_" type="String" title="CreateBy" englishTitle="CreateBy" dataType="0" length="255" updatable="false"/>
        <property name="createDate" column="CREATEDATE_" type="Date" title="CreateDate" englishTitle="CreateDate" dataType="0" length="255" updatable="false"/>
        <property name="description" column="DESCRIPTION_" type="String" title="Description" englishTitle="Description" dataType="0" length="255"/>
        <property name="docRequiredFlag" column="DOCREQUIREDFLAG_" type="String" title="DocRequiredFlag" englishTitle="DocRequiredFlag" dataType="0" length="255"/>
        <property name="formName" column="FORMNAME_" type="String" title="FormName" englishTitle="FormName" dataType="0" length="255"/>
        <property name="formRendererType" column="FORMRENDERERTYPE_" type="String" title="FormRendererType" englishTitle="FormRendererType" dataType="0" length="255"/>
        <property name="linkControllerName" column="LINKCONTROLLERNAME_" type="String" title="LinkControllerName" englishTitle="LinkControllerName" dataType="0" length="255"/>
        <property name="linkTemplateId" column="LINKTEMPLATEID_" type="String" title="LinkTemplateId" englishTitle="LinkTemplateId" dataType="0" length="255"/>
        <property name="listControllerName" column="LISTCONTROLLERNAME_" type="String" title="ListControllerName" englishTitle="ListControllerName" dataType="0" length="255"/>
        <property name="listTemplateId" column="LISTTEMPLATEID_" type="String" title="ListTemplateId" englishTitle="ListTemplateId" dataType="0" length="255"/>
        <property name="manualRouteFlag" column="MANUALROUTEFLAG_" type="String" title="ManualRouteFlag" englishTitle="ManualRouteFlag" dataType="0" length="255"/>
        <property name="name" column="NAME_" type="String" title="Name" englishTitle="Name" dataType="0" length="255" updatable="false"/>
        <property name="objectId" column="OBJECTID_" type="String" title="ObjectId" englishTitle="ObjectId" dataType="0" length="255"/>
        <property name="objectValue" column="OBJECTVALUE_" type="String" title="ObjectValue" englishTitle="ObjectValue" dataType="0" length="255"/>
        <property name="processDefinitionId" column="PROCESSDEFINITIONID_" type="String" title="ProcessDefinitionId" englishTitle="ProcessDefinitionId" dataType="0" length="255"/>
        <property name="processName" column="PROCESSNAME_" type="String" title="ProcessName" englishTitle="ProcessName" dataType="0" length="255"/>
        <property name="releaseDate" column="RELEASEDATE_" type="Date" title="ReleaseDate" englishTitle="ReleaseDate" dataType="0" length="255"/>
        <property name="releaseFlag" column="RELEASEFLAG_" type="String" title="ReleaseFlag" englishTitle="ReleaseFlag" dataType="0" length="255"/>
        <property name="tableName" column="TABLENAME_" type="String" title="TableName" englishTitle="TableName" dataType="0" length="255"/>
        <property name="title" column="TITLE_" type="String" title="Title" englishTitle="Title" dataType="0" length="255"/>
        <property name="uploadFlag" column="UPLOADFLAG_" type="String" title="UploadFlag" englishTitle="UploadFlag" dataType="0" length="255"/>
    </entity>
</mapping>
