
<mapping>
    <entity name="FormLink" package="com.glaf.form.core" table="FORM_LINK" title="FormLink" englishTitle="FormLink">
        <id name="id" column="ID_" type="String" title="Id" englishTitle="Id" length="50"/>
        <property name="applicationName" column="APPLICATIONNAME_" type="String" title="ApplicationName" englishTitle="ApplicationName" dataType="0" length="255"/>
        <property name="childName" column="CHILDNAME_" type="String" title="ChildName" englishTitle="ChildName" dataType="0" length="255"/>
        <property name="objectId" column="OBJECTID_" type="String" title="ObjectId" englishTitle="ObjectId" dataType="0" length="255"/>
        <property name="objectValue" column="OBJECTVALUE_" type="String" title="ObjectValue" englishTitle="ObjectValue" dataType="0" length="255"/>
        <property name="oneToMany" column="ONETOMANY_" type="Integer" title="OneToMany" englishTitle="OneToMany" dataType="0" length="255"/>
        <property name="orderBy" column="ORDERBY_" type="String" title="OrderBy" englishTitle="OrderBy" dataType="0" length="255"/>
        <property name="sortNo" column="SORTNO_" type="Integer" title="SortNo" englishTitle="SortNo" dataType="0" length="255"/>
    </entity>
</mapping>
