<?xml version="1.0" encoding="UTF-8" ?>
<mapping>
  <entity name="FormAction" package="com.glaf.form.core" table="FORM_ACTION" title="FormAction" englishTitle="FormAction">
    <id name="id" column="ID_" type="String" title="编号" englishTitle="Id" length="50"/>
    <property name="name" column="NAME_" type="String" title="名称" englishTitle="Name"  length="50"/>
    <property name="title" column="TITLE_" type="String" title="主题" englishTitle="Title" length="200"/>
	<property name="url" column="URL_" type="String" title="动作地址" englishTitle="Url"  length="500" />
	<property name="provider" column="PROVIDER_" type="String" title="动作处理器" englishTitle="provider"  length="100" />
    <property name="createBy" column="CREATEBY_" type="String" title="创建人" englishTitle="CreateBy" length="50" updatable="false"/>
    <property name="createDate" column="CREATEDATE_" type="Date" title="创建日期" englishTitle="CreateDate" updatable="false"/>
    <property name="description" column="DESCRIPTION_" type="String" title="描述" englishTitle="Description"  length="250"/>
	<property name="activity" column="ACTIVITY_" type="String" title="活动环节" englishTitle="Activity"  length="200"/>
    <property name="formName" column="FORMNAME_" type="String" title="表单名称" englishTitle="FormName"  length="100"/>
    <property name="appId" column="APPID_" type="String" title="应用编号" englishTitle="appId"  length="50" />
  </entity>
</mapping>
