<?xml version="1.0" encoding="UTF-8" ?>
<mapping>
    <entity name="Group" package="com.glaf.base.modules.sys" table="SYS_GROUP" title="群组" englishTitle="Group">
        <id name="groupId" column="GROUPID" type="String" englishTitle="GroupId" title="群组编号" />
        <property name="name" column="NAME" type="String" englishTitle="name" length="255" title="名称" />
        <property name="desc" column="GROUPDESC" type="String" englishTitle="desc" length="255" title="描述" />
        <property name="type" column="TYPE" type="String" englishTitle="type" length="255" title="类型" />
		<property name="createBy" column="CREATEBY" type="String" englishTitle="createBy" length="255" title="创建人" />
        <property name="sort" column="SORT" type="Integer" englishTitle="sort" length="10" title="顺序号" />
    </entity>
</mapping>
