
<mapping>
    <entity name="HintList" package="com.glaf.isdp" moduleName="isdp" table="hintlist" title="HintList" englishTitle="HintList">
        <id name="id" column="id" type="String" title="Id" englishTitle="Id" length="50"/>
        <property name="hintid" column="hintid" type="String" title="Hintid" englishTitle="Hintid" length="50" editable="true" displayType="0"/>
        <property name="list" column="list" type="String" title="List" englishTitle="List" length="100" editable="true" displayType="0"/>
        <property name="content" column="content" type="String" title="Content" englishTitle="Content" length="100" editable="true" displayType="0"/>
        <property name="listno" column="listno" type="Integer" title="Listno" englishTitle="Listno" length="255" editable="true" displayType="0"/>
        <property name="hintdata" column="hintdata" type="Integer" title="Hintdata" englishTitle="Hintdata" length="255" editable="true" displayType="0"/>
    </entity>
</mapping>
