
<mapping>
    <entity name="InputDefinition" package="com.glaf.core" table="SYS_INPUT_DEF" title="InputDefinition" englishTitle="InputDefinition">
        <id name="id" column="id" type="String" title="Id" englishTitle="Id" length="50"/>
        <property name="serviceKey" column="service_key" type="String" title="ServiceKey" englishTitle="ServiceKey" dataType="0" length="50" nullable="false"/>
        <property name="typeCd" column="type_cd" type="String" title="TypeCd" englishTitle="TypeCd" dataType="0" length="20" nullable="false"/>
        <property name="typeTitle" column="type_title" type="String" title="TypeTitle" englishTitle="TypeTitle" dataType="0" length="200"/>
        <property name="keyName" column="key_name" type="String" title="KeyName" englishTitle="KeyName" dataType="0" length="50" nullable="false"/>
        <property name="javaType" column="java_type" type="String" title="JavaType" englishTitle="JavaType" dataType="0" length="20" nullable="false"/>
        <property name="title" column="title" type="String" title="Title" englishTitle="Title" dataType="0" length="200" nullable="false"/>
        <property name="inputType" column="input_type" type="String" title="InputType" englishTitle="InputType" dataType="0" length="50"/>
        <property name="valueField" column="value_field" type="String" title="ValueField" englishTitle="ValueField" dataType="0" length="50"/>
        <property name="textField" column="text_field" type="String" title="TextField" englishTitle="TextField" dataType="0" length="50"/>
        <property name="url" column="url" type="String" title="Url" englishTitle="Url" dataType="0" length="250"/>
        <property name="validType" column="valid_type" type="String" title="ValidType" englishTitle="ValidType" dataType="0" length="50"/>
        <property name="required" column="required" type="String" title="Required" englishTitle="Required" dataType="0" length="10"/>
        <property name="initValue" column="init_value" type="String" title="InitValue" englishTitle="InitValue" dataType="0" length="500"/>
    </entity>
</mapping>
