
<mapping>
    <entity name="JobExecution" package="com.glaf.batch" moduleName="isdp" table="SYS_JOB_EXECUTION" title="JobExecution" englishTitle="JobExecution">
        <id name="jobExecutionId" column="job_execution_id" type="Integer" title="JobExecutionId" englishTitle="JobExecutionId" length="255"/>
        <property name="version" column="version" type="Integer" title="Version" englishTitle="Version" length="255" editable="true" displayType="0"/>
        <property name="jobInstanceId" column="job_instance_id" type="Integer" title="JobInstanceId" englishTitle="JobInstanceId" length="255" editable="true" displayType="0"/>
        <property name="createTime" column="create_time" type="Date" title="CreateTime" englishTitle="CreateTime" length="255" editable="true" displayType="0"/>
        <property name="startTime" column="start_time" type="Date" title="StartTime" englishTitle="StartTime" length="255" editable="true" displayType="0"/>
        <property name="endTime" column="end_time" type="Date" title="EndTime" englishTitle="EndTime" length="255" editable="true" displayType="0"/>
        <property name="status" column="status" type="String" title="Status" englishTitle="Status" length="10" editable="true" displayType="0"/>
        <property name="exitCode" column="exit_code" type="String" title="ExitCode" englishTitle="ExitCode" length="100" editable="true" displayType="0"/>
        <property name="exitMessage" column="exit_message" type="String" title="ExitMessage" englishTitle="ExitMessage" length="2500" editable="true" displayType="0"/>
        <property name="lastUpdated" column="last_updated" type="Date" title="LastUpdated" englishTitle="LastUpdated" length="255" editable="true" displayType="0"/>
    </entity>
</mapping>
