
<mapping>
    <entity name="JobParam" package="com.glaf.batch" moduleName="isdp" table="SYS_JOB_PARAMS" title="JobParam" englishTitle="JobParam">
        <id name="id" column="id" type="Integer" title="Id" englishTitle="Id" length="255"/>
        <property name="jobInstanceId" column="job_instance_id" type="Integer" title="JobInstanceId" englishTitle="JobInstanceId" length="255" editable="true" displayType="0"/>
        <property name="typeCd" column="type_cd" type="String" title="TypeCd" englishTitle="TypeCd" length="6" editable="true" displayType="0"/>
        <property name="keyName" column="key_name" type="String" title="KeyName" englishTitle="KeyName" length="100" editable="true" displayType="0"/>
        <property name="stringVal" column="string_val" type="String" title="StringVal" englishTitle="StringVal" length="250" editable="true" displayType="0"/>
        <property name="dateVal" column="date_val" type="Date" title="DateVal" englishTitle="DateVal" length="255" editable="true" displayType="0"/>
    </entity>
</mapping>
