
<mapping>
    <entity name="ListShow" package="com.glaf.isdp" moduleName="isdp" table="ListShow" title="ListShow" englishTitle="ListShow">
        <id name="id" column="id" type="String" title="Id" englishTitle="Id" length="50"/>
        <property name="indexId" column="index_id" type="Integer" title="IndexId" englishTitle="IndexId" length="255" editable="true" displayType="0"/>
        <property name="listId" column="listId" type="String" title="ListId" englishTitle="ListId" length="50" editable="true" displayType="0"/>
        <property name="listno" column="listno" type="Integer" title="Listno" englishTitle="Listno" length="255" editable="true" displayType="0"/>
        <property name="frmtype" column="frmtype" type="String" title="Frmtype" englishTitle="Frmtype" length="30" editable="true" displayType="0"/>
        <property name="leftL" column="left_L" type="Integer" title="LeftL" englishTitle="LeftL" length="255" editable="true" displayType="0"/>
        <property name="topL" column="top_L" type="Integer" title="TopL" englishTitle="TopL" length="255" editable="true" displayType="0"/>
        <property name="widthL" column="width_L" type="Integer" title="WidthL" englishTitle="WidthL" length="255" editable="true" displayType="0"/>
        <property name="heightL" column="height_L" type="Integer" title="HeightL" englishTitle="HeightL" length="255" editable="true" displayType="0"/>
        <property name="leftC" column="left_C" type="Integer" title="LeftC" englishTitle="LeftC" length="255" editable="true" displayType="0"/>
        <property name="topC" column="top_C" type="Integer" title="TopC" englishTitle="TopC" length="255" editable="true" displayType="0"/>
        <property name="widthC" column="width_C" type="Integer" title="WidthC" englishTitle="WidthC" length="255" editable="true" displayType="0"/>
        <property name="heightC" column="height_C" type="Integer" title="HeightC" englishTitle="HeightC" length="255" editable="true" displayType="0"/>
    </entity>
</mapping>
