
<mapping>
    <entity name="MailAccount" package="com.glaf.mail" moduleName="isdp" table="SYS_MAIL_ACCOUNT" title="MailAccount" englishTitle="MailAccount">
        <id name="id" column="ID_" type="String" title="Id" englishTitle="Id" length="50"/>
        <property name="accountType" column="ACCOUNTTYPE_" type="String" title="AccountType" englishTitle="AccountType" length="50" editable="true" displayType="0"/>
        <property name="mailAddress" column="MAILADDRESS_" type="String" title="MailAddress" englishTitle="MailAddress" length="100" editable="true" displayType="0"/>
        <property name="showName" column="SHOWNAME_" type="String" title="ShowName" englishTitle="ShowName" length="50" editable="true" displayType="0"/>
        <property name="username" column="USERNAME_" type="String" title="Username" englishTitle="Username" length="100" editable="true" displayType="0"/>
        <property name="password" column="PASSWORD_" type="String" title="Password" englishTitle="Password" length="100" editable="true" displayType="0"/>
        <property name="pop3Server" column="POP3SERVER_" type="String" title="Pop3Server" englishTitle="Pop3Server" length="100" editable="true" displayType="0"/>
        <property name="receivePort" column="RECEIVEPORT_" type="Integer" title="ReceivePort" englishTitle="ReceivePort" length="255" editable="true" displayType="0"/>
        <property name="smtpServer" column="SMTPSERVER_" type="String" title="SmtpServer" englishTitle="SmtpServer" length="100" editable="true" displayType="0"/>
        <property name="sendPort" column="SENDPORT_" type="Integer" title="SendPort" englishTitle="SendPort" length="255" editable="true" displayType="0"/>
        <property name="autoReceive" column="AUTORECEIVE_" type="String" title="AutoReceive" englishTitle="AutoReceive" length="10" editable="true" displayType="0"/>
        <property name="rememberPassword" column="REMEMBERPASSWORD_" type="String" title="RememberPassword" englishTitle="RememberPassword" length="10" editable="true" displayType="0"/>
        <property name="locked" column="LOCKED_" type="Integer" title="Locked" englishTitle="Locked" length="255" editable="true" displayType="0"/>
        <property name="createBy" column="CREATEBY_" type="String" title="CreateBy" englishTitle="CreateBy" length="50" editable="true" displayType="0"/>
        <property name="createDate" column="CREATEDATE_" type="Date" title="CreateDate" englishTitle="CreateDate" length="255" editable="true" displayType="0"/>
        <property name="authFlag" column="AUTHFLAG_" type="String" title="AuthFlag" englishTitle="AuthFlag" length="10" editable="true" displayType="0"/>
    </entity>
</mapping>
