
<mapping>
    <entity name="MailStorage" package="com.glaf.mail" moduleName="isdp" table="SYS_MAIL_STORAGE" title="MailStorage" englishTitle="MailStorage">
        <id name="id" column="ID_" type="String" title="Id" englishTitle="Id" length="50"/>
        <property name="subject" column="SUBJECT_" type="String" title="Subject" englishTitle="Subject" length="200" editable="true" displayType="0"/>
        <property name="dataSpace" column="DATASPACE_" type="String" title="DataSpace" englishTitle="DataSpace" length="50" editable="true" displayType="0"/>
        <property name="dataTable" column="DATATABLE_" type="String" title="DataTable" englishTitle="DataTable" length="25" editable="true" displayType="0"/>
        <property name="storageType" column="STORAGETYPE_" type="String" title="StorageType" englishTitle="StorageType" length="50" editable="true" displayType="0"/>
        <property name="host" column="HOST_" type="String" title="Host" englishTitle="Host" length="200" editable="true" displayType="0"/>
        <property name="port" column="PORT_" type="Integer" title="Port" englishTitle="Port" length="255" editable="true" displayType="0"/>
        <property name="username" column="USERNAME_" type="String" title="Username" englishTitle="Username" length="100" editable="true" displayType="0"/>
        <property name="password" column="PASSWORD_" type="String" title="Password" englishTitle="Password" length="100" editable="true" displayType="0"/>
        <property name="createBy" column="CREATEBY_" type="String" title="CreateBy" englishTitle="CreateBy" length="50" editable="true" displayType="0"/>
        <property name="createDate" column="CREATEDATE_" type="Date" title="CreateDate" englishTitle="CreateDate" length="255" editable="true" displayType="0"/>
    </entity>
</mapping>
