
<mapping>
    <entity name="MailPathSender" package="com.glaf.mail" moduleName="isdp" table="SYS_MAIL_PATH_SENDER" title="MailPathSender" englishTitle="MailPathSender">
        <id name="id" column="ID_" type="String" title="Id" englishTitle="Id" length="50"/>
        <property name="taskId" column="TASKID_" type="String" title="TaskId" englishTitle="TaskId" length="50" editable="true" displayType="0"/>
        <property name="name" column="NAME_" type="String" title="Name" englishTitle="Name" length="50" editable="true" displayType="0"/>
        <property name="subject" column="SUBJECT_" type="String" title="Subject" englishTitle="Subject" length="250" editable="true" displayType="0"/>
        <property name="type" column="TYPE_" type="String" title="Type" englishTitle="Type" length="50" editable="true" displayType="0"/>
        <property name="mailFilePath" column="MAILFILEPATH_" type="String" title="MailFilePath" englishTitle="MailFilePath" length="2000" editable="true" displayType="0"/>
        <property name="jsonParameter" column="JSONPARAMETER_" type="String" title="JsonParameter" englishTitle="JsonParameter" length="500" editable="true" displayType="0"/>
        <property name="textTitle" column="TEXTTITLE_" type="String" title="TextTitle" englishTitle="TextTitle" length="200" editable="true" displayType="0"/>
        <property name="textContent" column="TEXTCONTENT_" type="String" title="TextContent" englishTitle="TextContent" length="500" editable="true" displayType="0"/>
        <property name="mailRecipient" column="MAILRECIPIENT_" type="String" title="MailRecipient" englishTitle="MailRecipient" length="500" editable="true" displayType="0"/>
        <property name="mobileRecipient" column="MOBILERECIPIENT_" type="String" title="MobileRecipient" englishTitle="MobileRecipient" length="500" editable="true" displayType="0"/>
        <property name="cronExpression" column="CRONEXPRESSION_" type="String" title="CronExpression" englishTitle="CronExpression" length="50" editable="true" displayType="0"/>
        <property name="enableFlag" column="ENABLEFLAG_" type="String" title="EnableFlag" englishTitle="EnableFlag" length="1" editable="true" displayType="0"/>
        <property name="compressFlag" column="COMPRESSFLAG_" type="String" title="CompressFlag" englishTitle="CompressFlag" length="1" editable="true" displayType="0"/>
        <property name="includes" column="INCLUDES_" type="String" title="Includes" englishTitle="Includes" length="200" editable="true" displayType="0"/>
        <property name="excludes" column="EXCLUDES_" type="String" title="Excludes" englishTitle="Excludes" length="200" editable="true" displayType="0"/>
        <property name="size" column="SIZE_" type="Integer" title="Size" englishTitle="Size" length="255" editable="true" displayType="0"/>
        <property name="createDate" column="CREATEDATE_" type="Date" title="CreateDate" englishTitle="CreateDate" length="255" editable="true" displayType="0"/>
        <property name="createBy" column="CREATEBY_" type="String" title="CreateBy" englishTitle="CreateBy" length="50" editable="true" displayType="0"/>
    </entity>
</mapping>
