
<mapping>
    <entity name="MailTask" package="com.glaf.mail" moduleName="isdp" table="SYS_MAIL_TASK" title="MailTask" englishTitle="MailTask">
        <id name="id" column="ID_" type="String" title="Id" englishTitle="Id" length="50"/>
        <property name="storageId" column="STORAGEID_" type="String" title="StorageId" englishTitle="StorageId" length="50" editable="true" displayType="0"/>
        <property name="subject" column="SUBJECT_" type="String" title="Subject" englishTitle="Subject" length="200" editable="true" displayType="0"/>
        <property name="content" column="CONTENT_" type="String" title="Content" englishTitle="Content" length="255" editable="true" displayType="0"/>
        <property name="callbackUrl" column="CALLBACKURL_" type="String" title="CallbackUrl" englishTitle="CallbackUrl" length="200" editable="true" displayType="0"/>
        <property name="cronExpression" column="CRONEXPRESSION_" type="String" title="CronExpression" englishTitle="CronExpression" length="50" editable="true" displayType="0"/>
        <property name="threadSize" column="THREADSIZE_" type="Integer" title="ThreadSize" englishTitle="ThreadSize" length="255" editable="true" displayType="0"/>
        <property name="delayTime" column="DELAYTIME_" type="Integer" title="DelayTime" englishTitle="DelayTime" length="255" editable="true" displayType="0"/>
        <property name="startDate" column="STARTDATE_" type="Date" title="StartDate" englishTitle="StartDate" length="255" editable="true" displayType="0"/>
        <property name="endDate" column="ENDDATE_" type="Date" title="EndDate" englishTitle="EndDate" length="255" editable="true" displayType="0"/>
        <property name="isHtml" column="ISHTML_" type="String" title="IsHtml" englishTitle="IsHtml" length="10" editable="true" displayType="0"/>
        <property name="isBack" column="ISBACK_" type="String" title="IsBack" englishTitle="IsBack" length="10" editable="true" displayType="0"/>
        <property name="isUnSubscribe" column="ISUNSUBSCRIBE_" type="String" title="IsUnSubscribe" englishTitle="IsUnSubscribe" length="10" editable="true" displayType="0"/>
        <property name="locked" column="LOCKED_" type="Integer" title="Locked" englishTitle="Locked" length="255" editable="true" displayType="0"/>
        <property name="createBy" column="CREATEBY_" type="String" title="CreateBy" englishTitle="CreateBy" length="50" editable="true" displayType="0"/>
        <property name="createDate" column="CREATEDATE_" type="Date" title="CreateDate" englishTitle="CreateDate" length="255" editable="true" displayType="0"/>
    </entity>
</mapping>
