
<mapping>
    <entity name="MailCount" package="com.glaf.mail" moduleName="isdp" table="SYS_MAIL_COUNT" title="MailCount" englishTitle="MailCount">
        <id name="id" column="ID_" type="String" title="Id" englishTitle="Id" length="50"/>
        <property name="type" column="TYPE_" type="String" title="Type" englishTitle="Type" length="50" editable="true" displayType="0"/>
        <property name="taskId" column="TASKID_" type="String" title="TaskId" englishTitle="TaskId" length="50" editable="true" displayType="0"/>
        <property name="accountId" column="ACCOUNTID_" type="String" title="AccountId" englishTitle="AccountId" length="50" editable="true" displayType="0"/>
        <property name="receiveStatus" column="RECEIVESTATUS_" type="Integer" title="ReceiveStatus" englishTitle="ReceiveStatus" length="255" editable="true" displayType="0"/>
        <property name="sendStatus" column="SENDSTATUS_" type="Integer" title="SendStatus" englishTitle="SendStatus" length="255" editable="true" displayType="0"/>
        <property name="qty" column="QTY_" type="Integer" title="Qty" englishTitle="Qty" length="255" editable="true" displayType="0"/>
        <property name="lastModified" column="LASTMODIFIED_" type="Long" title="LastModified" englishTitle="LastModified" length="255" editable="true" displayType="0"/>
    </entity>
</mapping>
