
<mapping>
    <entity name="Mail" package="com.glaf.mail" table="SYS_MAIL" title="Mail" englishTitle="Mail">
        <id name="id" column="ID_" type="String" title="Id" englishTitle="Id" length="50"/>
        <property name="nodeId" column="NODEID_" type="String" title="NodeId" englishTitle="NodeId" length="50"/>
        <property name="mailId" column="MAILID_" type="String" title="MailId" englishTitle="MailId" length="50"/>
        <property name="messageId" column="MESSAGEID_" type="String" title="MessageId" englishTitle="MessageId" length="250"/>
        <property name="resourceId" column="RESOURCEID_" type="String" title="ResourceId" englishTitle="ResourceId" length="50"/>
        <property name="username" column="USERNAME_" type="String" title="Username" englishTitle="Username" length="100"/>
        <property name="taskId" column="TASKID_" type="String" title="TaskId" englishTitle="TaskId" length="50"/>
        <property name="accountId" column="ACCOUNTID_" type="String" title="AccountId" englishTitle="AccountId" length="50"/>
        <property name="senderId" column="SENDERID_" type="String" title="SenderId" englishTitle="SenderId" length="50"/>
        <property name="receiverId" column="RECEIVERID_" type="String" title="ReceiverId" englishTitle="ReceiverId" length="50"/>
        <property name="subject" column="SUBJECT_" type="String" title="Subject" englishTitle="Subject" length="255"/>
        <property name="content" column="CONTENT_" type="String" title="Content" englishTitle="Content" length="255"/>
        <property name="html" column="HTML_" type="String" title="Html" englishTitle="Html" length="255"/>
        <property name="templateId" column="TEMPLATEID_" type="String" title="TemplateId" englishTitle="TemplateId" length="50"/>
        <property name="mailFrom" column="MAILFROM_" type="String" title="MailFrom" englishTitle="MailFrom" length="100"/>
        <property name="mailTo" column="MAILTO_" type="String" title="MailTo" englishTitle="MailTo" length="200"/>
        <property name="mailCC" column="MAILCC_" type="String" title="MailCC" englishTitle="MailCC" length="200"/>
        <property name="mailBCC" column="MAILBCC_" type="String" title="MailBCC" englishTitle="MailBCC" length="200"/>
        <property name="mailReplyTo" column="MAILREPLYTO_" type="String" title="MailReplyTo" englishTitle="MailReplyTo" length="100"/>
        <property name="mailBox" column="MAILBOX_" type="String" title="MailBox" englishTitle="MailBox" length="50"/>
        <property name="mailType" column="MAILTYPE_" type="String" title="MailType" englishTitle="MailType" length="50"/>
        <property name="mailSize" column="MAILSIZE_" type="Integer" title="MailSize" englishTitle="MailSize" length="255"/>
        <property name="sendDate" column="SENDDATE_" type="Date" title="SendDate" englishTitle="SendDate" length="255"/>
        <property name="status" column="STATUS_" type="Integer" title="Status" englishTitle="Status" length="255"/>
        <property name="sendStatus" column="SENDSTATUS_" type="Integer" title="SendStatus" englishTitle="SendStatus" length="255"/>
        <property name="retryTimes" column="RETRYTIMES_" type="Integer" title="RetryTimes" englishTitle="RetryTimes" length="255"/>
        <property name="receiveDate" column="RECEIVEDATE_" type="Date" title="ReceiveDate" englishTitle="ReceiveDate" length="255"/>
        <property name="receiveStatus" column="RECEIVESTATUS_" type="Integer" title="ReceiveStatus" englishTitle="ReceiveStatus" length="255"/>
        <property name="createBy" column="CREATEBY_" type="String" title="CreateBy" englishTitle="CreateBy" length="50"/>
        <property name="createDate" column="CREATEDATE_" type="Date" title="CreateDate" englishTitle="CreateDate" length="255" updatable="false"/>
        <property name="lastViewDate" column="LASTVIEWDATE_" type="Date" title="LastViewDate" englishTitle="LastViewDate" length="255"/>
        <property name="lastViewIP" column="LASTVIEWIP_" type="String" title="LastViewIP" englishTitle="LastViewIP" length="100"/>
    </entity>
</mapping>
