
<mapping>
    <entity name="MailItem" package="com.glaf.mail" moduleName="isdp" table="SYS_MAIL_ITEM" title="MailItem" englishTitle="MailItem">
        <id name="id" column="ID_" type="String" title="Id" englishTitle="Id" length="50"/>
        <property name="accountId" column="ACCOUNTID_" type="String" title="AccountId" englishTitle="AccountId" length="50" editable="true" displayType="0"/>
        <property name="taskId" column="TASKID_" type="String" title="TaskId" englishTitle="TaskId" length="50" editable="true" displayType="0"/>
        <property name="mailTo" column="MAILTO_" type="String" title="MailTo" englishTitle="MailTo" length="100" editable="true" displayType="0"/>
        <property name="sendDate" column="SENDDATE_" type="Date" title="SendDate" englishTitle="SendDate" length="255" editable="true" displayType="0"/>
        <property name="sendStatus" column="SENDSTATUS_" type="Integer" title="SendStatus" englishTitle="SendStatus" length="255" editable="true" displayType="0"/>
        <property name="retryTimes" column="RETRYTIMES_" type="Integer" title="RetryTimes" englishTitle="RetryTimes" length="255" editable="true" displayType="0"/>
        <property name="receiveIP" column="RECEIVEIP_" type="String" title="ReceiveIP" englishTitle="ReceiveIP" length="50" editable="true" displayType="0"/>
        <property name="receiveDate" column="RECEIVEDATE_" type="Date" title="ReceiveDate" englishTitle="ReceiveDate" length="255" editable="true" displayType="0"/>
        <property name="contentType" column="CONTENTTYPE_" type="String" title="ContentType" englishTitle="ContentType" length="200" editable="true" displayType="0"/>
        <property name="clientOS" column="CLIENTOS_" type="String" title="ClientOS" englishTitle="ClientOS" length="50" editable="true" displayType="0"/>
        <property name="browser" column="BROWSER_" type="String" title="Browser" englishTitle="Browser" length="50" editable="true" displayType="0"/>
        <property name="receiveStatus" column="RECEIVESTATUS_" type="Integer" title="ReceiveStatus" englishTitle="ReceiveStatus" length="255" editable="true" displayType="0"/>
        <property name="lastModified" column="LASTMODIFIED_" type="Long" title="LastModified" englishTitle="LastModified" length="255" editable="true" displayType="0"/>
    </entity>
</mapping>
