
<mapping>
    <entity name="MailRec" package="com.glaf.isdp" moduleName="isdp" table="email_rec" title="MailRec" englishTitle="MailRec">
        <id name="id" column="id" type="String" title="Id" englishTitle="Id" length="50"/>
        <property name="email" column="email" type="String" title="Email" englishTitle="Email" length="100" editable="true" displayType="0"/>
        <property name="msgId" column="msgId" type="String" title="MsgId" englishTitle="MsgId" length="200" editable="true" displayType="0"/>
        <property name="inReplyTo" column="inreplyto" type="String" title="InReplyTo" englishTitle="InReplyTo" length="100" editable="true" displayType="0"/>
        <property name="from" column="From" type="String" title="From" englishTitle="From" length="100" editable="true" displayType="0"/>
        <property name="to" column="To" type="String" title="To" englishTitle="To" length="1000" editable="true" displayType="0"/>
        <property name="cc" column="CC" type="String" title="Cc" englishTitle="Cc" length="1000" editable="true" displayType="0"/>
        <property name="date" column="Date" type="Date" title="Date" englishTitle="Date" length="255" editable="true" displayType="0"/>
        <property name="subject" column="Subject" type="String" title="Subject" englishTitle="Subject" length="250" editable="true" displayType="0"/>
        <property name="replyTo" column="replyto" type="String" title="ReplyTo" englishTitle="ReplyTo" length="100" editable="true" displayType="0"/>
        <property name="text" column="Text" type="String" title="Text" englishTitle="Text" length="255" editable="true" displayType="0"/>
        <property name="html" column="HTML" type="String" title="Html" englishTitle="Html" length="255" editable="true" displayType="0"/>
        <property name="guidFrom" column="guid_from" type="String" title="GuidFrom" englishTitle="GuidFrom" length="50" editable="true" displayType="0"/>
    </entity>
</mapping>
