<?xml version="1.0" encoding="UTF-8" ?>
<mapping>
    <entity name="Membership" package="com.glaf.core" table="SYS_MEMBERSHIP" title="成员关系" englishTitle="Membership">
        <id name="id" column="ID_" type="Long" title="主键" englishTitle="Id"/>
        <property name="nodeId" column="NODEID_" type="Long" title="节点编号" englishTitle="NodeId"/>
        <property name="roleId" column="ROLEID_" type="String" title="角色编号" englishTitle="RoleId" length="50"/>
        <property name="actorId" column="ACTORID_" type="String" title="用户账号" englishTitle="ActorId" length="50"/>
		<property name="superiorId" column="SUPERIORID_" type="String" title="上级领导" englishTitle="SuperiorId" length="50" />
        <property name="type" column="TYPE_" type="String" title="类型" englishTitle="Type" length="50"/>
		<property name="modifyBy" column="MODIFYBY_" type="String" title="修改人" englishTitle="modifyBy" length="50"/>
		<property name="modifyDate" column="MODIFYDATE_" type="Date" title="修改日期" englishTitle="modifyDate" />
		<property name="attribute" column="ATTRIBUTE_" type="String" title="扩展属性" englishTitle="attribute" length="500"/>
        <property name="objectId" column="OBJECTID_" type="String" title="目标Id" englishTitle="ObjectId" length="100"/>
        <property name="objectValue" column="OBJECTVALUE_" type="String" title="目标值" englishTitle="ObjectValue" length="200"/>
    </entity>
</mapping>
