
<mapping>
    <entity name="MycellTask" package="com.glaf.isdp" moduleName="isdp" table="mycell_tasks" title="MycellTask" englishTitle="MycellTask">
        <id name="id" column="id" type="String" title="Id" englishTitle="Id" length="50"/>
        <property name="name" column="name" type="String" title="Name" englishTitle="Name" length="200" editable="true" displayType="0"/>
        <property name="isused" column="isused" type="String" title="Isused" englishTitle="Isused" length="1" editable="true" displayType="0"/>
        <property name="busiessId" column="busiess_id" type="String" title="BusiessId" englishTitle="BusiessId" length="50" editable="true" displayType="0"/>
        <property name="celldotIndex" column="celldot_index" type="Integer" title="CelldotIndex" englishTitle="CelldotIndex" length="255" editable="true" displayType="0"/>
        <property name="filedotFileid" column="filedot_fileid" type="String" title="FiledotFileid" englishTitle="FiledotFileid" length="50" editable="true" displayType="0"/>
        <property name="mname" column="mname" type="String" title="Mname" englishTitle="Mname" length="250" editable="true" displayType="0"/>
        <property name="sname" column="sname" type="String" title="Sname" englishTitle="Sname" length="255" editable="true" displayType="0"/>
        <property name="content" column="content" type="String" title="Content" englishTitle="Content" length="200" editable="true" displayType="0"/>
        <property name="inttype" column="inttype" type="Integer" title="Inttype" englishTitle="Inttype" length="255" editable="true" displayType="0"/>
        <property name="intcreatetype" column="intcreatetype" type="Integer" title="Intcreatetype" englishTitle="Intcreatetype" length="255" editable="true" displayType="0"/>
        <property name="time1" column="time1" type="String" title="Time1" englishTitle="Time1" length="20" editable="true" displayType="0"/>
        <property name="time2" column="time2" type="String" title="Time2" englishTitle="Time2" length="20" editable="true" displayType="0"/>
        <property name="time3" column="time3" type="String" title="Time3" englishTitle="Time3" length="20" editable="true" displayType="0"/>
        <property name="issave" column="issave" type="Integer" title="Issave" englishTitle="Issave" length="255" editable="true" displayType="0"/>
        <property name="isuseworkflow" column="isuseworkflow" type="Integer" title="Isuseworkflow" englishTitle="Isuseworkflow" length="255" editable="true" displayType="0"/>
        <property name="indexId" column="index_id" type="Integer" title="IndexId" englishTitle="IndexId" length="255" editable="true" displayType="0"/>
        <property name="intflowortask" column="intflowortask" type="Integer" title="Intflowortask" englishTitle="Intflowortask" length="255" editable="true" displayType="0"/>
        <property name="fileidPress" column="fileid_press" type="String" title="FileidPress" englishTitle="FileidPress" length="250" editable="true" displayType="0"/>
        <property name="inshowtaskinfo" column="inshowtaskinfo" type="String" title="Inshowtaskinfo" englishTitle="Inshowtaskinfo" length="1" editable="true" displayType="0"/>
        <property name="filenumid" column="filenumid" type="String" title="Filenumid" englishTitle="Filenumid" length="50" editable="true" displayType="0"/>
    </entity>
</mapping>
