
<mapping>
    <entity name="MycellBusiess" package="com.glaf.isdp" moduleName="isdp" table="mycell_busiess" title="MycellBusiess" englishTitle="MycellBusiess">
        <id name="id" column="id" type="String" title="Id" englishTitle="Id" length="50"/>
        <property name="name" column="name" type="String" title="Name" englishTitle="Name" length="200" editable="true" displayType="0"/>
        <property name="isused" column="isused" type="String" title="Isused" englishTitle="Isused" length="1" editable="true" displayType="0"/>
        <property name="content" column="content" type="String" title="Content" englishTitle="Content" length="200" editable="true" displayType="0"/>
        <property name="intsystype" column="intsystype" type="Integer" title="Intsystype" englishTitle="Intsystype" length="255" editable="true" displayType="0"/>
        <property name="picfile" column="picfile" type="String" title="Picfile" englishTitle="Picfile" length="250" editable="true" displayType="0"/>
        <property name="picfileWelcom" column="picfile_welcom" type="String" title="PicfileWelcom" englishTitle="PicfileWelcom" length="250" editable="true" displayType="0"/>
        <property name="picfileMain" column="picfile_main" type="String" title="PicfileMain" englishTitle="PicfileMain" length="250" editable="true" displayType="0"/>
        <property name="picfileLogin" column="picfile_login" type="String" title="PicfileLogin" englishTitle="PicfileLogin" length="250" editable="true" displayType="0"/>
        <property name="sysbuiesstypesId" column="sysbuiesstypes_id" type="String" title="SysbuiesstypesId" englishTitle="SysbuiesstypesId" length="50" editable="true" displayType="0"/>
        <property name="listno" column="listno" type="Integer" title="Listno" englishTitle="Listno" length="255" editable="true" displayType="0"/>
        <property name="domainIndex" column="domain_index" type="Integer" title="DomainIndex" englishTitle="DomainIndex" length="255" editable="true" displayType="0"/>
    </entity>
</mapping>
