
<mapping>
    <entity name="MycellTaskSub" package="com.glaf.isdp" moduleName="isdp" table="mycell_tasks_sub" title="MycellTaskSub" englishTitle="MycellTaskSub">
        <id name="id" column="id" type="String" title="Id" englishTitle="Id" length="50"/>
        <property name="tasksId" column="tasks_id" type="String" title="TasksId" englishTitle="TasksId" length="50" editable="true" displayType="0"/>
        <property name="busiessId" column="busiess_id" type="String" title="BusiessId" englishTitle="BusiessId" length="50" editable="true" displayType="0"/>
        <property name="celldotIndex" column="celldot_index" type="Integer" title="CelldotIndex" englishTitle="CelldotIndex" length="255" editable="true" displayType="0"/>
        <property name="filedotFileid" column="filedot_fileid" type="String" title="FiledotFileid" englishTitle="FiledotFileid" length="50" editable="true" displayType="0"/>
        <property name="inttasktype" column="inttasktype" type="Integer" title="Inttasktype" englishTitle="Inttasktype" length="255" editable="true" displayType="0"/>
        <property name="indexId" column="index_id" type="Integer" title="IndexId" englishTitle="IndexId" length="255" editable="true" displayType="0"/>
        <property name="sname" column="sname" type="String" title="Sname" englishTitle="Sname" length="250" editable="true" displayType="0"/>
        <property name="intistasks" column="intistasks" type="Integer" title="Intistasks" englishTitle="Intistasks" length="255" editable="true" displayType="0"/>
        <property name="intprojprocess" column="intprojprocess" type="Integer" title="Intprojprocess" englishTitle="Intprojprocess" length="255" editable="true" displayType="0"/>
        <property name="intistype" column="intistype" type="Integer" title="Intistype" englishTitle="Intistype" length="255" editable="true" displayType="0"/>
        <property name="nameTab" column="name_tab" type="String" title="NameTab" englishTitle="NameTab" length="200" editable="true" displayType="0"/>
        <property name="flowid" column="flowid" type="String" title="Flowid" englishTitle="Flowid" length="50" editable="true" displayType="0"/>
        <property name="constr" column="constr" type="String" title="Constr" englishTitle="Constr" length="255" editable="true" displayType="0"/>
    </entity>
</mapping>
