
<mapping>
    <entity name="NetRole" package="com.glaf.isdp" moduleName="isdp" table="net_role" title="NetRole" englishTitle="NetRole">
        <id name="id" column="id" type="Integer" title="Id" englishTitle="Id" length="50"/>
        <property name="listno" column="listno" type="Integer" title="Listno" englishTitle="Listno" length="255" editable="true" displayType="0"/>
        <property name="rolename" column="rolename" type="String" title="Rolename" englishTitle="Rolename" length="100" editable="true" displayType="0"/>
        <property name="roleuse" column="roleuse" type="Integer" title="Roleuse" englishTitle="Roleuse" length="255" editable="true" displayType="0"/>
        <property name="content" column="content" type="String" title="Content" englishTitle="Content" length="250" editable="true" displayType="0"/>
        <property name="roletype" column="roletype" type="Integer" title="Roletype" englishTitle="Roletype" length="255" editable="true" displayType="0"/>
        <property name="busiessId" column="busiess_id" type="String" title="BusiessId" englishTitle="BusiessId" length="50" editable="true" displayType="0"/>
        <property name="tasksort" column="tasksort" type="Integer" title="Tasksort" englishTitle="Tasksort" length="255" editable="true" displayType="0"/>
        <property name="domainIndex" column="domain_index" type="Integer" title="DomainIndex" englishTitle="DomainIndex" length="255" editable="true" displayType="0"/>
    </entity>
</mapping>
