
<mapping>
    <entity name="PfileAtt" package="com.glaf.isdp" moduleName="isdp" table="pfile_att" title="PfileAtt" englishTitle="PfileAtt">
        <id name="id" column="id" type="String" title="Id" englishTitle="Id" length="50"/>
        <property name="topid" column="topid" type="String" title="Topid" englishTitle="Topid" length="50" editable="true" displayType="0"/>
        <property name="tname" column="tname" type="String" title="Tname" englishTitle="Tname" length="1000" editable="true" displayType="0"/>
        <property name="duty" column="duty" type="String" title="Duty" englishTitle="Duty" length="100" editable="true" displayType="0"/>
        <property name="tagnum" column="tagnum" type="String" title="Tagnum" englishTitle="Tagnum" length="50" editable="true" displayType="0"/>
        <property name="ctime" column="ctime" type="Date" title="Ctime" englishTitle="Ctime" length="255" editable="true" displayType="0"/>
        <property name="pageno" column="pageno" type="String" title="Pageno" englishTitle="Pageno" length="20" editable="true" displayType="0"/>
        <property name="page" column="page" type="Integer" title="Page" englishTitle="Page" length="255" editable="true" displayType="0"/>
        <property name="filetype" column="filetype" type="String" title="Filetype" englishTitle="Filetype" length="50" editable="true" displayType="0"/>
        <property name="savetime" column="savetime" type="String" title="Savetime" englishTitle="Savetime" length="10" editable="true" displayType="0"/>
        <property name="annotations" column="annotations" type="String" title="Annotations" englishTitle="Annotations" length="100" editable="true" displayType="0"/>
        <property name="carriertype" column="carriertype" type="String" title="Carriertype" englishTitle="Carriertype" length="50" editable="true" displayType="0"/>
        <property name="summary" column="summary" type="String" title="Summary" englishTitle="Summary" length="200" editable="true" displayType="0"/>
        <property name="ptext" column="ptext" type="String" title="Ptext" englishTitle="Ptext" length="30" editable="true" displayType="0"/>
        <property name="carrieru" column="carrieru" type="String" title="Carrieru" englishTitle="Carrieru" length="50" editable="true" displayType="0"/>
        <property name="glidenum" column="glidenum" type="String" title="Glidenum" englishTitle="Glidenum" length="50" editable="true" displayType="0"/>
        <property name="pagetype" column="pagetype" type="String" title="Pagetype" englishTitle="Pagetype" length="100" editable="true" displayType="0"/>
        <property name="clistno" column="clistno" type="Integer" title="Clistno" englishTitle="Clistno" length="255" editable="true" displayType="0"/>
        <property name="cpageno" column="cpageno" type="String" title="Cpageno" englishTitle="Cpageno" length="20" editable="true" displayType="0"/>
        <property name="vnum" column="vnum" type="String" title="Vnum" englishTitle="Vnum" length="200" editable="true" displayType="0"/>
        <property name="cvnum" column="cvnum" type="String" title="Cvnum" englishTitle="Cvnum" length="200" editable="true" displayType="0"/>
    </entity>
</mapping>
