
<mapping>
    <entity name="Pfile" package="com.glaf.isdp" moduleName="isdp" table="pfile" title="Pfile" englishTitle="Pfile">
        <id name="id" column="id" type="String" title="Id" englishTitle="Id" length="50"/>
        <property name="efilenum" column="efilenum" type="Integer" title="Efilenum" englishTitle="Efilenum" length="255" editable="true" displayType="0"/>
        <property name="listnum" column="listnum" type="String" title="Listnum" englishTitle="Listnum" length="100" editable="true" displayType="0"/>
        <property name="indexId" column="index_id" type="Integer" title="IndexId" englishTitle="IndexId" length="255" editable="true" displayType="0"/>
        <property name="pid" column="pid" type="Integer" title="Pid" englishTitle="Pid" length="255" editable="true" displayType="0"/>
        <property name="projid" column="projid" type="Integer" title="Projid" englishTitle="Projid" length="255" editable="true" displayType="0"/>
        <property name="dwid" column="dwid" type="Integer" title="Dwid" englishTitle="Dwid" length="255" editable="true" displayType="0"/>
        <property name="fbid" column="fbid" type="Integer" title="Fbid" englishTitle="Fbid" length="255" editable="true" displayType="0"/>
        <property name="fxid" column="fxid" type="Integer" title="Fxid" englishTitle="Fxid" length="255" editable="true" displayType="0"/>
        <property name="jid" column="jid" type="String" title="Jid" englishTitle="Jid" length="50" editable="true" displayType="0"/>
        <property name="flid" column="flid" type="String" title="Flid" englishTitle="Flid" length="50" editable="true" displayType="0"/>
        <property name="topnode" column="topnode" type="String" title="Topnode" englishTitle="Topnode" length="150" editable="true" displayType="0"/>
        <property name="topnodem" column="topnodem" type="String" title="Topnodem" englishTitle="Topnodem" length="150" editable="true" displayType="0"/>
        <property name="vid" column="vid" type="String" title="Vid" englishTitle="Vid" length="50" editable="true" displayType="0"/>
        <property name="oldvid" column="oldvid" type="String" title="Oldvid" englishTitle="Oldvid" length="50" editable="true" displayType="0"/>
        <property name="visflag" column="visflag" type="String" title="Visflag" englishTitle="Visflag" length="1" editable="true" displayType="0"/>
        <property name="listno" column="listno" type="Integer" title="Listno" englishTitle="Listno" length="255" editable="true" displayType="0"/>
        <property name="filingflag" column="filingflag" type="String" title="Filingflag" englishTitle="Filingflag" length="1" editable="true" displayType="0"/>
        <property name="saveflag" column="saveflag" type="String" title="Saveflag" englishTitle="Saveflag" length="1" editable="true" displayType="0"/>
        <property name="openflag" column="openflag" type="String" title="Openflag" englishTitle="Openflag" length="1" editable="true" displayType="0"/>
        <property name="checkupflag" column="checkupflag" type="String" title="Checkupflag" englishTitle="Checkupflag" length="1" editable="true" displayType="0"/>
        <property name="finishflag" column="finishflag" type="String" title="Finishflag" englishTitle="Finishflag" length="1" editable="true" displayType="0"/>
        <property name="fromID" column="fromID" type="String" title="FromID" englishTitle="FromID" length="50" editable="true" displayType="0"/>
        <property name="tname" column="tname" type="String" title="Tname" englishTitle="Tname" length="250" editable="true" displayType="0"/>
        <property name="duty" column="duty" type="String" title="Duty" englishTitle="Duty" length="100" editable="true" displayType="0"/>
        <property name="tagnum" column="tagnum" type="String" title="Tagnum" englishTitle="Tagnum" length="50" editable="true" displayType="0"/>
        <property name="filenum" column="filenum" type="String" title="Filenum" englishTitle="Filenum" length="50" editable="true" displayType="0"/>
        <property name="thematic" column="thematic" type="String" title="Thematic" englishTitle="Thematic" length="100" editable="true" displayType="0"/>
        <property name="ctime" column="ctime" type="Date" title="Ctime" englishTitle="Ctime" length="255" editable="true" displayType="0"/>
        <property name="pageno" column="pageno" type="String" title="Pageno" englishTitle="Pageno" length="20" editable="true" displayType="0"/>
        <property name="slevel" column="slevel" type="String" title="Slevel" englishTitle="Slevel" length="30" editable="true" displayType="0"/>
        <property name="page" column="page" type="Integer" title="Page" englishTitle="Page" length="255" editable="true" displayType="0"/>
        <property name="filetype" column="filetype" type="String" title="Filetype" englishTitle="Filetype" length="50" editable="true" displayType="0"/>
        <property name="fontsnum" column="fontsnum" type="String" title="Fontsnum" englishTitle="Fontsnum" length="30" editable="true" displayType="0"/>
        <property name="savetime" column="savetime" type="String" title="Savetime" englishTitle="Savetime" length="10" editable="true" displayType="0"/>
        <property name="company" column="company" type="String" title="Company" englishTitle="Company" length="250" editable="true" displayType="0"/>
        <property name="year" column="year" type="Integer" title="Year" englishTitle="Year" length="255" editable="true" displayType="0"/>
        <property name="fileatt" column="fileatt" type="String" title="Fileatt" englishTitle="Fileatt" length="50" editable="true" displayType="0"/>
        <property name="annotations" column="annotations" type="String" title="Annotations" englishTitle="Annotations" length="100" editable="true" displayType="0"/>
        <property name="carriertype" column="carriertype" type="String" title="Carriertype" englishTitle="Carriertype" length="50" editable="true" displayType="0"/>
        <property name="summary" column="summary" type="String" title="Summary" englishTitle="Summary" length="200" editable="true" displayType="0"/>
        <property name="ptext" column="ptext" type="String" title="Ptext" englishTitle="Ptext" length="30" editable="true" displayType="0"/>
        <property name="carrieru" column="carrieru" type="String" title="Carrieru" englishTitle="Carrieru" length="50" editable="true" displayType="0"/>
        <property name="glidenum" column="glidenum" type="String" title="Glidenum" englishTitle="Glidenum" length="50" editable="true" displayType="0"/>
        <property name="efile" column="efile" type="String" title="Efile" englishTitle="Efile" length="50" editable="true" displayType="0"/>
        <property name="ftime" column="ftime" type="Date" title="Ftime" englishTitle="Ftime" length="255" editable="true" displayType="0"/>
        <property name="totalnum" column="totalnum" type="String" title="Totalnum" englishTitle="Totalnum" length="50" editable="true" displayType="0"/>
        <property name="inputman" column="inputman" type="String" title="Inputman" englishTitle="Inputman" length="20" editable="true" displayType="0"/>
        <property name="etime" column="etime" type="Date" title="Etime" englishTitle="Etime" length="255" editable="true" displayType="0"/>
        <property name="dotnum" column="dotnum" type="String" title="Dotnum" englishTitle="Dotnum" length="20" editable="true" displayType="0"/>
        <property name="picnum" column="picnum" type="String" title="Picnum" englishTitle="Picnum" length="30" editable="true" displayType="0"/>
        <property name="recnum" column="recnum" type="String" title="Recnum" englishTitle="Recnum" length="20" editable="true" displayType="0"/>
        <property name="total" column="total" type="Integer" title="Total" englishTitle="Total" length="255" editable="true" displayType="0"/>
        <property name="pagetype" column="pagetype" type="String" title="Pagetype" englishTitle="Pagetype" length="100" editable="true" displayType="0"/>
        <property name="iscom" column="iscom" type="String" title="Iscom" englishTitle="Iscom" length="1" editable="true" displayType="0"/>
        <property name="islocate" column="islocate" type="String" title="Islocate" englishTitle="Islocate" length="1" editable="true" displayType="0"/>
        <property name="wcompany" column="wcompany" type="String" title="Wcompany" englishTitle="Wcompany" length="200" editable="true" displayType="0"/>
        <property name="wcompanyID" column="wcompanyID" type="String" title="WcompanyID" englishTitle="WcompanyID" length="50" editable="true" displayType="0"/>
        <property name="sendflag" column="sendflag" type="String" title="Sendflag" englishTitle="Sendflag" length="1" editable="true" displayType="0"/>
        <property name="lcontent" column="lcontent" type="String" title="Lcontent" englishTitle="Lcontent" length="100" editable="true" displayType="0"/>
        <property name="lcompany" column="lcompany" type="String" title="Lcompany" englishTitle="Lcompany" length="250" editable="true" displayType="0"/>
        <property name="lman" column="lman" type="String" title="Lman" englishTitle="Lman" length="50" editable="true" displayType="0"/>
        <property name="llen" column="llen" type="String" title="Llen" englishTitle="Llen" length="50" editable="true" displayType="0"/>
        <property name="ldate" column="ldate" type="Date" title="Ldate" englishTitle="Ldate" length="255" editable="true" displayType="0"/>
        <property name="jconten" column="jconten" type="String" title="Jconten" englishTitle="Jconten" length="100" editable="true" displayType="0"/>
        <property name="jplace" column="jplace" type="String" title="Jplace" englishTitle="Jplace" length="100" editable="true" displayType="0"/>
        <property name="jman" column="jman" type="String" title="Jman" englishTitle="Jman" length="50" editable="true" displayType="0"/>
        <property name="jback" column="jback" type="String" title="Jback" englishTitle="Jback" length="50" editable="true" displayType="0"/>
        <property name="jactor" column="jactor" type="String" title="Jactor" englishTitle="Jactor" length="50" editable="true" displayType="0"/>
        <property name="jnum" column="jnum" type="String" title="Jnum" englishTitle="Jnum" length="30" editable="true" displayType="0"/>
        <property name="jbnum" column="jbnum" type="String" title="Jbnum" englishTitle="Jbnum" length="30" editable="true" displayType="0"/>
        <property name="tnum" column="tnum" type="String" title="Tnum" englishTitle="Tnum" length="50" editable="true" displayType="0"/>
        <property name="tzoom" column="tzoom" type="String" title="Tzoom" englishTitle="Tzoom" length="20" editable="true" displayType="0"/>
        <property name="tflag" column="tflag" type="String" title="Tflag" englishTitle="Tflag" length="30" editable="true" displayType="0"/>
        <property name="tdesigner" column="tdesigner" type="String" title="Tdesigner" englishTitle="Tdesigner" length="20" editable="true" displayType="0"/>
        <property name="tviewer" column="tviewer" type="String" title="Tviewer" englishTitle="Tviewer" length="200" editable="true" displayType="0"/>
        <property name="tassessor" column="tassessor" type="String" title="Tassessor" englishTitle="Tassessor" length="20" editable="true" displayType="0"/>
        <property name="tvision" column="tvision" type="String" title="Tvision" englishTitle="Tvision" length="20" editable="true" displayType="0"/>
        <property name="clistno" column="clistno" type="Integer" title="Clistno" englishTitle="Clistno" length="255" editable="true" displayType="0"/>
        <property name="cpageno" column="cpageno" type="String" title="Cpageno" englishTitle="Cpageno" length="20" editable="true" displayType="0"/>
        <property name="vnum" column="vnum" type="String" title="Vnum" englishTitle="Vnum" length="200" editable="true" displayType="0"/>
        <property name="cvnum" column="cvnum" type="String" title="Cvnum" englishTitle="Cvnum" length="200" editable="true" displayType="0"/>
        <property name="treeDliststr" column="tree_dliststr" type="String" title="TreeDliststr" englishTitle="TreeDliststr" length="50" editable="true" displayType="0"/>
        <property name="ctimeEnd" column="ctime_end" type="Date" title="CtimeEnd" englishTitle="CtimeEnd" length="255" editable="true" displayType="0"/>
        <property name="projIndex" column="proj_index" type="Integer" title="ProjIndex" englishTitle="ProjIndex" length="255" editable="true" displayType="0"/>
        <property name="treeParent" column="tree_parent" type="Integer" title="TreeParent" englishTitle="TreeParent" length="255" editable="true" displayType="0"/>
        <property name="treeList" column="tree_list" type="Integer" title="TreeList" englishTitle="TreeList" length="255" editable="true" displayType="0"/>
    </entity>
</mapping>
