
<mapping>
    <entity name="Pinfo" package="com.glaf.isdp" moduleName="isdp" table="pinfo" title="Pinfo" englishTitle="Pinfo">
        <id name="id" column="id" type="String" title="Id" englishTitle="Id" length="50"/>
        <property name="indexId" column="index_id" type="Integer" title="IndexId" englishTitle="IndexId" length="255" editable="true" displayType="0"/>
        <property name="itemnum" column="itemnum" type="String" title="Itemnum" englishTitle="Itemnum" length="50" editable="true" displayType="0"/>
        <property name="dtag" column="dtag" type="String" title="Dtag" englishTitle="Dtag" length="1" editable="true" displayType="0"/>
        <property name="ftag" column="ftag" type="String" title="Ftag" englishTitle="Ftag" length="1" editable="true" displayType="0"/>
        <property name="name" column="name" type="String" title="Name" englishTitle="Name" length="100" editable="true" displayType="0"/>
        <property name="allname" column="allname" type="String" title="Allname" englishTitle="Allname" length="100" editable="true" displayType="0"/>
        <property name="bcompany" column="bcompany" type="String" title="Bcompany" englishTitle="Bcompany" length="100" editable="true" displayType="0"/>
        <property name="ccompany" column="ccompany" type="String" title="Ccompany" englishTitle="Ccompany" length="100" editable="true" displayType="0"/>
        <property name="dcompany" column="dcompany" type="String" title="Dcompany" englishTitle="Dcompany" length="100" editable="true" displayType="0"/>
        <property name="concompany" column="concompany" type="String" title="Concompany" englishTitle="Concompany" length="100" editable="true" displayType="0"/>
        <property name="icompany" column="icompany" type="String" title="Icompany" englishTitle="Icompany" length="100" editable="true" displayType="0"/>
        <property name="cmark" column="cmark" type="String" title="Cmark" englishTitle="Cmark" length="30" editable="true" displayType="0"/>
        <property name="pmark" column="pmark" type="String" title="Pmark" englishTitle="Pmark" length="30" editable="true" displayType="0"/>
        <property name="tpmark" column="tpmark" type="String" title="Tpmark" englishTitle="Tpmark" length="30" editable="true" displayType="0"/>
        <property name="tmark" column="tmark" type="String" title="Tmark" englishTitle="Tmark" length="30" editable="true" displayType="0"/>
        <property name="conmark" column="conmark" type="String" title="Conmark" englishTitle="Conmark" length="30" editable="true" displayType="0"/>
        <property name="mapnum" column="mapnum" type="String" title="Mapnum" englishTitle="Mapnum" length="30" editable="true" displayType="0"/>
        <property name="constart" column="constart" type="String" title="Constart" englishTitle="Constart" length="100" editable="true" displayType="0"/>
        <property name="conend" column="conend" type="String" title="Conend" englishTitle="Conend" length="100" editable="true" displayType="0"/>
        <property name="startdate" column="startdate" type="Date" title="Startdate" englishTitle="Startdate" length="255" editable="true" displayType="0"/>
        <property name="enddate" column="enddate" type="Date" title="Enddate" englishTitle="Enddate" length="255" editable="true" displayType="0"/>
        <property name="pmannager" column="pmannager" type="String" title="Pmannager" englishTitle="Pmannager" length="20" editable="true" displayType="0"/>
        <property name="enginee" column="enginee" type="String" title="Enginee" englishTitle="Enginee" length="20" editable="true" displayType="0"/>
        <property name="owner" column="owner" type="String" title="Owner" englishTitle="Owner" length="20" editable="true" displayType="0"/>
        <property name="plandate" column="plandate" type="Date" title="Plandate" englishTitle="Plandate" length="255" editable="true" displayType="0"/>
        <property name="hintday" column="hintday" type="Integer" title="Hintday" englishTitle="Hintday" length="255" editable="true" displayType="0"/>
        <property name="duty" column="duty" type="String" title="Duty" englishTitle="Duty" length="20" editable="true" displayType="0"/>
        <property name="removedate" column="removedate" type="Date" title="Removedate" englishTitle="Removedate" length="255" editable="true" displayType="0"/>
        <property name="removeduty" column="removeduty" type="String" title="Removeduty" englishTitle="Removeduty" length="20" editable="true" displayType="0"/>
        <property name="removefile" column="removefile" type="String" title="Removefile" englishTitle="Removefile" length="50" editable="true" displayType="0"/>
        <property name="partproj" column="partproj" type="String" title="Partproj" englishTitle="Partproj" length="100" editable="true" displayType="0"/>
        <property name="cnum" column="cnum" type="String" title="Cnum" englishTitle="Cnum" length="20" editable="true" displayType="0"/>
        <property name="concompany2" column="concompany2" type="String" title="Concompany2" englishTitle="Concompany2" length="100" editable="true" displayType="0"/>
        <property name="icompany2" column="icompany2" type="String" title="Icompany2" englishTitle="Icompany2" length="100" editable="true" displayType="0"/>
        <property name="place" column="place" type="String" title="Place" englishTitle="Place" length="100" editable="true" displayType="0"/>
        <property name="setplace" column="setplace" type="String" title="Setplace" englishTitle="Setplace" length="20" editable="true" displayType="0"/>
        <property name="settemp" column="settemp" type="String" title="Settemp" englishTitle="Settemp" length="20" editable="true" displayType="0"/>
        <property name="bdnum" column="bdnum" type="String" title="Bdnum" englishTitle="Bdnum" length="50" editable="true" displayType="0"/>
        <property name="dtnum" column="dtnum" type="String" title="Dtnum" englishTitle="Dtnum" length="50" editable="true" displayType="0"/>
        <property name="pinfoUser2" column="pinfo_user2" type="String" title="PinfoUser2" englishTitle="PinfoUser2" length="100" editable="true" displayType="0"/>
        <property name="pinfoUser5" column="pinfo_user5" type="String" title="PinfoUser5" englishTitle="PinfoUser5" length="20" editable="true" displayType="0"/>
        <property name="pinfoUser6" column="pinfo_user6" type="Integer" title="PinfoUser6" englishTitle="PinfoUser6" length="255" editable="true" displayType="0"/>
        <property name="pinfoUser9" column="pinfo_user9" type="String" title="PinfoUser9" englishTitle="PinfoUser9" length="200" editable="true" displayType="0"/>
        <property name="pinfoUser10" column="pinfo_user10" type="String" title="PinfoUser10" englishTitle="PinfoUser10" length="100" editable="true" displayType="0"/>
    </entity>
</mapping>
