
<mapping>
    <entity name="ProjectOrganization" package="com.glaf.isdp" moduleName="isdp" table="proj_muiprojlist" title="ProjectOrganization" englishTitle="ProjectOrganization">
        <id name="indexId" column="index_id" type="Integer" title="IndexId" englishTitle="IndexId" length="50"/>
        <property name="id" column="id" type="String" title="Id" englishTitle="Id" length="100" editable="true" displayType="0"/>
        <property name="flag" column="intflag" type="Integer" title="Flag" englishTitle="Flag" length="255" editable="true" displayType="0"/>
        <property name="sysId" column="sys_id" type="String" title="SysId" englishTitle="SysId" length="50" editable="true" displayType="0"/>
        <property name="projectName" column="projname" type="String" title="ProjectName" englishTitle="ProjectName" length="250" editable="true" displayType="0"/>
        <property name="num" column="num" type="String" title="Num" englishTitle="Num" length="50" editable="true" displayType="0"/>
        <property name="ctime" column="ctime" type="Date" title="Ctime" englishTitle="Ctime" length="255" editable="true" displayType="0"/>
        <property name="content" column="content" type="String" title="Content" englishTitle="Content" length="200" editable="true" displayType="0"/>
        <property name="dbname" column="sdbname" type="String" title="Dbname" englishTitle="Dbname" length="100" editable="true" displayType="0"/>
        <property name="serverName" column="sServerName" type="String" title="ServerName" englishTitle="ServerName" length="150" editable="true" displayType="0"/>
        <property name="user" column="sUser" type="String" title="User" englishTitle="User" length="100" editable="true" displayType="0"/>
        <property name="password" column="sPassword" type="String" title="Password" englishTitle="Password" length="50" editable="true" displayType="0"/>
        <property name="listno" column="listno" type="Integer" title="Listno" englishTitle="Listno" length="255" editable="true" displayType="0"/>
        <property name="email" column="email" type="String" title="Email" englishTitle="Email" length="100" editable="true" displayType="0"/>
        <property name="parentId" column="parent_id" type="Integer" title="ParentId" englishTitle="ParentId" length="255" editable="true" displayType="0"/>
        <property name="nodeico" column="nodeico" type="Integer" title="Nodeico" englishTitle="Nodeico" length="255" editable="true" displayType="0"/>
        <property name="line" column="intLine" type="Integer" title="Line" englishTitle="Line" length="255" editable="true" displayType="0"/>
        <property name="domainIndex" column="domain_index" type="Integer" title="DomainIndex" englishTitle="DomainIndex" length="255" editable="true" displayType="0"/>
        <property name="intLocal" column="intLocal" type="Integer" title="IntLocal" englishTitle="IntLocal" length="255" editable="true" displayType="0"/>
        <property name="emailPsw" column="email_psw" type="String" title="EmailPsw" englishTitle="EmailPsw" length="255" editable="true" displayType="0"/>
        <property name="connected" column="intConnected" type="Integer" title="Connected" englishTitle="Connected" length="255" editable="true" displayType="0"/>
        <property name="emailS" column="email_s" type="String" title="EmailS" englishTitle="EmailS" length="100" editable="true" displayType="0"/>
        <property name="orgLevel" column="intorglevel" type="Integer" title="OrgLevel" englishTitle="OrgLevel" length="255" editable="true" displayType="0"/>
        <property name="sendType" column="intsendtype" type="Integer" title="SendType" englishTitle="SendType" length="255" editable="true" displayType="0"/>
        <property name="emailBackup" column="email_backup" type="String" title="EmailBackup" englishTitle="EmailBackup" length="50" editable="true" displayType="0"/>
        <property name="emailImplement" column="email_implement" type="String" title="EmailImplement" englishTitle="EmailImplement" length="50" editable="true" displayType="0"/>
    </entity>
</mapping>
