
<mapping>
    <entity name="ProjectTreeAllwbs" package="com.glaf.isdp" moduleName="isdp" table="proj_treeallwbs" title="ProjectTreeAllwbs" englishTitle="ProjectTreeAllwbs">
        <id name="indexId" column="index_id" type="Integer" title="IndexId" englishTitle="IndexId" length="255"/>
        <property name="parentId" column="parent_id" type="Integer" title="ParentId" englishTitle="ParentId" length="255" editable="true" displayType="0"/>
        <property name="cellTaskIndexId" column="cellTaskIndexId" type="Integer" title="CellTaskIndexId" englishTitle="CellTaskIndexId" length="255" editable="true" displayType="0"/>
        <property name="id" column="id" type="String" title="Id" englishTitle="Id" length="100" editable="true" displayType="0"/>
        <property name="num" column="num" type="String" title="Num" englishTitle="Num" length="20" editable="true" displayType="0"/>
        <property name="indexName" column="index_name" type="String" title="IndexName" englishTitle="IndexName" length="255" editable="true" displayType="0"/>
        <property name="nlevel" column="nlevel" type="Integer" title="Nlevel" englishTitle="Nlevel" length="255" editable="true" displayType="0"/>
        <property name="content" column="content" type="String" title="Content" englishTitle="Content" length="255" editable="true" displayType="0"/>
        <property name="nodeico" column="nodeico" type="Integer" title="Nodeico" englishTitle="Nodeico" length="255" editable="true" displayType="0"/>
        <property name="listno" column="listno" type="Integer" title="Listno" englishTitle="Listno" length="255" editable="true" displayType="0"/>
        <property name="type" column="type" type="Integer" title="Type" englishTitle="Type" length="255" editable="true" displayType="0"/>
        <property name="roleid" column="roleid" type="Integer" title="Roleid" englishTitle="Roleid" length="255" editable="true" displayType="0"/>
        <property name="rolename" column="rolename" type="String" title="Rolename" englishTitle="Rolename" length="200" editable="true" displayType="0"/>
        <property name="limtime" column="limtime" type="Integer" title="Limtime" englishTitle="Limtime" length="255" editable="true" displayType="0"/>
        <property name="userid" column="userid" type="String" title="Userid" englishTitle="Userid" length="20" editable="true" displayType="0"/>
        <property name="username" column="username" type="String" title="Username" englishTitle="Username" length="100" editable="true" displayType="0"/>
        <property name="starttime" column="starttime" type="Date" title="Starttime" englishTitle="Starttime" length="255" editable="true" displayType="0"/>
        <property name="endtime" column="endtime" type="Date" title="Endtime" englishTitle="Endtime" length="255" editable="true" displayType="0"/>
        <property name="intfinish" column="intfinish" type="Integer" title="Intfinish" englishTitle="Intfinish" length="255" editable="true" displayType="0"/>
        <property name="mainId" column="main_id" type="String" title="MainId" englishTitle="MainId" length="50" editable="true" displayType="0"/>
    </entity>
</mapping>
