
<mapping>
    <entity name="ProjectCellAndFile" package="com.glaf.isdp" moduleName="isdp" table="proj_cellandfiles" title="ProjectCellAndFile" englishTitle="ProjectCellAndFile">
        <id name="id" column="id" type="String" title="Id" englishTitle="Id" length="50"/>
        <property name="indexId" column="index_id" type="Integer" title="IndexId" englishTitle="IndexId" length="255" editable="true" displayType="0"/>
        <property name="inttype" column="inttype" type="Integer" title="Inttype" englishTitle="Inttype" length="255" editable="true" displayType="0"/>
        <property name="name" column="name" type="String" title="Name" englishTitle="Name" length="200" editable="true" displayType="0"/>
        <property name="defId" column="defId" type="String" title="DefId" englishTitle="DefId" length="50" editable="true" displayType="0"/>
        <property name="useId" column="useId" type="String" title="UseId" englishTitle="UseId" length="50" editable="true" displayType="0"/>
        <property name="intPage0" column="intPage0" type="Integer" title="IntPage0" englishTitle="IntPage0" length="255" editable="true" displayType="0"/>
        <property name="intPage1" column="intPage1" type="Integer" title="IntPage1" englishTitle="IntPage1" length="255" editable="true" displayType="0"/>
        <property name="intPage2" column="intPage2" type="Integer" title="IntPage2" englishTitle="IntPage2" length="255" editable="true" displayType="0"/>
        <property name="intfinish" column="intfinish" type="Integer" title="Intfinish" englishTitle="Intfinish" length="255" editable="true" displayType="0"/>
    </entity>
</mapping>
