
<mapping>
    <entity name="ProjectTree" package="com.glaf.isdp" moduleName="isdp" table="proj_tree" title="ProjectTree" englishTitle="ProjectTree">
        <id name="indexId" column="index_id" type="Integer" title="IndexId" englishTitle="IndexId" length="255"/>
        <property name="parentId" column="parent_id" type="Integer" title="ParentId" englishTitle="ParentId" length="255" editable="true" displayType="0"/>
        <property name="id" column="id" type="String" title="Id" englishTitle="Id" length="100" editable="true" displayType="0"/>
        <property name="indexName" column="index_name" type="String" title="IndexName" englishTitle="IndexName" length="255" editable="true" displayType="0"/>
        <property name="nlevel" column="nlevel" type="Integer" title="Nlevel" englishTitle="Nlevel" length="255" editable="true" displayType="0"/>
        <property name="content" column="content" type="String" title="Content" englishTitle="Content" length="255" editable="true" displayType="0"/>
        <property name="nodeico" column="nodeico" type="Integer" title="Nodeico" englishTitle="Nodeico" length="255" editable="true" displayType="0"/>
        <property name="listno" column="listno" type="Integer" title="Listno" englishTitle="Listno" length="255" editable="true" displayType="0"/>
        <property name="inttype" column="inttype" type="Integer" title="Inttype" englishTitle="Inttype" length="255" editable="true" displayType="0"/>
    </entity>
</mapping>
