
<mapping>
    <entity name="ProjectInspection" package="com.glaf.isdp" moduleName="isdp" table="proj_inspection" title="ProjectInspection" englishTitle="ProjectInspection">
        <id name="id" column="id" type="String" title="Id" englishTitle="Id" length="100"/>
        <property name="indexId" column="index_id" type="Integer" title="IndexId" englishTitle="IndexId" length="255" editable="true" displayType="0"/>
        <property name="intflag" column="intflag" type="Integer" title="Intflag" englishTitle="Intflag" length="255" editable="true" displayType="0"/>
        <property name="cellTmpfiletypeId" column="cell_tmpfiletype_id" type="String" title="CellTmpfiletypeId" englishTitle="CellTmpfiletypeId" length="50" editable="true" displayType="0"/>
        <property name="listno" column="listno" type="Integer" title="Listno" englishTitle="Listno" length="255" editable="true" displayType="0"/>
        <property name="chkresult" column="chkresult" type="Integer" title="Chkresult" englishTitle="Chkresult" length="255" editable="true" displayType="0"/>
        <property name="pfileId" column="pfile_id" type="String" title="PfileId" englishTitle="PfileId" length="50" editable="true" displayType="0"/>
        <property name="refillflag" column="refillflag" type="Integer" title="Refillflag" englishTitle="Refillflag" length="255" editable="true" displayType="0"/>
        <property name="groupid" column="groupid" type="Integer" title="Groupid" englishTitle="Groupid" length="255" editable="true" displayType="0"/>
        <property name="oldId" column="old_id" type="String" title="OldId" englishTitle="OldId" length="50" editable="true" displayType="0"/>
        <property name="emailId" column="email_id" type="String" title="EmailId" englishTitle="EmailId" length="50" editable="true" displayType="0"/>
        <property name="recemailId" column="recemail_id" type="String" title="RecemailId" englishTitle="RecemailId" length="50" editable="true" displayType="0"/>
        <property name="mainId" column="main_id" type="String" title="MainId" englishTitle="MainId" length="50" editable="true" displayType="0"/>
        <property name="tagnum" column="tagnum" type="String" title="Tagnum" englishTitle="Tagnum" length="50" editable="true" displayType="0"/>
        <property name="ctime" column="ctime" type="Date" title="Ctime" englishTitle="Ctime" length="255" editable="true" displayType="0"/>
        <property name="tname" column="tname" type="String" title="Tname" englishTitle="Tname" length="250" editable="true" displayType="0"/>
        <property name="page" column="page" type="Integer" title="Page" englishTitle="Page" length="255" editable="true" displayType="0"/>
        <property name="duty" column="duty" type="String" title="Duty" englishTitle="Duty" length="100" editable="true" displayType="0"/>
        <property name="thematic" column="thematic" type="String" title="Thematic" englishTitle="Thematic" length="100" editable="true" displayType="0"/>
        <property name="annotations" column="annotations" type="String" title="Annotations" englishTitle="Annotations" length="100" editable="true" displayType="0"/>
    </entity>
</mapping>
