<?xml version="1.0" encoding="UTF-8" ?>
<mapping>
  <entity name="PublicInfo" package="com.glaf.base.modules.info" table="CMS_PUBLICINFO" 
	      title="公共信息"  englishTitle="PublicInfo">
    <id name="id" column="ID_" type="String" length="50" title="编号" englishTitle="Id"/>
    <property name="publishFlag" column="PUBLISHFLAG_" type="Integer" title="发布标记" englishTitle="PublishFlag"  editable="true"/>
    <property name="refererUrl" column="REFERERURL_" type="String" title="引用地址" englishTitle="RefererUrl" length="255" editable="true"/>
    <property name="tag" column="TAG_" type="String" title="Tag" englishTitle="Tag" length="200" editable="true"/>
    <property name="link" column="LINK_" type="String" title="链接" englishTitle="Link" length="255" editable="true"/>
    <property name="nodeId" column="NODEID_" type="Long" title="节点编号" englishTitle="NodeId" editable="true"/>
    <property name="commentCount" column="COMMENTCOUNT_" type="Integer" title="评论数量" englishTitle="CommentCount"   editable="true"/>
    <property name="unitName" column="UNITNAME_" type="String" title="发布单位" englishTitle="UnitName" length="100" editable="true"/>
    <property name="author" column="AUTHOR_" type="String" title="作者" englishTitle="Author" length="50" editable="true"/>
    <property name="bury" column="BURY_" type="Integer" title="踩数目" englishTitle="Bury" editable="true"/>
    <property name="commentFlag" column="COMMENTFLAG_" type="Integer" title="评论标记" englishTitle="CommentFlag" editable="true"/>
    <property name="digg" column="DIGG_" type="Integer" title="顶数目" englishTitle="Digg" editable="true"/>
    <property name="keywords" column="KEYWORDS_" type="String" title="关键字" englishTitle="Keywords" length="255" editable="true"/>
    <property name="processInstanceId" column="PROCESSINSTANCEID_" type="Long" title="流程实例编号" englishTitle="ProcessInstanceId"/>
    <property name="deleteFlag" column="DELETEFLAG_" type="Integer" title="删除标记" englishTitle="DeleteFlag" editable="true"/>
    <property name="serviceKey" column="SERVICEKEY_" type="String" title="服务标识" englishTitle="ServiceKey" length="50" updatable="false"/>
	<property name="summary" column="SUMMARY_" type="String" title="摘要" englishTitle="summary" length="250" updatable="false"/>
    <property name="sortNo" column="SORTNO_" type="Integer" title="序号" englishTitle="SortNo"  editable="true"/>
    <property name="endDate" column="ENDDATE_" type="Date" title="结束日期" englishTitle="EndDate"  editable="true"/>
    <property name="fallbackFlag" column="FALLBACKFLAG_" type="String" title="退回标记" englishTitle="FallbackFlag" length="1" editable="true"/>
    <property name="subject" column="SUBJECT_" type="String" title="主题" englishTitle="Subject" length="255" editable="true"/>
    <property name="name" column="NAME_" type="String" title="名称" englishTitle="Name" length="50" editable="true"/>
    <property name="startDate" column="STARTDATE_" type="Date" title="开始日期" englishTitle="StartDate"  editable="true"/>
    <property name="content" column="CONTENT_" type="String" title="内容" englishTitle="Content" editable="true"/>
    <property name="wfStatus" column="WFSTATUS_" type="Integer" title="工作流状态" englishTitle="WfStatus" editable="true"/>
    <property name="originalFlag" column="ORIGINALFLAG_" type="Integer" title="是否原创" englishTitle="OriginalFlag" editable="true"/>
    <property name="processName" column="PROCESSNAME_" type="String" title="流程名称" englishTitle="ProcessName" length="100"/>
    <property name="createBy" column="CREATEBY_" type="String" title="创建人" englishTitle="CreateBy" length="50" updatable="false"/>
	<property name="createDate" column="CREATEDATE_" type="Date" title="创建日期" englishTitle="CreateDate"  updatable="false"/>
	<property name="updateDate" column="UPDATEDATE_" type="Date" title="修改日期" englishTitle="UpdateDate" editable="true"/>
	<property name="updateBy" column="UPDATEBY_" type="String" title="创建人" englishTitle="UpdateBy" length="50" editable="true"/>
    <property name="status" column="STATUS_" type="Integer" title="状态" englishTitle="Status" editable="true"/>
    <property name="viewCount" column="VIEWCOUNT_" type="Integer" title="查看总数" englishTitle="ViewCount" editable="true"/>
  </entity>
</mapping>