
<mapping>
    <entity name="QueryDefinition" package="com.glaf.core" table="SYS_QUERY" title="QueryDefinition" englishTitle="QueryDefinition">
        <id name="id" column="ID_" type="String" title="Id" englishTitle="Id" length="50"/>
        <property name="parentId" column="PARENTID_" type="String" title="ParentId" englishTitle="ParentId" length="50"/>
        <property name="targetTableName" column="TARGETTABLENAME_" type="String" title="TargetTableName" englishTitle="TargetTableName" length="50"/>
        <property name="serviceKey" column="SERVICEKEY_" type="String" title="ServiceKey" englishTitle="ServiceKey" length="50"/>
        <property name="title" column="TITLE_" type="String" title="Title" englishTitle="Title" length="255"/>
        <property name="name" column="NAME_" type="String" title="Name" englishTitle="Name" length="50"/>
        <property name="mapping" column="MAPPING_" type="String" title="Mapping" englishTitle="Mapping" length="50"/>
        <property name="type" column="TYPE_" type="String" title="Type" englishTitle="Type" length="50"/>
        <property name="description" column="DESCRIPTION_" type="String" title="Description" englishTitle="Description" length="500"/>
        <property name="dsName" column="DSNAME_" type="String" title="DsName" englishTitle="DsName" length="255"/>
        <property name="sql" column="SQL_" type="String" title="Sql" englishTitle="Sql" length="255"/>
        <property name="countSql" column="COUNTSQL_" type="String" title="CountSql" englishTitle="CountSql" length="255"/>
        <property name="idField" column="IDFIELD_" type="String" title="IdField" englishTitle="IdField" length="50"/>
        <property name="statementId" column="STATEMENTID_" type="String" title="StatementId" englishTitle="StatementId" length="100"/>
        <property name="countStatementId" column="COUNTSTATEMENTID_" type="String" title="CountStatementId" englishTitle="CountStatementId" length="100"/>
        <property name="parameterType" column="PARAMETERTYPE_" type="String" title="ParameterType" englishTitle="ParameterType" length="200"/>
        <property name="resultType" column="RESULTTYPE_" type="String" title="ResultType" englishTitle="ResultType" length="200"/>
        <property name="createTime" column="CREATETIME_" type="Date" title="CreateTime" englishTitle="CreateTime" length="255"/>
        <property name="createBy" column="CREATEBY_" type="String" title="CreateBy" englishTitle="CreateBy" length="255"/>
        <property name="locked" column="LOCKED_" type="Integer" title="Locked" englishTitle="Locked" length="255"/>
        <property name="deleteFlag" column="DELETEFLAG_" type="Integer" title="DeleteFlag" englishTitle="DeleteFlag" length="255"/>
        <property name="revision" column="REVISION_" type="Integer" title="Revision" englishTitle="Revision" length="255"/>
        <property name="listUrl" column="LISTURL_" type="String" title="ListUrl" englishTitle="ListUrl" length="250"/>
        <property name="detailUrl" column="DETAILURL_" type="String" title="DetailUrl" englishTitle="DetailUrl" length="250"/>
    </entity>
</mapping>
