
<mapping>
    <entity name="ReportTask" package="com.glaf.report" moduleName="apps" table="BI_REPORT_TASK" title="ReportTask" englishTitle="ReportTask">
        <id name="id" column="ID_" type="String" title="Id" englishTitle="Id" length="50"/>
        <property name="reportIds" column="REPORTIDS_" type="String" title="ReportIds" englishTitle="ReportIds" length="500" editable="true" displayType="0"/>
        <property name="name" column="NAME_" type="String" title="Name" englishTitle="Name" length="50" editable="true" displayType="0"/>
        <property name="subject" column="SUBJECT_" type="String" title="Subject" englishTitle="Subject" length="200" editable="true" displayType="0"/>
        <property name="mailRecipient" column="MAILRECIPIENT_" type="String" title="MailRecipient" englishTitle="MailRecipient" length="500" editable="true" displayType="0"/>
        <property name="mobileRecipient" column="MOBILERECIPIENT_" type="String" title="MobileRecipient" englishTitle="MobileRecipient" length="500" editable="true" displayType="0"/>
        <property name="sendTitle" column="SENDTITLE_" type="String" title="SendTitle" englishTitle="SendTitle" length="200" editable="true" displayType="0"/>
        <property name="sendContent" column="SENDCONTENT_" type="String" title="SendContent" englishTitle="SendContent" length="2000" editable="true" displayType="0"/>
        <property name="cronExpression" column="CRONEXPRESSION_" type="String" title="CronExpression" englishTitle="CronExpression" length="50" editable="true" displayType="0"/>
        <property name="createDate" column="CREATEDATE_" type="Date" title="CreateDate" englishTitle="CreateDate" length="255" editable="true" displayType="0"/>
        <property name="createBy" column="CREATEBY_" type="String" title="CreateBy" englishTitle="CreateBy" length="50" editable="true" displayType="0"/>
        <property name="enableFlag" column="ENABLEFLAG_" type="String" title="EnableFlag" englishTitle="EnableFlag" length="1" editable="true" displayType="0"/>
    </entity>
</mapping>
