
<mapping>
    <entity name="Report" package="com.glaf.report" moduleName="apps" table="BI_REPORT" title="Report" englishTitle="Report">
        <id name="id" column="ID_" type="String" title="Id" englishTitle="Id" length="50"/>
        <property name="queryIds" column="QUERYIDS_" type="String" title="QueryIds" englishTitle="QueryIds" length="500" editable="true" displayType="0"/>
        <property name="chartIds" column="CHARTIDS_" type="String" title="ChartIds" englishTitle="ChartIds" length="500" editable="true" displayType="0"/>
        <property name="name" column="NAME_" type="String" title="Name" englishTitle="Name" length="200" editable="true" displayType="0"/>
        <property name="subject" column="SUBJECT_" type="String" title="Subject" englishTitle="Subject" length="250" editable="true" displayType="0"/>
        <property name="type" column="TYPE_" type="String" title="Type" englishTitle="Type" length="50" editable="true" displayType="0"/>
        <property name="reportName" column="REPORTNAME_" type="String" title="ReportName" englishTitle="ReportName" length="200" editable="true" displayType="0"/>
        <property name="reportFormat" column="REPORTFORMAT_" type="String" title="ReportFormat" englishTitle="ReportFormat" length="50" editable="true" displayType="0"/>
        <property name="reportTemplate" column="REPORTTEMPLATE_" type="String" title="ReportTemplate" englishTitle="ReportTemplate" length="200" editable="true" displayType="0"/>
        <property name="reportTitleDate" column="REPORTTITLEDATE_" type="String" title="ReportTitleDate" englishTitle="ReportTitleDate" length="50" editable="true" displayType="0"/>
        <property name="reportMonth" column="REPORTMONTH_" type="String" title="ReportMonth" englishTitle="ReportMonth" length="50" editable="true" displayType="0"/>
        <property name="reportDateYYYYMMDD" column="REPORTDATEYYYYMMDD_" type="String" title="ReportDateYYYYMMDD" englishTitle="ReportDateYYYYMMDD" length="50" editable="true" displayType="0"/>
        <property name="jsonParameter" column="JSONPARAMETER_" type="String" title="JsonParameter" englishTitle="JsonParameter" length="500" editable="true" displayType="0"/>
        <property name="textTitle" column="TEXTTITLE_" type="String" title="TextTitle" englishTitle="TextTitle" length="200" editable="true" displayType="0"/>
        <property name="textContent" column="TEXTCONTENT_" type="String" title="TextContent" englishTitle="TextContent" length="500" editable="true" displayType="0"/>
        <property name="mailRecipient" column="MAILRECIPIENT_" type="String" title="MailRecipient" englishTitle="MailRecipient" length="500" editable="true" displayType="0"/>
        <property name="mobileRecipient" column="MOBILERECIPIENT_" type="String" title="MobileRecipient" englishTitle="MobileRecipient" length="500" editable="true" displayType="0"/>
        <property name="cronExpression" column="CRONEXPRESSION_" type="String" title="CronExpression" englishTitle="CronExpression" length="50" editable="true" displayType="0"/>
        <property name="enableFlag" column="ENABLEFLAG_" type="String" title="EnableFlag" englishTitle="EnableFlag" length="1" editable="true" displayType="0"/>
        <property name="createDate" column="CREATEDATE_" type="Date" title="CreateDate" englishTitle="CreateDate" length="255" editable="true" displayType="0"/>
        <property name="createBy" column="CREATEBY_" type="String" title="CreateBy" englishTitle="CreateBy" length="50" editable="true" displayType="0"/>
    </entity>
</mapping>
