
<mapping>
    <entity name="RoleUse2" package="com.glaf.isdp" moduleName="isdp" table="roleuse2" title="RoleUse2" englishTitle="RoleUse2">
        <id name="id" column="id" type="String" title="Id" englishTitle="Id" length="50"/>
        <property name="roleId" column="roleID" type="String" title="RoleId" englishTitle="RoleId" length="50" editable="true" displayType="0"/>
        <property name="useType" column="usetype" type="String" title="UseType" englishTitle="UseType" length="1" editable="true" displayType="0"/>
        <property name="pid" column="pid" type="Integer" title="Pid" englishTitle="Pid" length="255" editable="true" displayType="0"/>
        <property name="treeType" column="treetype" type="Integer" title="TreeType" englishTitle="TreeType" length="255" editable="true" displayType="0"/>
        <property name="userchk" column="userchk" type="String" title="Userchk" englishTitle="Userchk" length="1" editable="true" displayType="0"/>
        <property name="treeId" column="treeid" type="String" title="TreeId" englishTitle="TreeId" length="250" editable="true" displayType="0"/>
    </entity>
</mapping>
