
<mapping>
    <entity name="SchedulerEntity" package="com.glaf.core" moduleName="isdp" table="SYS_SCHEDULER" title="SchedulerEntity" englishTitle="SchedulerEntity">
        <id name="id" column="id" type="String" title="Id" englishTitle="Id" length="50"/>
        <property name="attribute" column="attribute_" type="String" title="Attribute" englishTitle="Attribute" length="500" editable="true" displayType="0"/>
        <property name="autoStartup" column="autoStartup" type="Integer" title="AutoStartup" englishTitle="AutoStartup" length="255" editable="true" displayType="0"/>
        <property name="content" column="content" type="String" title="Content" englishTitle="Content" length="255" editable="true" displayType="0"/>
        <property name="createBy" column="createBy" type="String" title="CreateBy" englishTitle="CreateBy" length="255" editable="true" displayType="0"/>
        <property name="createDate" column="createDate" type="Date" title="CreateDate" englishTitle="CreateDate" length="255" editable="true" displayType="0"/>
        <property name="endDate" column="endDate" type="Date" title="EndDate" englishTitle="EndDate" length="255" editable="true" displayType="0"/>
        <property name="expression" column="expression_" type="String" title="Expression" englishTitle="Expression" length="255" editable="true" displayType="0"/>
        <property name="intervalTime" column="intervalTime" type="String" title="IntervalTime" englishTitle="IntervalTime" length="255" editable="true" displayType="0"/>
        <property name="intervalType" column="intervalType" type="String" title="IntervalType" englishTitle="IntervalType" length="255" editable="true" displayType="0"/>
        <property name="intervalValue" column="intervalValue" type="String" title="IntervalValue" englishTitle="IntervalValue" length="255" editable="true" displayType="0"/>
        <property name="jobClass" column="jobClass" type="String" title="JobClass" englishTitle="JobClass" length="255" editable="true" displayType="0"/>
        <property name="locked" column="locked_" type="Integer" title="Locked" englishTitle="Locked" length="255" editable="true" displayType="0"/>
        <property name="priority" column="priority_" type="Integer" title="Priority" englishTitle="Priority" length="255" editable="true" displayType="0"/>
        <property name="repeatCount" column="repeatCount" type="Integer" title="RepeatCount" englishTitle="RepeatCount" length="255" editable="true" displayType="0"/>
        <property name="repeatInterval" column="repeatInterval" type="Integer" title="RepeatInterval" englishTitle="RepeatInterval" length="255" editable="true" displayType="0"/>
        <property name="startDate" column="startDate" type="Date" title="StartDate" englishTitle="StartDate" length="255" editable="true" displayType="0"/>
        <property name="startDelay" column="startDelay" type="Integer" title="StartDelay" englishTitle="StartDelay" length="255" editable="true" displayType="0"/>
        <property name="startup" column="startup_" type="Integer" title="Startup" englishTitle="Startup" length="255" editable="true" displayType="0"/>
        <property name="taskName" column="taskName" type="String" title="TaskName" englishTitle="TaskName" length="255" editable="true" displayType="0"/>
        <property name="taskType" column="taskType" type="String" title="TaskType" englishTitle="TaskType" length="255" editable="true" displayType="0"/>
        <property name="threadSize" column="threadSize" type="Integer" title="ThreadSize" englishTitle="ThreadSize" length="255" editable="true" displayType="0"/>
        <property name="title" column="title" type="String" title="Title" englishTitle="Title" length="255" editable="true" displayType="0"/>
    </entity>
</mapping>
