
<mapping>
    <entity name="SchedulerParam" package="com.glaf.core" table="SYS_SCHEDULER_PARAMS" title="SchedulerParam" englishTitle="SchedulerParam">
        <id name="id" column="id" type="String" title="Id" englishTitle="Id" length="50"/>
        <property name="taskId" column="taskId" type="String" title="TaskId" englishTitle="TaskId" dataType="0" length="50"/>
        <property name="typeCd" column="type_cd" type="String" title="TypeCd" englishTitle="TypeCd" dataType="0" length="20"/>
        <property name="keyName" column="key_name" type="String" title="KeyName" englishTitle="KeyName" dataType="0" length="50"/>
        <property name="title" column="title" type="String" title="Title" englishTitle="Title" dataType="0" length="200"/>
        <property name="stringVal" column="string_val" type="String" title="StringVal" englishTitle="StringVal" dataType="0" length="2000"/>
        <property name="textVal" column="text_val" type="String" title="TextVal" englishTitle="TextVal" dataType="0" length="255"/>
        <property name="dateVal" column="date_val" type="Date" title="DateVal" englishTitle="DateVal" dataType="0" length="255"/>
    </entity>
</mapping>
