
<mapping>
    <entity name="StepExecution" package="com.glaf.batch" moduleName="isdp" table="SYS_STEP_EXECUTION" title="StepExecution" englishTitle="StepExecution">
        <id name="stepExecutionId" column="step_execution_id" type="Integer" title="StepExecutionId" englishTitle="StepExecutionId" length="255"/>
        <property name="version" column="version" type="Integer" title="Version" englishTitle="Version" length="255" editable="true" displayType="0"/>
        <property name="stepKey" column="step_key" type="String" title="StepKey" englishTitle="StepKey" length="50" editable="true" displayType="0"/>
        <property name="stepName" column="step_name" type="String" title="StepName" englishTitle="StepName" length="100" editable="true" displayType="0"/>
        <property name="jobStepKey" column="job_step_key" type="String" title="JobStepKey" englishTitle="JobStepKey" length="200" editable="true" displayType="0"/>
        <property name="jobClass" column="job_class" type="String" title="JobClass" englishTitle="JobClass" length="200" editable="true" displayType="0"/>
        <property name="jobInstanceId" column="job_instance_id" type="Integer" title="JobInstanceId" englishTitle="JobInstanceId" length="255" editable="true" displayType="0"/>
        <property name="jobExecutionId" column="job_execution_id" type="Integer" title="JobExecutionId" englishTitle="JobExecutionId" length="255" editable="true" displayType="0"/>
        <property name="listno" column="listno" type="Integer" title="Listno" englishTitle="Listno" length="255" editable="true" displayType="0"/>
        <property name="startTime" column="start_time" type="Date" title="StartTime" englishTitle="StartTime" length="255" editable="true" displayType="0"/>
        <property name="endTime" column="end_time" type="Date" title="EndTime" englishTitle="EndTime" length="255" editable="true" displayType="0"/>
        <property name="status" column="status" type="String" title="Status" englishTitle="Status" length="10" editable="true" displayType="0"/>
        <property name="commitCount" column="commit_count" type="Integer" title="CommitCount" englishTitle="CommitCount" length="255" editable="true" displayType="0"/>
        <property name="readCount" column="read_count" type="Integer" title="ReadCount" englishTitle="ReadCount" length="255" editable="true" displayType="0"/>
        <property name="filterCount" column="filter_count" type="Integer" title="FilterCount" englishTitle="FilterCount" length="255" editable="true" displayType="0"/>
        <property name="writeCount" column="write_count" type="Integer" title="WriteCount" englishTitle="WriteCount" length="255" editable="true" displayType="0"/>
        <property name="readSkipCount" column="read_skip_count" type="Integer" title="ReadSkipCount" englishTitle="ReadSkipCount" length="255" editable="true" displayType="0"/>
        <property name="writeSkipCount" column="write_skip_count" type="Integer" title="WriteSkipCount" englishTitle="WriteSkipCount" length="255" editable="true" displayType="0"/>
        <property name="processSkipCount" column="process_skip_count" type="Integer" title="ProcessSkipCount" englishTitle="ProcessSkipCount" length="255" editable="true" displayType="0"/>
        <property name="rollbackCount" column="rollback_count" type="Integer" title="RollbackCount" englishTitle="RollbackCount" length="255" editable="true" displayType="0"/>
        <property name="exitCode" column="exit_code" type="String" title="ExitCode" englishTitle="ExitCode" length="100" editable="true" displayType="0"/>
        <property name="exitMessage" column="exit_message" type="String" title="ExitMessage" englishTitle="ExitMessage" length="2500" editable="true" displayType="0"/>
        <property name="lastUpdated" column="last_updated" type="Date" title="LastUpdated" englishTitle="LastUpdated" length="255" editable="true" displayType="0"/>
    </entity>
</mapping>
