<?xml version="1.0" encoding="UTF-8" ?>
<mapping>
    <entity name="SysApplication" package="com.glaf.base.modules.sys" table="sys_application" title="SysApplication" englishTitle="SysApplication">
        <id name="id" column="ID" type="Long" englishTitle="id" length="19"  title="应用编号"/>
        <property name="name" column="NAME" type="String" englishTitle="name" dataType="0" length="255"  title="名称"/>
        <property name="desc" column="APPDESC" type="String" englishTitle="desc" dataType="0" length="255"  title="描述"/>
        <property name="url" column="URL" type="String" englishTitle="url" dataType="0" length="255"  title="URL"/>
        <property name="sort" column="SORT" type="Integer" englishTitle="sort" dataType="0" length="10"  title="序号"/>
        <property name="showMenu" column="SHOWMENU" type="Integer" englishTitle="showMenu" dataType="0" length="10"  title="显示菜单"/>
        <property name="nodeId" column="NODEID" type="Long" englishTitle="nodeId" dataType="0" length="19" nullable="false"  title="节点编号"/>
    </entity>
</mapping>
