<?xml version="1.0"?>
<mapping>
    <entity name="SysCalendar" package="com.glaf.core" moduleName="sys" table="SYS_CALENDAR" title="工作日历" englishTitle="SysCalendar">
	    <id name="id" column="ID_" type="Long" englishTitle="id" title="编号" />
        <property name="createBy" column="CREATEBY_" type="String" title="创建人" englishTitle="CreateBy" length="50" editable="true" />
        <property name="createDate" column="CREATEDATE_" type="Date" title="创建日期" englishTitle="CreateDate" length="255" editable="true" />
		<property name="day" column="DAY_" type="Integer" englishTitle="Day" title="日" />
		<property name="week" column="WEEK_" type="Integer" englishTitle="Week" title="周" />
        <property name="month" column="MONTH_" type="Integer" englishTitle="Month" title="月" />
        <property name="year" column="YEAR_" type="Integer" englishTitle="isWorkDay" title="是否工作日" />
        <property name="dutyA" column="DUTYA_" type="String" title="执勤A" englishTitle="DutyA" length="50" editable="true" />
        <property name="dutyB" column="DUTYB_" type="String" title="执勤B" englishTitle="DutyB" length="50" editable="true" />
        <property name="groupA" column="GROUPA_" type="String" title="A组" englishTitle="GroupA" length="50" editable="true" />
        <property name="groupB" column="GROUPB_" type="String" title="B组" englishTitle="GroupB" length="50" editable="true" />
        <property name="productionLine" column="PRODUCTIONLINE_" type="String" title="生产线" englishTitle="ProductionLine" length="50" editable="true" />
		<property name="isWorkDay" column="ISWORKDAY_" type="Integer" englishTitle="Year" title="年" />
        <property name="workDate" column="WORKDATE_" type="Date" title="工作日" englishTitle="WorkDate" length="255" editable="true" />
    </entity>
</mapping>
