<?xml version="1.0" encoding="UTF-8" ?>
<mapping>
    <entity name="SysDeptRole" package="com.glaf.base.modules.sys" table="sys_dept_role" title="部门角色" englishTitle="SysDeptRole">
        <id name="id" column="ID" type="Long" englishTitle="ID" length="19" title="编号" />
        <property name="grade" column="GRADE" type="Integer" englishTitle="GRADE" dataType="0" length="10" title="级别" />
        <property name="code" column="CODE" type="String" englishTitle="CODE" dataType="0" length="255" title="编码" />
        <property name="sort" column="SORT" type="Integer" englishTitle="SORT" dataType="0" length="10" title="序号" />
        <property name="sysRoleId" column="SYSROLEID" type="Long" englishTitle="SYSROLEID" dataType="0" length="19" nullable="false" title="角色编号" />
        <property name="deptId" column="DEPTID" type="Long" englishTitle="DEPTID" dataType="0" length="19" nullable="false" title="部门编号" />
		<property name="createDate" column="CREATEDATE" title="创建日期"
			englishTitle="Create Date" type="Date" displayType="4" nullable="false"/>
		<property name="createBy" column="CREATEBY" title="创建人" 
		    englishTitle="Create By"	type="String" displayType="4" length="50" />
		<property name="updateBy"  column="UPDATEBY" title="修改人" 
		    englishTitle="Update By"	type="String" displayType="4" length="50" />
		<property name="updateDate" column="UPDATEDATE" title="修改日期"
			englishTitle="Update Date" type="Date" displayType="4" nullable="false"/>
    </entity>
</mapping>
