
<mapping>
    <entity name="SystemParam" package="com.glaf.core" table="SYS_PARAMS" title="SystemParam" englishTitle="SystemParam">
        <id name="id" column="id" type="String" title="Id" englishTitle="Id" length="50"/>
        <property name="serviceKey" column="service_key" type="String" title="ServiceKey" englishTitle="ServiceKey" length="50" nullable="false"/>
        <property name="businessKey" column="business_key" type="String" title="BusinessKey" englishTitle="BusinessKey" length="200" nullable="false"/>
        <property name="typeCd" column="type_cd" type="String" title="TypeCd" englishTitle="TypeCd" length="20" nullable="false"/>
        <property name="keyName" column="key_name" type="String" title="KeyName" englishTitle="KeyName" length="50" nullable="false"/>
        <property name="title" column="title" type="String" title="Title" englishTitle="Title" length="200"/>
        <property name="javaType" column="java_type" type="String" title="JavaType" englishTitle="JavaType" length="20" nullable="false"/>
        <property name="stringVal" column="string_val" type="String" title="StringVal" englishTitle="StringVal" length="2000"/>
        <property name="textVal" column="text_val" type="String" title="TextVal" englishTitle="TextVal" length="255"/>
        <property name="dateVal" column="date_val" type="Date" title="DateVal" englishTitle="DateVal" length="255"/>
    </entity>
</mapping>
