<?xml version="1.0" encoding="UTF-8" ?>
<mapping>
    <entity name="SysTree" package="com.glaf.base.modules.sys" table="sys_tree" title="SysTree" englishTitle="SysTree">
        <id name="id" column="ID" type="Long" englishTitle="ID" length="19" title="编号" />
        <property name="parent" column="PARENT" type="Long" englishTitle="parent" dataType="0" length="19" title="父节点编号" />
        <property name="name" column="NAME" type="String" englishTitle="name" dataType="0" length="255" title="名称" />
        <property name="desc" column="NODEDESC" type="String" englishTitle="desc" dataType="0" length="255" title="节点描述" />
        <property name="sort" column="SORT" type="Integer" englishTitle="sort" dataType="0" length="10" title="序号" />
        <property name="code" column="CODE" type="String" englishTitle="code" dataType="0" length="255" title="编码" />
    </entity>
</mapping>
