
<mapping>
    <entity name="Template" package="com.glaf.core" moduleName="isdp" table="SYS_TEMPLATE" title="Template" englishTitle="Template">
        <id name="templateId" column="TEMPLATEID_" type="String" title="TemplateId" englishTitle="TemplateId" length="50"/>
        <property name="templateType" column="TEMPLATETYPE_" type="String" title="TemplateType" englishTitle="TemplateType" length="50" editable="true" displayType="0"/>
        <property name="name" column="NAME_" type="String" title="Name" englishTitle="Name" length="50" editable="true" displayType="0"/>
        <property name="title" column="TITLE_" type="String" title="Title" englishTitle="Title" length="200" editable="true" displayType="0"/>
        <property name="content" column="CONTENT_" type="String" title="Content" englishTitle="Content" length="255" editable="true" displayType="0"/>
        <property name="json" column="JSON_" type="String" title="Json" englishTitle="Json" length="255" editable="true" displayType="0"/>
        <property name="description" column="DESCRIPTION_" type="String" title="Description" englishTitle="Description" length="500" editable="true" displayType="0"/>
        <property name="callbackUrl" column="CALLBACKURL_" type="String" title="CallbackUrl" englishTitle="CallbackUrl" length="200" editable="true" displayType="0"/>
        <property name="objectId" column="OBJECTID_" type="String" title="ObjectId" englishTitle="ObjectId" length="50" editable="true" displayType="0"/>
        <property name="objectValue" column="OBJECTVALUE_" type="String" title="ObjectValue" englishTitle="ObjectValue" length="200" editable="true" displayType="0"/>
        <property name="createBy" column="CREATEBY_" type="String" title="CreateBy" englishTitle="CreateBy" length="50" editable="true" displayType="0"/>
        <property name="createDate" column="CREATEDATE_" type="Date" title="CreateDate" englishTitle="CreateDate" length="255" editable="true" displayType="0"/>
        <property name="language" column="LANGUAGE_" type="String" title="Language" englishTitle="Language" length="50" editable="true" displayType="0"/>
        <property name="moduleId" column="MODULEID_" type="String" title="ModuleId" englishTitle="ModuleId" length="50" editable="true" displayType="0"/>
        <property name="moduleName" column="MODULENAME_" type="String" title="ModuleName" englishTitle="ModuleName" length="50" editable="true" displayType="0"/>
        <property name="dataFile" column="DATAFILE_" type="String" title="DataFile" englishTitle="DataFile" length="200" editable="true" displayType="0"/>
        <property name="encoding" column="ENCODING_" type="String" title="Encoding" englishTitle="Encoding" length="20" editable="true" displayType="0"/>
        <property name="locked" column="LOCKED_" type="Integer" title="Locked" englishTitle="Locked" length="255" editable="true" displayType="0"/>
        <property name="nodeId" column="NODEID_" type="Long" title="NodeId" englishTitle="NodeId" length="255" editable="true" displayType="0"/>
        <property name="lastModified" column="LASTMODIFIED_" type="Long" title="LastModified" englishTitle="LastModified" length="255" editable="true" displayType="0"/>
        <property name="fileSize" column="FILESIZE_" type="Long" title="FileSize" englishTitle="FileSize" length="255" editable="true" displayType="0"/>
        <property name="fileType" column="FILETYPE_" type="Integer" title="FileType" englishTitle="FileType" length="50" editable="true" displayType="0"/>
        <property name="sysType" column="SYSTYPE_" type="String" title="SysType" englishTitle="SysType" length="50" editable="true" displayType="0"/>
    </entity>
</mapping>
