<?xml version="1.0" encoding="UTF-8" ?>
<mapping>
    <entity name="Todo" package="com.glaf.core.todo" table="sys_todo" title="待办事项" englishTitle="Todo">
        <id name="id" column="ID" type="Long" englishTitle="ID" title="编号" />
        <property name="actorId" column="ACTORID" type="String" englishTitle="actorId" length="255" title="用户名" />
        <property name="alarm" column="ALARM" type="String" englishTitle="alarm" length="255" title="报警" />
        <property name="code" column="CODE" type="String" englishTitle="code" length="255" title="编码" />
        <property name="content" column="CONTENT" type="String" englishTitle="content" length="255" title="内容" />
        <property name="deptId" column="DEPTID" type="Long" englishTitle="deptId" title="部门编号" />
        <property name="deptName" column="DEPTNAME" type="String" englishTitle="deptName" length="255" title="部门名称" />
        <property name="enableFlag" column="ENABLEFLAG" type="Integer" englishTitle="enableFlag" length="10" title="是否启用" />
        <property name="eventFrom" column="EVENTFROM" type="String" englishTitle="eventFrom" length="255" title="源事件" />
        <property name="eventTo" column="EVENTTO" type="String" englishTitle="eventTo" length="255" title="目标事件" />
        <property name="limitDay" column="LIMITDAY" type="Integer" englishTitle="limitDay" length="10" title="期限" />
        <property name="xa" column="XA" type="Integer" englishTitle="xa" length="10" title="a" />
        <property name="xb" column="XB" type="Integer" englishTitle="xb" length="10" title="b" />
        <property name="link" column="LINK" type="String" englishTitle="link" length="255" title="详细链接" />
        <property name="listLink" column="LISTLINK" type="String" englishTitle="listLink" length="255" title="列表链接" />
        <property name="linkType" column="LINKTYPE" type="String" englishTitle="linkType" length="255" title="链接类型" />
        <property name="appId" column="APPID" type="Integer" englishTitle="appId" length="10" title="应用编号" />
        <property name="moduleId" column="MODULEID" type="Integer" englishTitle="moduleId" length="10" title="模块编号" />
        <property name="moduleName" column="MODULENAME" type="String" englishTitle="moduleName" length="255" title="模块名称" />
        <property name="news" column="NEWS" type="String" englishTitle="news" length="255" title="news" />
        <property name="objectId" column="OBJECTID" type="String" englishTitle="objectId" length="255" title="objectId" />
        <property name="objectValue" column="OBJECTVALUE" type="String" englishTitle="objectValue" length="255" title="objectValue" />
        <property name="roleCode" column="ROLECODE" type="String" englishTitle="roleCode" length="255" title="角色代码" />
        <property name="roleId" column="ROLEID" type="Long" englishTitle="roleId" title="角色编号" />
        <property name="tablename" column="TABLENAME" type="String" englishTitle="tablename" length="255" title="表名" />
		<property name="processName" column="PROCESSNAME" type="String" englishTitle="processName" length="255" title="流程名称" />
        <property name="taskName" column="TASKNAME" type="String" englishTitle="taskName" length="255" title="任务名称" />
        <property name="title" column="TITLE" type="String" englishTitle="title" length="255" title="标题" />
        <property name="type" column="TYPE" type="String" englishTitle="type" length="255" title="类型" />
        <property name="sql" column="SQL_" type="String" englishTitle="sql" length="255" title="SQL" />
        <property name="versionNo" column="VERSIONNO" type="Long" englishTitle="versionNo" title="版本号" />
    </entity>
</mapping>
