<?xml version="1.0" encoding="UTF-8" ?>
<mapping>
	<entity name="TodoInstance" package="com.glaf.core.todo"  table="sys_todo_instance"
		title="待办任务" englishTitle="TodoInstance">
		<id name="id" column="ID" type="Long" englishTitle="ID" title="编号" />
		<property column="actorId" name="actorId" type="String" englishTitle="actorId" title="参与者" />
		<property column="actorName" name="actorName" type="String" englishTitle="actorName" title="参与者姓名" />
		<property column="title" name="title" type="String" englishTitle="title" title="主题" />
		<property column="content" name="content" type="String" englishTitle="content" title="内容" />
		<property column="provider" name="provider" type="String" englishTitle="provider" title="提供者" />
		<property column="link" name="link" type="String" englishTitle="link" title="链接" />
		<property column="linkType" name="linkType" type="String" englishTitle="linkType" title="链接类型" />
		<property column="createDate" name="createDate" type="Date" englishTitle="createDate" title="创建日期" />
		<property column="startDate" name="startDate" type="Date" englishTitle="startDate" title="开始日期" />
		<property column="endDate" name="endDate" type="Date" englishTitle="endDate" title="结束日期" />
		<property column="alarmDate" name="alarmDate" type="Date" englishTitle="alarmDate" title="报警日期" />
		<property column="pastDueDate" name="pastDueDate" type="Date" englishTitle="pastDueDate" title="过期日期" />
		<property column="taskInstanceId" name="taskInstanceId" type="String" 
		          englishTitle="taskInstanceId" title="任务实例编号" />
		<property column="processInstanceId" name="processInstanceId" type="String" 
		          englishTitle="processInstanceId" title="流程实例编号" />
		<property column="deptId" name="deptId" type="Long" englishTitle="deptId" title="部门编号" />
		<property column="deptName" name="deptName" type="String" englishTitle="deptName" title="部门名称" />
		<property column="roleId" name="roleId" type="Long" englishTitle="roleId" title="角色编号" />
		<property column="roleCode" name="roleCode" type="String" englishTitle="roleCode" title="角色代码" />
		<property column="rowId" name="rowId" type="String" englishTitle="rowId" title="业务编号" />
		<property column="todoId" name="todoId" type="Long" englishTitle="todoId" title="TODO定义编号" />
		<property column="appId" name="appId" type="Long" englishTitle="appId" title="应用编号" />
		<property column="moduleId" name="moduleId" type="Long" englishTitle="moduleId" title="模块编号" />
		<property column="objectId" name="objectId" type="String" englishTitle="objectId" title="扩展名" />
		<property column="objectValue" name="objectValue" type="String" englishTitle="objectValue" title="控制值" />
		<property column="versionNo" name="versionNo" type="Long" englishTitle="versionNo" title="版本" />
	</entity>
</mapping>
