
<mapping>
    <entity name="Treedot" package="com.glaf.isdp" moduleName="isdp" table="treedot" title="Treedot" englishTitle="Treedot">
        <id name="indexId" column="index_id" type="Integer" title="IndexId" englishTitle="IndexId" length="255"/>
        <property name="parentId" column="parent_id" type="Integer" title="ParentId" englishTitle="ParentId" length="255" editable="true" displayType="0"/>
        <property name="id" column="id" type="String" title="Id" englishTitle="Id" length="100" editable="true" displayType="0"/>
        <property name="indexName" column="index_name" type="String" title="IndexName" englishTitle="IndexName" length="255" editable="true" displayType="0"/>
        <property name="nlevel" column="nlevel" type="Integer" title="Nlevel" englishTitle="Nlevel" length="255" editable="true" displayType="0"/>
        <property name="num" column="num" type="String" title="Num" englishTitle="Num" length="50" editable="true" displayType="0"/>
        <property name="content" column="content" type="String" title="Content" englishTitle="Content" length="255" editable="true" displayType="0"/>
        <property name="sindexName" column="sindex_name" type="String" title="SindexName" englishTitle="SindexName" length="255" editable="true" displayType="0"/>
        <property name="nodeico" column="nodeico" type="Integer" title="Nodeico" englishTitle="Nodeico" length="255" editable="true" displayType="0"/>
        <property name="listno" column="listno" type="Integer" title="Listno" englishTitle="Listno" length="255" editable="true" displayType="0"/>
        <property name="menuid" column="menuid" type="Integer" title="Menuid" englishTitle="Menuid" length="255" editable="true" displayType="0"/>
        <property name="isend" column="isend" type="Integer" title="Isend" englishTitle="Isend" length="255" editable="true" displayType="0"/>
        <property name="sysmenuid" column="sysmenuid" type="String" title="Sysmenuid" englishTitle="Sysmenuid" length="500" editable="true" displayType="0"/>
        <property name="type" column="type" type="Integer" title="Type" englishTitle="Type" length="255" editable="true" displayType="0"/>
        <property name="filenumid" column="filenumid" type="String" title="Filenumid" englishTitle="Filenumid" length="50" editable="true" displayType="0"/>
        <property name="filenumid2" column="filenumid2" type="String" title="Filenumid2" englishTitle="Filenumid2" length="50" editable="true" displayType="0"/>
        <property name="projIndex" column="proj_index" type="Integer" title="ProjIndex" englishTitle="ProjIndex" length="255" editable="true" displayType="0"/>
        <property name="domainIndex" column="domain_index" type="Integer" title="DomainIndex" englishTitle="DomainIndex" length="255" editable="true" displayType="0"/>
    </entity>
</mapping>
