
<mapping>
    <entity name="TreepInfo" package="com.glaf.isdp" moduleName="isdp" table="treepinfo" title="TreepInfo" englishTitle="TreepInfo">
        <id name="indexId" column="index_id" type="Integer" title="IndexId" englishTitle="IndexId" length="255"/>
        <property name="parentId" column="parent_id" type="Integer" title="ParentId" englishTitle="ParentId" length="255" editable="true" displayType="0"/>
        <property name="id" column="id" type="String" title="Id" englishTitle="Id" length="100" editable="true" displayType="0"/>
        <property name="num" column="num" type="String" title="Num" englishTitle="Num" length="50" editable="true" displayType="0"/>
        <property name="topId" column="top_id" type="Integer" title="TopId" englishTitle="TopId" length="255" editable="true" displayType="0"/>
        <property name="indexName" column="index_name" type="String" title="IndexName" englishTitle="IndexName" length="255" editable="true" displayType="0"/>
        <property name="nlevel" column="nlevel" type="Integer" title="Nlevel" englishTitle="Nlevel" length="255" editable="true" displayType="0"/>
        <property name="nodetype" column="nodetype" type="String" title="Nodetype" englishTitle="Nodetype" length="1" editable="true" displayType="0"/>
        <property name="fromid" column="fromid" type="Integer" title="Fromid" englishTitle="Fromid" length="255" editable="true" displayType="0"/>
        <property name="partId" column="part_id" type="Integer" title="PartId" englishTitle="PartId" length="255" editable="true" displayType="0"/>
        <property name="showid" column="showid" type="Integer" title="Showid" englishTitle="Showid" length="255" editable="true" displayType="0"/>
        <property name="sindexName" column="sindex_name" type="String" title="SindexName" englishTitle="SindexName" length="255" editable="true" displayType="0"/>
        <property name="filenum" column="filenum" type="Integer" title="Filenum" englishTitle="Filenum" length="255" editable="true" displayType="0"/>
        <property name="filenum0" column="filenum0" type="Integer" title="Filenum0" englishTitle="Filenum0" length="255" editable="true" displayType="0"/>
        <property name="filenum1" column="filenum1" type="Integer" title="Filenum1" englishTitle="Filenum1" length="255" editable="true" displayType="0"/>
        <property name="filenum2" column="filenum2" type="Integer" title="Filenum2" englishTitle="Filenum2" length="255" editable="true" displayType="0"/>
        <property name="projtype" column="projtype" type="String" title="Projtype" englishTitle="Projtype" length="1" editable="true" displayType="0"/>
        <property name="cid" column="cid" type="String" title="Cid" englishTitle="Cid" length="50" editable="true" displayType="0"/>
        <property name="dwid" column="dwid" type="Integer" title="Dwid" englishTitle="Dwid" length="255" editable="true" displayType="0"/>
        <property name="fbid" column="fbid" type="Integer" title="Fbid" englishTitle="Fbid" length="255" editable="true" displayType="0"/>
        <property name="fxid" column="fxid" type="Integer" title="Fxid" englishTitle="Fxid" length="255" editable="true" displayType="0"/>
        <property name="jid" column="jid" type="String" title="Jid" englishTitle="Jid" length="50" editable="true" displayType="0"/>
        <property name="flid" column="flid" type="String" title="Flid" englishTitle="Flid" length="50" editable="true" displayType="0"/>
        <property name="topnode" column="topnode" type="String" title="Topnode" englishTitle="Topnode" length="250" editable="true" displayType="0"/>
        <property name="nodeico" column="nodeico" type="Integer" title="Nodeico" englishTitle="Nodeico" length="255" editable="true" displayType="0"/>
        <property name="outflag" column="outflag" type="String" title="Outflag" englishTitle="Outflag" length="1" editable="true" displayType="0"/>
        <property name="inflag" column="inflag" type="String" title="Inflag" englishTitle="Inflag" length="1" editable="true" displayType="0"/>
        <property name="password" column="password" type="String" title="Password" englishTitle="Password" length="10" editable="true" displayType="0"/>
        <property name="listnum" column="listnum" type="String" title="Listnum" englishTitle="Listnum" length="200" editable="true" displayType="0"/>
        <property name="wcompany" column="wcompany" type="String" title="Wcompany" englishTitle="Wcompany" length="250" editable="true" displayType="0"/>
        <property name="listno" column="listno" type="Integer" title="Listno" englishTitle="Listno" length="255" editable="true" displayType="0"/>
        <property name="plevel" column="plevel" type="Integer" title="Plevel" englishTitle="Plevel" length="255" editable="true" displayType="0"/>
        <property name="usernmu" column="usernmu" type="String" title="Usernmu" englishTitle="Usernmu" length="100" editable="true" displayType="0"/>
        <property name="indexIdOld" column="index_id_old" type="Integer" title="IndexIdOld" englishTitle="IndexIdOld" length="255" editable="true" displayType="0"/>
        <property name="pindexId" column="pindex_id" type="Integer" title="PindexId" englishTitle="PindexId" length="255" editable="true" displayType="0"/>
        <property name="finishint" column="finishint" type="Integer" title="Finishint" englishTitle="Finishint" length="255" editable="true" displayType="0"/>
        <property name="typeTablename" column="type_tablename" type="String" title="TypeTablename" englishTitle="TypeTablename" length="50" editable="true" displayType="0"/>
        <property name="treeDliststr" column="tree_dliststr" type="String" title="TreeDliststr" englishTitle="TreeDliststr" length="200" editable="true" displayType="0"/>
        <property name="pfilesIndex" column="pfiles_index" type="Integer" title="PfilesIndex" englishTitle="PfilesIndex" length="255" editable="true" displayType="0"/>
        <property name="bdate" column="bdate" type="Date" title="Bdate" englishTitle="Bdate" length="255" editable="true" displayType="0"/>
        <property name="edate" column="edate" type="Date" title="Edate" englishTitle="Edate" length="255" editable="true" displayType="0"/>
        <property name="wbsindex" column="wbsindex" type="Integer" title="Wbsindex" englishTitle="Wbsindex" length="255" editable="true" displayType="0"/>
        <property name="bdateS" column="bdate_s" type="Date" title="BdateS" englishTitle="BdateS" length="255" editable="true" displayType="0"/>
        <property name="edateS" column="edate_s" type="Date" title="EdateS" englishTitle="EdateS" length="255" editable="true" displayType="0"/>
        <property name="typeId" column="type_id" type="String" title="TypeId" englishTitle="TypeId" length="50" editable="true" displayType="0"/>
        <property name="cell1" column="cell1" type="Integer" title="Cell1" englishTitle="Cell1" length="255" editable="true" displayType="0"/>
        <property name="cell2" column="cell2" type="Integer" title="Cell2" englishTitle="Cell2" length="255" editable="true" displayType="0"/>
        <property name="cell3" column="cell3" type="Integer" title="Cell3" englishTitle="Cell3" length="255" editable="true" displayType="0"/>
        <property name="strfileLocate" column="strfileLocate" type="String" title="StrfileLocate" englishTitle="StrfileLocate" length="50" editable="true" displayType="0"/>
        <property name="intpfile1" column="intpfile1" type="Integer" title="Intpfile1" englishTitle="Intpfile1" length="255" editable="true" displayType="0"/>
        <property name="intpfile2" column="intpfile2" type="Integer" title="Intpfile2" englishTitle="Intpfile2" length="255" editable="true" displayType="0"/>
        <property name="intpfile3" column="intpfile3" type="Integer" title="Intpfile3" englishTitle="Intpfile3" length="255" editable="true" displayType="0"/>
        <property name="intcellfinish" column="intcellfinish" type="Integer" title="Intcellfinish" englishTitle="Intcellfinish" length="255" editable="true" displayType="0"/>
        <property name="sysId" column="sys_id" type="String" title="SysId" englishTitle="SysId" length="50" editable="true" displayType="0"/>
        <property name="indexIn" column="index_in" type="Integer" title="IndexIn" englishTitle="IndexIn" length="255" editable="true" displayType="0"/>
        <property name="strButtonStar" column="strButtonStar" type="String" title="StrButtonStar" englishTitle="StrButtonStar" length="20" editable="true" displayType="0"/>
        <property name="intisuse" column="intisuse" type="Integer" title="Intisuse" englishTitle="Intisuse" length="255" editable="true" displayType="0"/>
        <property name="wbsindexIn" column="wbsindex_in" type="Integer" title="WbsindexIn" englishTitle="WbsindexIn" length="255" editable="true" displayType="0"/>
    </entity>
</mapping>
