
<mapping>
    <entity name="TreewbsAutostart" package="com.glaf.isdp" moduleName="isdp" table="s_treewbs_autostart" title="TreewbsAutostart" englishTitle="TreewbsAutostart">
        <id name="id" column="id" type="String" title="Id" englishTitle="Id" length="50"/>
        <property name="indexId" column="index_id" type="Integer" title="IndexId" englishTitle="IndexId" length="255" editable="true" displayType="0"/>
        <property name="wbsindex" column="wbsindex" type="Integer" title="Wbsindex" englishTitle="Wbsindex" length="255" editable="true" displayType="0"/>
        <property name="intstartype" column="intstartype" type="Integer" title="Intstartype" englishTitle="Intstartype" length="255" editable="true" displayType="0"/>
        <property name="intstardelayday" column="intstardelayday" type="Integer" title="Intstardelayday" englishTitle="Intstardelayday" length="255" editable="true" displayType="0"/>
        <property name="inttype" column="inttype" type="Integer" title="Inttype" englishTitle="Inttype" length="255" editable="true" displayType="0"/>
    </entity>
</mapping>
