
<mapping>
    <entity name="Treepur" package="com.glaf.isdp" moduleName="isdp" table="treepur" title="Treepur" englishTitle="Treepur">
        <id name="id" column="id" type="String" title="Id" englishTitle="Id" length="50"/>
        <property name="indexId" column="index_id" type="Integer" title="IndexId" englishTitle="IndexId" length="255" editable="true" displayType="0"/>
        <property name="parentId" column="parent_id" type="Integer" title="ParentId" englishTitle="ParentId" length="255" editable="true" displayType="0"/>
        <property name="indexName" column="index_name" type="String" title="IndexName" englishTitle="IndexName" length="255" editable="true" displayType="0"/>
        <property name="modulenum" column="modulenum" type="Integer" title="Modulenum" englishTitle="Modulenum" length="255" editable="true" displayType="0"/>
        <property name="content" column="content" type="String" title="Content" englishTitle="Content" length="255" editable="true" displayType="0"/>
        <property name="listno" column="listno" type="Integer" title="Listno" englishTitle="Listno" length="255" editable="true" displayType="0"/>
    </entity>
</mapping>
