
<mapping>
    <entity name="TreeProject" package="com.glaf.isdp" moduleName="isdp" table="treeproj" title="TreeProject" englishTitle="TreeProject">
        <id name="indexId" column="index_id" type="Integer" title="IndexId" englishTitle="IndexId" length="50"/>
        <property name="parentId" column="parent_id" type="Integer" title="ParentId" englishTitle="ParentId" length="255" editable="true" displayType="0"/>
        <property name="id" column="ID" type="String" title="Id" englishTitle="Id" length="100" editable="true" displayType="0"/>
        <property name="topId" column="top_id" type="Integer" title="TopId" englishTitle="TopId" length="255" editable="true" displayType="0"/>
        <property name="indexName" column="index_name" type="String" title="IndexName" englishTitle="IndexName" length="255" editable="true" displayType="0"/>
        <property name="nlevel" column="nlevel" type="Integer" title="Nlevel" englishTitle="Nlevel" length="255" editable="true" displayType="0"/>
        <property name="num" column="num" type="String" title="Num" englishTitle="Num" length="255" editable="true" displayType="0"/>
        <property name="content" column="content" type="String" title="Content" englishTitle="Content" length="240" editable="true" displayType="0"/>
        <property name="useId" column="useId" type="String" title="UseId" englishTitle="UseId" length="50" editable="true" displayType="0"/>
        <property name="sindexName" column="sindex_name" type="String" title="SindexName" englishTitle="SindexName" length="255" editable="true" displayType="0"/>
        <property name="content2" column="content2" type="String" title="Content2" englishTitle="Content2" length="200" editable="true" displayType="0"/>
        <property name="topnode" column="topnode" type="String" title="Topnode" englishTitle="Topnode" length="250" editable="true" displayType="0"/>
        <property name="nodeico" column="nodeico" type="Integer" title="Nodeico" englishTitle="Nodeico" length="255" editable="true" displayType="0"/>
        <property name="projtype" column="projtype" type="String" title="Projtype" englishTitle="Projtype" length="1" editable="true" displayType="0"/>
        <property name="unitnum" column="unitnum" type="String" title="Unitnum" englishTitle="Unitnum" length="50" editable="true" displayType="0"/>
        <property name="showid" column="showid" type="Integer" title="Showid" englishTitle="Showid" length="255" editable="true" displayType="0"/>
        <property name="ispegwork" column="ispegwork" type="String" title="Ispegwork" englishTitle="Ispegwork" length="1" editable="true" displayType="0"/>
        <property name="treeprojUser2" column="treeproj_user2" type="String" title="TreeprojUser2" englishTitle="TreeprojUser2" length="1000" editable="true" displayType="0"/>
    </entity>
</mapping>
