
<mapping>
    <entity name="Treetop" package="com.glaf.isdp" moduleName="isdp" table="treetop" title="Treetop" englishTitle="Treetop">
        <id name="indexId" column="index_id" type="Integer" title="IndexId" englishTitle="IndexId" length="50"/>
        <property name="id" column="id" type="String" title="Id" englishTitle="Id" length="100" editable="true" displayType="0"/>
        <property name="parentId" column="parent_id" type="Integer" title="ParentId" englishTitle="ParentId" length="255" editable="true" displayType="0"/>
        <property name="indexName" column="index_name" type="String" title="IndexName" englishTitle="IndexName" length="255" editable="true" displayType="0"/>
        <property name="nlevel" column="nlevel" type="Integer" title="Nlevel" englishTitle="Nlevel" length="255" editable="true" displayType="0"/>
        <property name="num" column="num" type="String" title="Num" englishTitle="Num" length="50" editable="true" displayType="0"/>
        <property name="content" column="content" type="String" title="Content" englishTitle="Content" length="200" editable="true" displayType="0"/>
        <property name="ftype" column="ftype" type="String" title="Ftype" englishTitle="Ftype" length="1" editable="true" displayType="0"/>
        <property name="secondIndexName" column="sindex_name" type="String" title="SecondIndexName" englishTitle="SecondIndexName" length="255" editable="true" displayType="0"/>
        <property name="filenum" column="filenum" type="String" title="Filenum" englishTitle="Filenum" length="200" editable="true" displayType="0"/>
        <property name="ztype" column="ztype" type="Integer" title="Ztype" englishTitle="Ztype" length="255" editable="true" displayType="0"/>
        <property name="content2" column="content2" type="String" title="Content2" englishTitle="Content2" length="200" editable="true" displayType="0"/>
        <property name="topnode" column="topnode" type="String" title="Topnode" englishTitle="Topnode" length="250" editable="true" displayType="0"/>
        <property name="isnotshow" column="isnotshow" type="String" title="Isnotshow" englishTitle="Isnotshow" length="1" editable="true" displayType="0"/>
        <property name="nodeico" column="nodeico" type="Integer" title="Nodeico" englishTitle="Nodeico" length="255" editable="true" displayType="0"/>
        <property name="filenumid" column="filenumid" type="String" title="Filenumid" englishTitle="Filenumid" length="50" editable="true" displayType="0"/>
        <property name="slevel" column="slevel" type="String" title="Slevel" englishTitle="Slevel" length="30" editable="true" displayType="0"/>
        <property name="savetime" column="savetime" type="String" title="Savetime" englishTitle="Savetime" length="10" editable="true" displayType="0"/>
    </entity>
</mapping>
