
<mapping>
    <entity name="TreepInfoUser" package="com.glaf.isdp" moduleName="isdp" table="treepinfo_u" title="TreepInfoUser" englishTitle="TreepInfoUser">
        <id name="indexId" column="index_id" type="Integer" title="IndexId" englishTitle="IndexId" length="255"/>
        <property name="parentId" column="parent_id" type="Integer" title="ParentId" englishTitle="ParentId" length="255" editable="true" displayType="0"/>
        <property name="id" column="id" type="String" title="Id" englishTitle="Id" length="100" editable="true" displayType="0"/>
        <property name="num" column="num" type="String" title="Num" englishTitle="Num" length="50" editable="true" displayType="0"/>
        <property name="indexName" column="index_name" type="String" title="IndexName" englishTitle="IndexName" length="255" editable="true" displayType="0"/>
        <property name="nlevel" column="nlevel" type="Integer" title="Nlevel" englishTitle="Nlevel" length="255" editable="true" displayType="0"/>
        <property name="nodetype" column="nodetype" type="String" title="Nodetype" englishTitle="Nodetype" length="1" editable="true" displayType="0"/>
        <property name="fromid" column="fromid" type="Integer" title="Fromid" englishTitle="Fromid" length="255" editable="true" displayType="0"/>
        <property name="showid" column="showid" type="Integer" title="Showid" englishTitle="Showid" length="255" editable="true" displayType="0"/>
        <property name="projtype" column="projtype" type="String" title="Projtype" englishTitle="Projtype" length="1" editable="true" displayType="0"/>
        <property name="nodeico" column="nodeico" type="Integer" title="Nodeico" englishTitle="Nodeico" length="255" editable="true" displayType="0"/>
        <property name="listno" column="listno" type="Integer" title="Listno" englishTitle="Listno" length="255" editable="true" displayType="0"/>
        <property name="partId" column="part_id" type="Integer" title="PartId" englishTitle="PartId" length="255" editable="true" displayType="0"/>
        <property name="pfilesIndex" column="pfiles_index" type="Integer" title="PfilesIndex" englishTitle="PfilesIndex" length="255" editable="true" displayType="0"/>
        <property name="typeTablename" column="type_tablename" type="String" title="TypeTablename" englishTitle="TypeTablename" length="50" editable="true" displayType="0"/>
        <property name="strfileLocate" column="strfileLocate" type="String" title="StrfileLocate" englishTitle="StrfileLocate" length="50" editable="true" displayType="0"/>
    </entity>
</mapping>
