
<mapping>
    <entity name="Treewbs" package="com.glaf.isdp" moduleName="isdp" table="s_treewbs" title="Treewbs" englishTitle="Treewbs">
        <id name="indexId" column="index_id" type="Integer" title="IndexId" englishTitle="IndexId" length="255"/>
        <property name="parentId" column="parent_id" type="Integer" title="ParentId" englishTitle="ParentId" length="255" editable="true" displayType="0"/>
        <property name="id" column="id" type="String" title="Id" englishTitle="Id" length="100" editable="true" displayType="0"/>
        <property name="num" column="num" type="String" title="Num" englishTitle="Num" length="20" editable="true" displayType="0"/>
        <property name="indexName" column="index_name" type="String" title="IndexName" englishTitle="IndexName" length="255" editable="true" displayType="0"/>
        <property name="sindexName" column="sindex_name" type="String" title="SindexName" englishTitle="SindexName" length="255" editable="true" displayType="0"/>
        <property name="nlevel" column="nlevel" type="Integer" title="Nlevel" englishTitle="Nlevel" length="255" editable="true" displayType="0"/>
        <property name="content" column="content" type="String" title="Content" englishTitle="Content" length="255" editable="true" displayType="0"/>
        <property name="nodeico" column="nodeico" type="Integer" title="Nodeico" englishTitle="Nodeico" length="255" editable="true" displayType="0"/>
        <property name="listno" column="listno" type="Integer" title="Listno" englishTitle="Listno" length="255" editable="true" displayType="0"/>
        <property name="inttype" column="inttype" type="Integer" title="Inttype" englishTitle="Inttype" length="255" editable="true" displayType="0"/>
        <property name="pindexId" column="pindex_id" type="Integer" title="PindexId" englishTitle="PindexId" length="255" editable="true" displayType="0"/>
        <property name="typeTablename" column="type_tablename" type="String" title="TypeTablename" englishTitle="TypeTablename" length="50" editable="true" displayType="0"/>
        <property name="intusetname" column="intusetname" type="Integer" title="Intusetname" englishTitle="Intusetname" length="255" editable="true" displayType="0"/>
        <property name="intstartype" column="intstartype" type="Integer" title="Intstartype" englishTitle="Intstartype" length="255" editable="true" displayType="0"/>
        <property name="intstardelayday" column="intstardelayday" type="Integer" title="Intstardelayday" englishTitle="Intstardelayday" length="255" editable="true" displayType="0"/>
        <property name="intstartA" column="intstart_a" type="Integer" title="IntstartA" englishTitle="IntstartA" length="255" editable="true" displayType="0"/>
        <property name="intstartP" column="intstart_p" type="Integer" title="IntstartP" englishTitle="IntstartP" length="255" editable="true" displayType="0"/>
        <property name="intendA" column="intend_a" type="Integer" title="IntendA" englishTitle="IntendA" length="255" editable="true" displayType="0"/>
        <property name="intendP" column="intend_p" type="Integer" title="IntendP" englishTitle="IntendP" length="255" editable="true" displayType="0"/>
        <property name="intneednode" column="intneednode" type="Integer" title="Intneednode" englishTitle="Intneednode" length="255" editable="true" displayType="0"/>
        <property name="intusetnum" column="intusetnum" type="Integer" title="Intusetnum" englishTitle="Intusetnum" length="255" editable="true" displayType="0"/>
        <property name="domainIndex" column="domain_index" type="Integer" title="DomainIndex" englishTitle="DomainIndex" length="255" editable="true" displayType="0"/>
        <property name="strfileLocate" column="strfileLocate" type="String" title="StrfileLocate" englishTitle="StrfileLocate" length="50" editable="true" displayType="0"/>
        <property name="intnodetype" column="intnodetype" type="Integer" title="Intnodetype" englishTitle="Intnodetype" length="255" editable="true" displayType="0"/>
        <property name="intloadfile" column="intloadfile" type="Integer" title="Intloadfile" englishTitle="Intloadfile" length="255" editable="true" displayType="0"/>
        <property name="intorglevel" column="intorglevel" type="Integer" title="Intorglevel" englishTitle="Intorglevel" length="255" editable="true" displayType="0"/>
        <property name="uindexId" column="uindex_id" type="Integer" title="UindexId" englishTitle="UindexId" length="255" editable="true" displayType="0"/>
    </entity>
</mapping>
