
<mapping>
    <entity name="Treepname" package="com.glaf.isdp" moduleName="isdp" table="treepname" title="Treepname" englishTitle="Treepname">
        <id name="id" column="id" type="String" title="Id" englishTitle="Id" length="50"/>
        <property name="indexId" column="index_id" type="Integer" title="IndexId" englishTitle="IndexId" length="255" editable="true" displayType="0"/>
        <property name="parentId" column="parent_id" type="Integer" title="ParentId" englishTitle="ParentId" length="255" editable="true" displayType="0"/>
        <property name="num" column="num" type="String" title="Num" englishTitle="Num" length="50" editable="true" displayType="0"/>
        <property name="indexName" column="index_name" type="String" title="IndexName" englishTitle="IndexName" length="255" editable="true" displayType="0"/>
        <property name="nlevel" column="nlevel" type="Integer" title="Nlevel" englishTitle="Nlevel" length="255" editable="true" displayType="0"/>
        <property name="showid" column="showid" type="Integer" title="Showid" englishTitle="Showid" length="255" editable="true" displayType="0"/>
        <property name="ruleId" column="ruleId" type="String" title="RuleId" englishTitle="RuleId" length="50" editable="true" displayType="0"/>
        <property name="nodeico" column="nodeico" type="Integer" title="Nodeico" englishTitle="Nodeico" length="255" editable="true" displayType="0"/>
        <property name="fruleId" column="fruleId" type="String" title="FruleId" englishTitle="FruleId" length="50" editable="true" displayType="0"/>
        <property name="wcompany" column="wcompany" type="String" title="Wcompany" englishTitle="Wcompany" length="250" editable="true" displayType="0"/>
        <property name="listno" column="listno" type="Integer" title="Listno" englishTitle="Listno" length="255" editable="true" displayType="0"/>
        <property name="sysId" column="sys_id" type="String" title="SysId" englishTitle="SysId" length="50" editable="true" displayType="0"/>
        <property name="domainIndex" column="domain_index" type="Integer" title="DomainIndex" englishTitle="DomainIndex" length="255" editable="true" displayType="0"/>
    </entity>
</mapping>
