
<mapping>
    <entity name="Treevmain" package="com.glaf.isdp" moduleName="isdp" table="treevmain" title="Treevmain" englishTitle="Treevmain">
        <id name="indexId" column="index_id" type="Integer" title="IndexId" englishTitle="IndexId" length="255"/>
        <property name="parentId" column="parent_id" type="Integer" title="ParentId" englishTitle="ParentId" length="255" editable="true" displayType="0"/>
        <property name="id" column="ID" type="String" title="Id" englishTitle="Id" length="100" editable="true" displayType="0"/>
        <property name="indexName" column="index_name" type="String" title="IndexName" englishTitle="IndexName" length="255" editable="true" displayType="0"/>
        <property name="nlevel" column="nlevel" type="Integer" title="Nlevel" englishTitle="Nlevel" length="255" editable="true" displayType="0"/>
        <property name="num" column="num" type="String" title="Num" englishTitle="Num" length="50" editable="true" displayType="0"/>
        <property name="filenum" column="filenum" type="String" title="Filenum" englishTitle="Filenum" length="200" editable="true" displayType="0"/>
        <property name="content" column="content" type="String" title="Content" englishTitle="Content" length="200" editable="true" displayType="0"/>
        <property name="vflag" column="vflag" type="String" title="Vflag" englishTitle="Vflag" length="1" editable="true" displayType="0"/>
        <property name="sindexName" column="sindex_name" type="String" title="SindexName" englishTitle="SindexName" length="255" editable="true" displayType="0"/>
        <property name="ztype" column="ztype" type="Integer" title="Ztype" englishTitle="Ztype" length="255" editable="true" displayType="0"/>
        <property name="content2" column="content2" type="String" title="Content2" englishTitle="Content2" length="200" editable="true" displayType="0"/>
        <property name="topnode" column="topnode" type="String" title="Topnode" englishTitle="Topnode" length="250" editable="true" displayType="0"/>
        <property name="nodeico" column="nodeico" type="Integer" title="Nodeico" englishTitle="Nodeico" length="255" editable="true" displayType="0"/>
    </entity>
</mapping>
