
<mapping>
    <entity name="UserTask" package="com.glaf.isdp" moduleName="isdp" table="user_task" title="UserTask" englishTitle="UserTask">
        <id name="indexId" column="index_id" type="Integer" title="IndexId" englishTitle="IndexId" length="255"/>
        <property name="id" column="id" type="String" title="Id" englishTitle="Id" length="255" nullable="false" editable="true" displayType="0"/>
        <property name="parentId" column="parent_id" type="Integer" title="ParentId" englishTitle="ParentId" length="255" editable="true" displayType="0"/>
        <property name="actorId" column="actorId" type="String" title="ActorId" englishTitle="ActorId" length="50" editable="true" displayType="0"/>
        <property name="name" column="name" type="String" title="Name" englishTitle="Name" length="200" editable="true" displayType="0"/>
        <property name="indexName" column="index_name" type="String" title="IndexName" englishTitle="IndexName" length="200" editable="true" displayType="0"/>
        <property name="activityId" column="activityId" type="String" title="ActivityId" englishTitle="ActivityId" length="50" editable="true" displayType="0"/>
        <property name="startTime" column="startTime" type="Date" title="StartTime" englishTitle="StartTime" length="255" editable="true" displayType="0"/>
        <property name="endTime" column="endTime" type="Date" title="EndTime" englishTitle="EndTime" length="255" editable="true" displayType="0"/>
        <property name="state" column="state" type="Integer" title="State" englishTitle="State" length="255" editable="true" displayType="0"/>
        <property name="timelimit" column="timelimit" type="Integer" title="Timelimit" englishTitle="Timelimit" length="255" editable="true" displayType="0"/>
        <property name="lastModified" column="lastModified" type="Long" title="LastModified" englishTitle="LastModified" length="255" editable="true" displayType="0"/>
        <property name="listno" column="listno" type="Integer" title="Listno" englishTitle="Listno" length="255" editable="true" displayType="0"/>
        <property name="level" column="nlevel" type="Integer" title="Level" englishTitle="Level" length="255" editable="true" displayType="0"/>
    </entity>
</mapping>
