
<mapping>
    <entity name="UserInfo" package="com.glaf.isdp" moduleName="isdp" table="userinfo" title="UserInfo" englishTitle="UserInfo">
        <id name="actorId" column="userId" type="String" title="ActorId" englishTitle="ActorId" length="50"/>
        <property name="name" column="username" type="String" title="Name" englishTitle="Name" length="20" editable="true" displayType="0"/>
        <property name="password" column="password" type="String" title="Password" englishTitle="Password" length="10" editable="true" displayType="0"/>
        <property name="createDate" column="ctime" type="Date" title="CreateDate" englishTitle="CreateDate" length="255" editable="true" displayType="0"/>
        <property name="etime" column="etime" type="Date" title="Etime" englishTitle="Etime" length="255" editable="true" displayType="0"/>
        <property name="status" column="status" type="String" title="Status" englishTitle="Status" length="1" editable="true" displayType="0"/>
        <property name="isSystem" column="issystem" type="String" title="IsSystem" englishTitle="IsSystem" length="1" editable="true" displayType="0"/>
        <property name="setpruv" column="setpruv" type="String" title="Setpruv" englishTitle="Setpruv" length="1" editable="true" displayType="0"/>
        <property name="remark" column="note" type="String" title="Remark" englishTitle="Remark" length="50" editable="true" displayType="0"/>
        <property name="slevel" column="slevel" type="Integer" title="Slevel" englishTitle="Slevel" length="255" editable="true" displayType="0"/>
        <property name="isBind" column="isbind" type="String" title="IsBind" englishTitle="IsBind" length="1" editable="true" displayType="0"/>
        <property name="computerId" column="computerid" type="String" title="ComputerId" englishTitle="ComputerId" length="500" editable="true" displayType="0"/>
        <property name="mail" column="email" type="String" title="Mail" englishTitle="Mail" length="100" editable="true" displayType="0"/>
        <property name="mailUser" column="email_user" type="String" title="MailUser" englishTitle="MailUser" length="100" editable="true" displayType="0"/>
        <property name="mailPwd" column="email_psw" type="String" title="MailPwd" englishTitle="MailPwd" length="50" editable="true" displayType="0"/>
        <property name="mobile" column="mobile" type="String" title="Mobile" englishTitle="Mobile" length="15" editable="true" displayType="0"/>
        <property name="intRemote" column="intRemote" type="Integer" title="IntRemote" englishTitle="IntRemote" length="255" editable="true" displayType="0"/>
        <property name="domainIndex" column="domain_index" type="Integer" title="DomainIndex" englishTitle="DomainIndex" length="255" editable="true" displayType="0"/>
        <property name="intVirtual" column="intVirtual" type="Integer" title="IntVirtual" englishTitle="IntVirtual" length="255" editable="true" displayType="0"/>
        <property name="intallwbs" column="intallwbs" type="Integer" title="Intallwbs" englishTitle="Intallwbs" length="255" editable="true" displayType="0"/>
        <property name="loginIP" column="loginIP" type="String" title="LoginIP" englishTitle="LoginIP" length="255" editable="true" displayType="0"/>
        <property name="lastLoginDate" column="lastLoginDate" type="Date" title="LastLoginDate" englishTitle="LastLoginDate" length="255" editable="true" displayType="0"/>
        <property name="loginRetry" column="loginRetry" type="Integer" title="LoginRetry" englishTitle="LoginRetry" length="255" editable="true" displayType="0"/>
    </entity>
</mapping>
