
<mapping>
    <entity name="Volume" package="com.glaf.isdp" moduleName="isdp" table="volume" title="Volume" englishTitle="Volume">
        <id name="id" column="id" type="String" title="Id" englishTitle="Id" length="50"/>
        <property name="listno" column="listno" type="Integer" title="Listno" englishTitle="Listno" length="255" editable="true" displayType="0"/>
        <property name="oldid" column="oldid" type="String" title="Oldid" englishTitle="Oldid" length="50" editable="true" displayType="0"/>
        <property name="ruleID" column="ruleID" type="String" title="RuleID" englishTitle="RuleID" length="50" editable="true" displayType="0"/>
        <property name="ruleflag" column="ruleflag" type="String" title="Ruleflag" englishTitle="Ruleflag" length="1" editable="true" displayType="0"/>
        <property name="rulepid" column="rulepid" type="String" title="Rulepid" englishTitle="Rulepid" length="50" editable="true" displayType="0"/>
        <property name="vid" column="vid" type="String" title="Vid" englishTitle="Vid" length="50" editable="true" displayType="0"/>
        <property name="sumflag" column="sumflag" type="String" title="Sumflag" englishTitle="Sumflag" length="1" editable="true" displayType="0"/>
        <property name="topid" column="topid" type="Integer" title="Topid" englishTitle="Topid" length="255" editable="true" displayType="0"/>
        <property name="indexId" column="index_id" type="Integer" title="IndexId" englishTitle="IndexId" length="255" editable="true" displayType="0"/>
        <property name="projid" column="projid" type="Integer" title="Projid" englishTitle="Projid" length="255" editable="true" displayType="0"/>
        <property name="pid" column="pid" type="Integer" title="Pid" englishTitle="Pid" length="255" editable="true" displayType="0"/>
        <property name="pname" column="pname" type="String" title="Pname" englishTitle="Pname" length="200" editable="true" displayType="0"/>
        <property name="vflag" column="vflag" type="String" title="Vflag" englishTitle="Vflag" length="1" editable="true" displayType="0"/>
        <property name="vname" column="vname" type="String" title="Vname" englishTitle="Vname" length="200" editable="true" displayType="0"/>
        <property name="year" column="year" type="Integer" title="Year" englishTitle="Year" length="255" editable="true" displayType="0"/>
        <property name="glidenum" column="glidenum" type="String" title="Glidenum" englishTitle="Glidenum" length="20" editable="true" displayType="0"/>
        <property name="filingflag" column="filingflag" type="String" title="Filingflag" englishTitle="Filingflag" length="1" editable="true" displayType="0"/>
        <property name="checkupflag" column="checkupflag" type="String" title="Checkupflag" englishTitle="Checkupflag" length="1" editable="true" displayType="0"/>
        <property name="openflag" column="openflag" type="String" title="Openflag" englishTitle="Openflag" length="1" editable="true" displayType="0"/>
        <property name="finishflag" column="finishflag" type="String" title="Finishflag" englishTitle="Finishflag" length="1" editable="true" displayType="0"/>
        <property name="vtagnum" column="vtagnum" type="String" title="Vtagnum" englishTitle="Vtagnum" length="20" editable="true" displayType="0"/>
        <property name="vtype" column="vtype" type="String" title="Vtype" englishTitle="Vtype" length="50" editable="true" displayType="0"/>
        <property name="vnum" column="vnum" type="String" title="Vnum" englishTitle="Vnum" length="200" editable="true" displayType="0"/>
        <property name="vtmpnum" column="vtmpnum" type="String" title="Vtmpnum" englishTitle="Vtmpnum" length="100" editable="true" displayType="0"/>
        <property name="roomnum" column="roomnum" type="String" title="Roomnum" englishTitle="Roomnum" length="20" editable="true" displayType="0"/>
        <property name="zoonum" column="zoonum" type="String" title="Zoonum" englishTitle="Zoonum" length="20" editable="true" displayType="0"/>
        <property name="efilenum" column="efilenum" type="String" title="Efilenum" englishTitle="Efilenum" length="20" editable="true" displayType="0"/>
        <property name="boxnum" column="boxnum" type="String" title="Boxnum" englishTitle="Boxnum" length="20" editable="true" displayType="0"/>
        <property name="place" column="place" type="String" title="Place" englishTitle="Place" length="12" editable="true" displayType="0"/>
        <property name="tname" column="tname" type="String" title="Tname" englishTitle="Tname" length="100" editable="true" displayType="0"/>
        <property name="wcompany" column="wcompany" type="String" title="Wcompany" englishTitle="Wcompany" length="200" editable="true" displayType="0"/>
        <property name="wdate" column="wdate" type="Date" title="Wdate" englishTitle="Wdate" length="255" editable="true" displayType="0"/>
        <property name="carriertype" column="carriertype" type="String" title="Carriertype" englishTitle="Carriertype" length="50" editable="true" displayType="0"/>
        <property name="numunit" column="numunit" type="String" title="Numunit" englishTitle="Numunit" length="20" editable="true" displayType="0"/>
        <property name="spec" column="spec" type="String" title="Spec" englishTitle="Spec" length="20" editable="true" displayType="0"/>
        <property name="startday" column="startday" type="Date" title="Startday" englishTitle="Startday" length="255" editable="true" displayType="0"/>
        <property name="endday" column="endday" type="Date" title="Endday" englishTitle="Endday" length="255" editable="true" displayType="0"/>
        <property name="savetime" column="savetime" type="String" title="Savetime" englishTitle="Savetime" length="20" editable="true" displayType="0"/>
        <property name="slevel" column="slevel" type="String" title="Slevel" englishTitle="Slevel" length="20" editable="true" displayType="0"/>
        <property name="thematic" column="thematic" type="String" title="Thematic" englishTitle="Thematic" length="20" editable="true" displayType="0"/>
        <property name="annotations" column="annotations" type="String" title="Annotations" englishTitle="Annotations" length="100" editable="true" displayType="0"/>
        <property name="totalfile" column="totalfile" type="Integer" title="Totalfile" englishTitle="Totalfile" length="255" editable="true" displayType="0"/>
        <property name="totalpage" column="totalpage" type="Integer" title="Totalpage" englishTitle="Totalpage" length="255" editable="true" displayType="0"/>
        <property name="txtpage" column="txtpage" type="Integer" title="Txtpage" englishTitle="Txtpage" length="255" editable="true" displayType="0"/>
        <property name="picpage" column="picpage" type="Integer" title="Picpage" englishTitle="Picpage" length="255" editable="true" displayType="0"/>
        <property name="photopage" column="photopage" type="Integer" title="Photopage" englishTitle="Photopage" length="255" editable="true" displayType="0"/>
        <property name="cman" column="cman" type="String" title="Cman" englishTitle="Cman" length="20" editable="true" displayType="0"/>
        <property name="ctime" column="ctime" type="Date" title="Ctime" englishTitle="Ctime" length="255" editable="true" displayType="0"/>
        <property name="assessor" column="assessor" type="String" title="Assessor" englishTitle="Assessor" length="20" editable="true" displayType="0"/>
        <property name="atime" column="atime" type="Date" title="Atime" englishTitle="Atime" length="255" editable="true" displayType="0"/>
        <property name="content" column="content" type="String" title="Content" englishTitle="Content" length="100" editable="true" displayType="0"/>
        <property name="islocate" column="islocate" type="String" title="Islocate" englishTitle="Islocate" length="1" editable="true" displayType="0"/>
        <property name="topnode" column="topnode" type="String" title="Topnode" englishTitle="Topnode" length="150" editable="true" displayType="0"/>
        <property name="lcontent" column="lcontent" type="String" title="Lcontent" englishTitle="Lcontent" length="100" editable="true" displayType="0"/>
        <property name="lcompany" column="lcompany" type="String" title="Lcompany" englishTitle="Lcompany" length="100" editable="true" displayType="0"/>
        <property name="lman" column="lman" type="String" title="Lman" englishTitle="Lman" length="50" editable="true" displayType="0"/>
        <property name="llen" column="llen" type="String" title="Llen" englishTitle="Llen" length="50" editable="true" displayType="0"/>
        <property name="ldate" column="ldate" type="Date" title="Ldate" englishTitle="Ldate" length="255" editable="true" displayType="0"/>
        <property name="jconten" column="jconten" type="String" title="Jconten" englishTitle="Jconten" length="100" editable="true" displayType="0"/>
        <property name="jplace" column="jplace" type="String" title="Jplace" englishTitle="Jplace" length="100" editable="true" displayType="0"/>
        <property name="jman" column="jman" type="String" title="Jman" englishTitle="Jman" length="100" editable="true" displayType="0"/>
        <property name="jback" column="jback" type="String" title="Jback" englishTitle="Jback" length="100" editable="true" displayType="0"/>
        <property name="jactor" column="jactor" type="String" title="Jactor" englishTitle="Jactor" length="50" editable="true" displayType="0"/>
        <property name="tnum" column="tnum" type="String" title="Tnum" englishTitle="Tnum" length="50" editable="true" displayType="0"/>
        <property name="tzoom" column="tzoom" type="String" title="Tzoom" englishTitle="Tzoom" length="20" editable="true" displayType="0"/>
        <property name="tflag" column="tflag" type="String" title="Tflag" englishTitle="Tflag" length="30" editable="true" displayType="0"/>
        <property name="tdesigner" column="tdesigner" type="String" title="Tdesigner" englishTitle="Tdesigner" length="20" editable="true" displayType="0"/>
        <property name="tviewer" column="tviewer" type="String" title="Tviewer" englishTitle="Tviewer" length="100" editable="true" displayType="0"/>
        <property name="tassessor" column="tassessor" type="String" title="Tassessor" englishTitle="Tassessor" length="20" editable="true" displayType="0"/>
        <property name="tvision" column="tvision" type="String" title="Tvision" englishTitle="Tvision" length="50" editable="true" displayType="0"/>
        <property name="finishday" column="finishday" type="Date" title="Finishday" englishTitle="Finishday" length="255" editable="true" displayType="0"/>
    </entity>
</mapping>
