﻿<?xml version="1.0" encoding="UTF-8"?>
<process-definition xmlns="urn:jbpm.org:jpdl-3.2"
	name="BudgetCancelProcess">
	<description>预算取消审批流程</description>
	<swimlane name="starter">
		<assignment class="com.glaf.jbpm.assignment.GeneralAssignment">
		</assignment>
	</swimlane>
	<swimlane name="submiter">
		<assignment
			class="com.glaf.jbpm.assignment.ProcessStarterAssignment">
		</assignment>
	</swimlane>
	<action name="create_task02"
		class="com.glaf.jbpm.action.SqlMapTaskInstanceAction">
		<leaveNodeIfActorNotAvailable>
			true
		</leaveNodeIfActorNotAvailable>
		<taskName>task02</taskName>
		<queryId>getXYDeptRoleUsers</queryId>
		<roleId> GHYSGLY</roleId>
		<deptId>#P{deptId01}</deptId>
	</action>
	<action name="create_task03"
		class="com.glaf.jbpm.action.SqlMapTaskInstanceAction">
		<leaveNodeIfActorNotAvailable>
			true
		</leaveNodeIfActorNotAvailable>
		<taskName>task03</taskName>
		<queryId>getXYDeptRoleUsers</queryId>
		<roleId> CWYSGLY </roleId>
		<deptId>#P{deptId02}</deptId>
	</action>
	<action name="xyz_1000" class="com.glaf.jbpm.action.SQLAction">
		<sql>
			UPDATE ${tableName}
			SET sCancelProcessName = 'BudgetCancelProcess',
			sCancelProcessInstId = ?, ISTATUS
			= 80, iCanceBmpStatus = 1000 WHERE IID =
		</sql>
		<elements element-type="org.dom4j.Element">
			<element value-type="java.lang.String">
				<key>processInstanceId</key>
				<value>#{processInstanceId}</value>
			</element>
			<element value-type="java.lang.String">
				<key>rowId</key>
				<value>#{rowId}</value>
			</element>
		</elements>
	</action>
	<action name="xyz_1050" class="com.glaf.jbpm.action.SQLAction">
		<sql>
			UPDATE ${tableName}
			SET ISTATUS= 80, iCanceBmpStatus
			= 1000 WHERE IID = ?
		</sql>
		<elements element-type="org.dom4j.Element">
			<element value-type="java.lang.String">
				<key>rowId</key>
				<value>#{rowId}</value>
			</element>
		</elements>
	</action>
	<action name="xyz_1002" class="com.glaf.jbpm.action.SQLAction">
		<sql>
			UPDATE ${tableName} SET
			ISTATUS = 75, iCanceBmpStatus
			= 1004
			WHERE IID = ?
		</sql>
		<elements element-type="org.dom4j.Element">
			<element value-type="java.lang.String">
				<key>rowId</key>
				<value>#{rowId}</value>
			</element>
		</elements>
	</action>
	<action name="xyz_5555" class="com.glaf.jbpm.action.SQLAction">
		<sql>
			UPDATE ${tableName} SET
			ISTATUS = 80, iCanceBmpStatus
			= -5555
			WHERE IID = ?
		</sql>
		<elements element-type="org.dom4j.Element">
			<element value-type="java.lang.String">
				<key>rowId</key>
				<value>#{rowId}</value>
			</element>
		</elements>
	</action>


	<action name="xyz_9999" class="com.glaf.jbpm.action.SQLAction">
		<sql>
			UPDATE ${tableName} SET
			ISTATUS = 30, iCanceBmpStatus = 9999
			WHERE IID = ?
		</sql>
		<elements element-type="org.dom4j.Element">
			<element value-type="java.lang.String">
				<key>rowId</key>
				<value>#{rowId}</value>
			</element>
		</elements>
	</action>
    <action name="ApproveAction"
		class="com.glaf.jbpm.action.ApproveAction">
	</action>
	<start-state name="启动流程">
		<task name="task0" description="启动流程" swimlane="starter">
			<event type="task-create">
				<action ref-name="xyz_1000" />
			</event>
		</task>
		<transition to="规划预算管理员审核" name="提交"></transition>
	</start-state>


	<task-node name="重新修改">
		<event type="node-enter">
			<action ref-name="xyz_5555" />
		</event>
		<transition to="规划预算管理员审核" name="重新提交"></transition>
		<task name="task555" description="重新修改" swimlane="submiter">
		</task>
	</task-node>
	<task-node name="规划预算管理员审核" create-tasks="false" end-tasks="true"
		signal="first">
		<event type="node-enter">
			<action ref-name="create_task02" />
			<action ref-name="xyz_1050" />
		</event>
		<event type="node-leave">
			<action ref-name="ApproveAction" />
		</event>
		<transition to="是否通过？" name="判断"></transition>
		<task name="task02" description="规划预算管理员审核">
		</task>
	</task-node>
	<decision name="是否通过？">
		<transition to="重新修改" name="不通过"></transition>
		<transition to="财务预算管理员审核" name="to 财务预算管理员审核">
			<condition expression="#{isAgree eq 'true'}" />
		</transition>
	</decision>

	<task-node name="财务预算管理员审核" create-tasks="false" end-tasks="true"
		signal="first">
		<event type="node-enter">
		    <action ref-name="create_task03" />
			<action ref-name="xyz_1002" />
		</event>
		<event type="node-leave">
			<action ref-name="ApproveAction" />
		</event>
		<transition to="是否生效？" name="to 是否通过？"></transition>
		<task name="task03" description="财务预算管理员审核">
		</task>
	</task-node>

	<decision name="是否生效？">
		<transition to="重新修改" name="否"></transition>
		<transition to="完成" name="to 完成">
		   <condition expression="#{isAgree eq 'true'}" />
		</transition>
	</decision>
	<end-state name="完成">
		<event type="node-enter">
			<action ref-name="xyz_9999" />
		</event>
	</end-state>
</process-definition>