<?xml version="1.0" encoding="GBK"?>
<beans xmlns="http://www.springframework.org/schema/beans"
	xmlns:xsi="http://www.w3.org/2001/XMLSchema-instance" xmlns:p="http://www.springframework.org/schema/p"
	xmlns:context="http://www.springframework.org/schema/context"
	xmlns:jee="http://www.springframework.org/schema/jee" xmlns:tx="http://www.springframework.org/schema/tx"
	xsi:schemaLocation="
			http://www.springframework.org/schema/beans http://www.springframework.org/schema/beans/spring-beans-3.0.xsd
			http://www.springframework.org/schema/context http://www.springframework.org/schema/context/spring-context-3.0.xsd
			http://www.springframework.org/schema/jee http://www.springframework.org/schema/jee/spring-jee-3.0.xsd
			http://www.springframework.org/schema/tx http://www.springframework.org/schema/tx/spring-tx-3.0.xsd">

	<bean id="rsMap" class="com.gzgi.generator.mybatis3.ResultMapDataCmd" />

	<bean id="insert" class="com.gzgi.generator.mybatis3.InsertDataCmd" />

	<bean id="update" class="com.gzgi.generator.mybatis3.UpdateDataCmd" />

	<bean id="delete" class="com.gzgi.generator.mybatis3.DeleteDataCmd" />

	<bean id="dynaSql" class="com.gzgi.generator.mybatis3.DynamicSqlDataCmd" />

	<bean id="selectById" class="com.gzgi.generator.mybatis3.SelectDataByIdCmd" />

	<bean id="select" class="com.gzgi.generator.mybatis3.SelectDataCmd" />

	<bean id="count" class="com.gzgi.generator.mybatis3.CountDataCmd" />

</beans>