<?xml version="1.0" encoding="GBK"?>
<beans xmlns="http://www.springframework.org/schema/beans"
	xmlns:xsi="http://www.w3.org/2001/XMLSchema-instance"
	xmlns:context="http://www.springframework.org/schema/context"
	xsi:schemaLocation="
	http://www.springframework.org/schema/beans http://www.springframework.org/schema/beans/spring-beans-3.0.xsd
	http://www.springframework.org/schema/context http://www.springframework.org/schema/context/spring-context-3.0.xsd">

	<bean id="osCache"
		class="com.glaf.core.cache.oscache.OSCacheClientFactoryBean">
		<property name="properties">
			<props>
				<prop key="cache.capacity">2000</prop>
			</props>
		</property>
	</bean>

	<bean id="cache" class="com.glaf.core.cache.oscache.OSCacheImpl">
		<property name="cacheProvider" ref="osCache" />
	</bean>

</beans>